,TC-APP-001,TC-ArticoloFragment-001,TC-ArticoloFragment-002,TC-ArticoloFragment-003,TC-ArticoloFragment-004,TC-ArticoloFragment-005,TC-ArticoloFragment-006,TC-ArticoloFragment-007,TC-ArticoloFragment-008,TC-ArticoloFragment-009,TC-ArticoloFragment-010,TC-LoginActivity-001,TC-LoginActivity-002,TC-LoginActivity-003,TC-LoginActivity-004,TC-LoginActivity-005,TC-MainActivity-001,TC-MainActivity-002,TC-MainActivity-003,TC-OffriFragment-001,TC-OffriFragment-002,TC-Post-001,TC-Post-002,TC-Post-003,TC-Post-004,TC-Post-005,TC-Post-006,TC-Post-007,TC-Post-008,TC-Post-009,TC-Post-010,TC-Post-011,TC-Post-012,TC-Post-013,TC-Post-014,TC-RegisterActivity-001,TC-RegisterActivity-002,TC-RegisterActivity-003,TC-RegisterActivity-004,TC-RegisterActivity-005,TC-RegisterActivity-006,TC-RegisterActivity-007,TC-RegisterActivity-008,TC-RegisterActivity-009,TC-RegisterActivity-010,TC-RichiediFragment-001,TC-RichiediFragment-002,TC-RichiediFragment-003,TC-RichiediFragment-004,TC-RichiediFragment-005,TC-Users-001,TC-Users-002,TC-Users-003,TC-Users-004,TC-Users-005,TC-Users-006,TC-Users-007,TC-Users-008,TC-Users-009,TC-Users-010,TC-navigation_add-001,TC-navigation_add-002,`TC-navigation_home-001`,`TC-navigation_home-001`,`TC-navigation_home-002`,`TC-navigation_home-002`,`TC-navigation_home-003`,`TC-navigation_home-003`,`TC-navigation_home-004`,`TC-navigation_home-004`,`TC-navigation_home-005`,`TC-navigation_home-005`,`TC-navigation_home-006`,`TC-navigation_home-006`,`TC-navigation_home-007`,`TC-navigation_home-007`,`TC-navigation_home-008`,`TC-navigation_home-008`,`TC-navigation_home-009`,`TC-navigation_home-009`,TC-navigation_profile-001,TC-navigation_profile-002,TC-navigation_profile-003,TC-navigation_profile-004,TC-navigation_profile-005,TC-navigation_profile-006,TC-navigation_profile-007,TC-navigation_profile-008,TC-navigation_profile-009,TC-navigation_profile-010,navigation_saved_constructor,newInstance_with_parameters,onCreate_with_null_arguments,onCreate_with_non_null_arguments,onCreateView_with_inflater_container_savedInstanceState,TC-SERV-001,TC-SERV-002,TC-SERV-003,TC-SERV-004,TC-SERV-005,TC-ExampleUnitTest-1,TC-APP-001,TC-ArticoloFragment-001,TC-ArticoloFragment-002,TC-ArticoloFragment-003,TC-ArticoloFragment-004,TC-ArticoloFragment-005,TC-ArticoloFragment-006,TC-ArticoloFragment-007,TC-ArticoloFragment-008,TC-ArticoloFragment-009,TC-ArticoloFragment-010,TC-LoginActivity-001,TC-LoginActivity-002,TC-LoginActivity-003,TC-LoginActivity-004,TC-LoginActivity-005,TC-MainActivity-001,TC-MainActivity-002,TC-MainActivity-003,TC-OffriFragment-001,TC-OffriFragment-002,TC-Post-001,TC-Post-002,TC-Post-003,TC-Post-004,TC-Post-005,TC-Post-006,TC-Post-007,TC-Post-008,TC-Post-009,TC-Post-010,TC-Post-011,TC-Post-012,TC-Post-013,TC-Post-014,TC-RegisterActivity-001,TC-RegisterActivity-002,TC-RegisterActivity-003,TC-RegisterActivity-004,TC-RegisterActivity-005,TC-RegisterActivity-006,TC-RegisterActivity-007,TC-RegisterActivity-008,TC-RegisterActivity-009,TC-RegisterActivity-010,TC-RichiediFragment-001,TC-RichiediFragment-002,TC-RichiediFragment-003,TC-RichiediFragment-004,TC-RichiediFragment-005,TC-Users-001,TC-Users-002,TC-Users-003,TC-Users-004,TC-Users-005,TC-Users-006,TC-Users-007,TC-Users-008,TC-Users-009,TC-Users-010,TC-navigation_add-001,TC-navigation_add-002,`TC-navigation_home-001`,`TC-navigation_home-001`,`TC-navigation_home-002`,`TC-navigation_home-002`,`TC-navigation_home-003`,`TC-navigation_home-003`,`TC-navigation_home-004`,`TC-navigation_home-004`,`TC-navigation_home-005`,`TC-navigation_home-005`,`TC-navigation_home-006`,`TC-navigation_home-006`,`TC-navigation_home-007`,`TC-navigation_home-007`,`TC-navigation_home-008`,`TC-navigation_home-008`,`TC-navigation_home-009`,`TC-navigation_home-009`,TC-navigation_profile-001,TC-navigation_profile-002,TC-navigation_profile-003,TC-navigation_profile-004,TC-navigation_profile-005,TC-navigation_profile-006,TC-navigation_profile-007,TC-navigation_profile-008,TC-navigation_profile-009,TC-navigation_profile-010,navigation_saved_constructor,newInstance_with_parameters,onCreate_with_null_arguments,onCreate_with_non_null_arguments,onCreateView_with_inflater_container_savedInstanceState,TC-SERV-001,TC-SERV-002,TC-SERV-003,TC-SERV-004,TC-SERV-005,TC-ExampleUnitTest-1
TC-MainProgram-001,0.76083493,0.7444945,0.7391392,0.7131473,0.70011955,0.6923207,0.69553494,0.68909127,0.6964332,0.6989808,0.700156,0.7324791,0.7443658,0.7416389,0.7603253,0.7461943,0.79318887,0.7544271,0.7454059,0.7233165,0.71562505,0.74948275,0.727432,0.73216015,0.7186993,0.7735063,0.76451874,0.76753616,0.75501794,0.75165296,0.7438351,0.7634172,0.74784946,0.7405498,0.7397119,0.72525376,0.7090564,0.69180715,0.6966099,0.7366836,0.7115153,0.7116683,0.6979778,0.72694325,0.70588696,0.68531024,0.677632,0.6726779,0.6833895,0.67410314,0.7647304,0.76294506,0.76811725,0.76965815,0.77783287,0.77640676,0.73371077,0.7297683,0.765087,0.7755885,0.73072714,0.7357388,0.85051775,0.7395166,0.84652984,0.7427813,0.846259,0.7493143,0.84818137,0.7361394,0.84584016,0.7261812,0.8453242,0.7354116,0.84632754,0.73465824,0.8475816,0.7407489,0.84597874,0.80096364,0.7713678,0.76545656,0.7588376,0.7774453,0.7369435,0.7571196,0.76788056,0.7428297,0.75294405,0.7709763,0.7500285,0.7680273,0.73077387,0.75294703,0.7326792,0.70860386,0.6752686,0.7019887,0.6825118,0.68632567,0.79268265,0.7596078,0.7415957,0.73721224,0.7106149,0.69818515,0.69030935,0.69247776,0.68744344,0.6942759,0.69653004,0.6975735,0.7323014,0.744,0.7424954,0.7600664,0.7473303,0.79020774,0.7551723,0.74339914,0.7219229,0.7128887,0.7478311,0.72555053,0.7315514,0.7198628,0.7721032,0.7638934,0.76491904,0.7543788,0.7527834,0.7457585,0.76379216,0.74928313,0.74079525,0.73973674,0.7243457,0.7076826,0.69088167,0.69812053,0.73720694,0.7123608,0.7101765,0.6982441,0.728377,0.70531225,0.6867354,0.6780546,0.67265064,0.6826935,0.67174685,0.7623361,0.7600605,0.7681219,0.7669642,0.7759036,0.7724793,0.7333492,0.72731215,0.76323116,0.7742241,0.729162,0.735952,0.843016,0.73828137,0.83935255,0.74107736,0.83851874,0.7505944,0.8403127,0.73701143,0.8376092,0.7261812,0.837284,0.73085976,0.83968365,0.7349932,0.8400831,0.739435,0.83791876,0.793248,0.77027184,0.76372594,0.75672156,0.774152,0.7345262,0.75478625,0.76594424,0.74037194,0.7507734,0.7697295,0.74821997,0.76419586,0.7280445,0.75160706,0.7316791,0.70907736,0.6740999,0.7006297,0.68189096,0.6861778,0.7906706
TC-Utenti-001,0.782165,0.7855308,0.76987314,0.7569306,0.7400218,0.73901033,0.741852,0.7521475,0.7433881,0.74079376,0.74343085,0.84262866,0.82263947,0.82140434,0.8021141,0.81060916,0.7960437,0.7659845,0.756085,0.76163375,0.767644,0.7833824,0.7670367,0.7751463,0.75920033,0.75917494,0.751146,0.77341247,0.7676507,0.7775857,0.76810706,0.758531,0.7414638,0.7555361,0.75162065,0.83825696,0.8153044,0.79266566,0.81767577,0.8107766,0.7841763,0.7928108,0.79679716,0.811028,0.7914065,0.7850246,0.75331086,0.74946773,0.7993212,0.7840501,0.8689364,0.86817497,0.8524841,0.84790397,0.83231187,0.8233881,0.8393751,0.8351009,0.8382962,0.83688104,0.7837921,0.7610259,0.8150306,0.7678876,0.8122207,0.7666594,0.8129425,0.76665306,0.81284,0.75459623,0.8112095,0.75339913,0.8128652,0.74381316,0.81196916,0.7393071,0.81281674,0.7497883,0.81443167,0.78106445,0.79278004,0.7874906,0.7906522,0.7865754,0.7622421,0.7685549,0.77304304,0.75347614,0.75880533,0.7659606,0.7927389,0.8032289,0.7541111,0.7860812,0.7639034,0.81254756,0.7867401,0.78038937,0.7750795,0.7837987,0.80114174,0.78042024,0.7836279,0.76912725,0.7533467,0.73715836,0.7361504,0.73788923,0.7496836,0.74054015,0.7378911,0.7402934,0.8424907,0.8197211,0.82168937,0.80011547,0.8094913,0.7934176,0.7655457,0.75427294,0.7601083,0.7641072,0.782062,0.7637471,0.77305794,0.76021796,0.7571796,0.75097334,0.7712518,0.7669209,0.777269,0.7681174,0.7584771,0.7426539,0.7549813,0.7520868,0.8368578,0.81387186,0.78898925,0.817961,0.8088805,0.7839289,0.78858596,0.7944858,0.8107569,0.79055774,0.7871677,0.75401837,0.74957764,0.7985225,0.7820388,0.8660488,0.8651018,0.8519378,0.8442242,0.82988584,0.819197,0.83881915,0.8317015,0.83626354,0.8339429,0.78242725,0.76085126,0.8087655,0.76650727,0.8049245,0.7642834,0.8052231,0.7672646,0.8053105,0.75437224,0.80339915,0.75339913,0.8052071,0.73939794,0.8051812,0.739058,0.8054715,0.7486464,0.80680984,0.77306354,0.7918817,0.786012,0.7897533,0.7837113,0.76097536,0.76644343,0.7713813,0.7536868,0.7573185,0.765159,0.7903869,0.79895574,0.7510318,0.7826326,0.7618114,0.8120024,0.78591716,0.77945346,0.77303654,0.78233546,0.79957545
TC-Oggetti-001,0.8002646,0.8208766,0.80179596,0.77548236,0.7623879,0.7586154,0.76334107,0.76306546,0.7635274,0.7630711,0.765701,0.8171226,0.7901098,0.78975326,0.77699053,0.7827401,0.8223411,0.78316957,0.7839272,0.7969787,0.783265,0.79755414,0.7796198,0.7805419,0.7628912,0.78771716,0.7755245,0.80101854,0.79456115,0.785462,0.7755482,0.7765633,0.7588721,0.77844965,0.77567625,0.81335115,0.7904574,0.76360416,0.7871567,0.7781849,0.7581277,0.7611807,0.76317424,0.78901184,0.77256507,0.7639981,0.77396417,0.77053666,0.77239406,0.7652452,0.83692783,0.8345338,0.81914175,0.820712,0.8280779,0.82089055,0.83302754,0.8225198,0.80481374,0.8073353,0.78966683,0.7822092,0.82422644,0.780615,0.8200188,0.7880045,0.8206445,0.7908061,0.82012725,0.76661026,0.81954527,0.77107257,0.82140356,0.763952,0.81930447,0.759745,0.8202557,0.7678096,0.8219578,0.7988466,0.81031036,0.806281,0.796404,0.7998878,0.7688722,0.78151,0.7815645,0.7581475,0.77195007,0.784641,0.80980444,0.81393677,0.7771719,0.8035066,0.7979131,0.8171044,0.79340124,0.79203176,0.79275507,0.79596454,0.8063078,0.8023867,0.8215096,0.8042021,0.77389765,0.76071763,0.75723207,0.7602819,0.761569,0.762023,0.76135945,0.7636023,0.8189031,0.7915759,0.7933111,0.7789644,0.7852868,0.8225174,0.7853115,0.7844143,0.7975273,0.78165203,0.8009549,0.78018355,0.7825458,0.7681711,0.78930247,0.7793264,0.80349153,0.79805946,0.7903142,0.7806858,0.7795219,0.7637671,0.7815863,0.7805885,0.81418264,0.79148686,0.76366115,0.790021,0.78144777,0.7611098,0.76204383,0.7656405,0.7922543,0.77582157,0.76708674,0.7749103,0.77098644,0.77185345,0.7635556,0.8395628,0.8378286,0.8226403,0.82127535,0.82959545,0.82108945,0.8367649,0.82372767,0.8072815,0.8098453,0.78895265,0.78328323,0.82311153,0.7807989,0.8186282,0.7863574,0.8190136,0.79237735,0.8189415,0.7667315,0.81780964,0.77107257,0.81992745,0.7598455,0.8179569,0.76035297,0.8190856,0.7681986,0.8204028,0.7954234,0.8110192,0.8069482,0.7981019,0.79877794,0.76965046,0.78160155,0.78218335,0.7602303,0.77238476,0.7858536,0.80987644,0.811628,0.77635705,0.80212194,0.7970153,0.8185446,0.7935861,0.7917931,0.793059,0.79681826,0.8075793
TC-Login-001,0.8067821,0.7912503,0.7861097,0.7808439,0.7683027,0.7618351,0.7698097,0.75812757,0.7665555,0.7681682,0.76961637,0.8670384,0.884568,0.85779274,0.84845495,0.8481646,0.813178,0.77408725,0.77448183,0.7793688,0.7711436,0.77454937,0.75918573,0.7752484,0.75104207,0.77708364,0.75718236,0.7913003,0.7768935,0.7905402,0.77594405,0.7737226,0.74811214,0.76746804,0.7558916,0.84997725,0.8122622,0.8329766,0.8410872,0.87297535,0.82470953,0.8662716,0.8519875,0.8136449,0.79880667,0.7659448,0.733661,0.7281554,0.7675477,0.76429385,0.85855687,0.85001206,0.8300464,0.82495004,0.83200353,0.8216159,0.79397887,0.80695057,0.89142203,0.88899004,0.7928716,0.7876948,0.8485998,0.764465,0.8461591,0.7644074,0.84664917,0.7741453,0.8468157,0.76052916,0.8458766,0.749225,0.84726393,0.7564697,0.8491243,0.75034624,0.84665084,0.75825834,0.8472057,0.81512916,0.8043629,0.79502225,0.8109778,0.81362695,0.77340406,0.7753269,0.79091835,0.7626547,0.7702386,0.797495,0.79511565,0.7971259,0.762821,0.7885583,0.7734698,0.79584026,0.7725644,0.7633279,0.7640488,0.7701602,0.8129078,0.8052872,0.78980494,0.78627455,0.7785752,0.7668404,0.76049834,0.76735485,0.7565036,0.76508033,0.76655436,0.7676918,0.86761594,0.88151395,0.8586565,0.84726816,0.8478292,0.8116451,0.77554077,0.77355534,0.7788189,0.76835835,0.7740212,0.7573186,0.7752505,0.7537427,0.7768482,0.75857544,0.7906959,0.77782637,0.79266477,0.77834374,0.77519387,0.75084734,0.76836467,0.7574656,0.8495585,0.81149185,0.82999337,0.8419311,0.87137556,0.824708,0.8614812,0.84974456,0.8146686,0.7984623,0.7694729,0.7351254,0.72906345,0.76707494,0.7627896,0.8564782,0.84778357,0.8298689,0.8226854,0.8304421,0.81911945,0.79366106,0.80348647,0.88998604,0.88770473,0.79176605,0.78778124,0.845379,0.7625629,0.8423776,0.7620817,0.84229624,0.77538145,0.8424288,0.7611077,0.84117746,0.749225,0.8428112,0.75223076,0.8455677,0.7506906,0.84256357,0.7578689,0.84276485,0.8104643,0.80438185,0.7947035,0.81081736,0.81180257,0.77263093,0.7744525,0.7902785,0.76312023,0.7699343,0.79743385,0.79323494,0.793321,0.7603288,0.78633964,0.77219915,0.795912,0.7718463,0.7625117,0.7625271,0.76933753,0.81341904
TC-Login-002,0.7850962,0.77358615,0.7748783,0.7621082,0.7388637,0.7327,0.74209696,0.7309345,0.73779744,0.73862195,0.73940605,0.8386619,0.8645541,0.83338565,0.8231514,0.82511675,0.796243,0.7673376,0.8070644,0.75287396,0.74285436,0.7487575,0.73989815,0.74336004,0.72166944,0.7528959,0.7368165,0.75721467,0.7451688,0.769029,0.75483924,0.74691665,0.72430474,0.73928475,0.72914344,0.8162707,0.8035606,0.82320166,0.8450228,0.84597814,0.8261709,0.875517,0.86756957,0.7905903,0.8145034,0.741729,0.7210633,0.71402854,0.7437032,0.75696504,0.8139372,0.81395423,0.79429287,0.7943547,0.78959966,0.7858075,0.7595696,0.77751863,0.84850395,0.85372496,0.7636863,0.7589944,0.8260905,0.7521972,0.8263439,0.752697,0.82552624,0.7609108,0.8250008,0.74301136,0.82437617,0.7336779,0.82594293,0.73848146,0.8267795,0.74037516,0.82505083,0.73648626,0.8249278,0.79797137,0.77464235,0.7656936,0.7789002,0.7792925,0.7441411,0.7463205,0.7577522,0.7387545,0.73636925,0.7706076,0.7799996,0.7738246,0.7660313,0.77450335,0.76687783,0.76800615,0.79610133,0.75299287,0.7740903,0.78492653,0.80434,0.783928,0.77204186,0.7749202,0.75997615,0.7371135,0.7311727,0.73969823,0.7290489,0.7361359,0.7367492,0.7373229,0.8387173,0.8617079,0.8343297,0.8222816,0.82466006,0.7951605,0.7693167,0.80631,0.7527772,0.74106485,0.74870956,0.73884314,0.7437485,0.7242445,0.75289494,0.73806787,0.7569021,0.7462416,0.7709728,0.7573323,0.74837816,0.72661906,0.74022514,0.7305594,0.8159064,0.8035151,0.82066214,0.8460239,0.8449328,0.82601273,0.8713286,0.8657241,0.7915934,0.8142082,0.74505013,0.7226733,0.7150191,0.7433455,0.7558271,0.81222326,0.81278276,0.794379,0.7927312,0.78860295,0.7842778,0.75935924,0.7748897,0.8473612,0.85311824,0.76273715,0.75947046,0.82408845,0.74978185,0.8238079,0.7505313,0.82234144,0.76189715,0.82195723,0.7432489,0.82095087,0.7336779,0.8225912,0.7341826,0.82427895,0.7408217,0.8221888,0.7363388,0.82166964,0.79449093,0.7746832,0.76567084,0.77956545,0.7775619,0.7439001,0.7458428,0.7575996,0.73944783,0.73656535,0.7708844,0.7787167,0.7711557,0.76477563,0.7730298,0.76554656,0.7684672,0.79626507,0.75286996,0.7732257,0.7846164,0.8052705
TC-InserimentoInput-001,0.78607726,0.80053365,0.7990724,0.7925049,0.78623044,0.78182673,0.78539,0.781718,0.7810809,0.78645396,0.7874247,0.78213334,0.7922085,0.7877286,0.78313303,0.7796099,0.78128326,0.7562392,0.7520138,0.8034014,0.7935515,0.75938547,0.74308085,0.7598791,0.7340234,0.7702966,0.74841994,0.7784895,0.76377505,0.7819959,0.7653725,0.77749246,0.7566878,0.76470196,0.7542995,0.7795751,0.77097166,0.75094527,0.7679301,0.7813881,0.76455235,0.77090627,0.7649249,0.7822174,0.76535213,0.7730268,0.7883493,0.7877077,0.77733725,0.76730597,0.807577,0.7957089,0.7981567,0.7880634,0.80006325,0.7842676,0.8208126,0.8108631,0.7965554,0.7892704,0.7919338,0.78409487,0.80551064,0.75725186,0.8041691,0.7617121,0.80454504,0.76776,0.80404156,0.75218606,0.8038482,0.7617369,0.804945,0.7515309,0.80425,0.7479522,0.80495524,0.75626266,0.80588734,0.7868827,0.7815091,0.77984023,0.7867941,0.7926439,0.75430393,0.76916766,0.76860404,0.75131273,0.7610874,0.7760738,0.78442675,0.7869206,0.7481702,0.76935923,0.78398395,0.81176746,0.7922894,0.781032,0.7890805,0.7983608,0.78960955,0.7943763,0.8060359,0.8053646,0.79386395,0.78676385,0.7825753,0.7842548,0.7817116,0.78207934,0.78695726,0.78750926,0.7888081,0.79719824,0.7951605,0.78953373,0.7859354,0.7859818,0.7631935,0.7560749,0.8061581,0.7938696,0.76918125,0.7482765,0.7670231,0.74426913,0.7762089,0.75669706,0.785707,0.7718928,0.7913497,0.7749513,0.78501076,0.7659507,0.7733584,0.76442206,0.7841084,0.77641124,0.7555038,0.7740768,0.7883496,0.7706377,0.77690524,0.7725708,0.7900059,0.7735162,0.7773422,0.7897904,0.78888774,0.7778766,0.7669662,0.816177,0.8045242,0.80638516,0.7942416,0.8061733,0.7892691,0.82887626,0.81676817,0.8038985,0.7976508,0.79202735,0.7863649,0.81181145,0.75817317,0.8098679,0.7605276,0.80988747,0.77047795,0.80962026,0.75295424,0.808936,0.7617369,0.81032395,0.7496216,0.80955684,0.74965787,0.81055605,0.7586609,0.81120056,0.7900807,0.7864666,0.78478134,0.7924472,0.79595435,0.75960225,0.77354777,0.7735261,0.7573598,0.7654611,0.78171,0.7871696,0.7871535,0.75182515,0.7712018,0.7851259,0.8149995,0.7937286,0.7824138,0.79159427,0.80147266,0.79531634
TC-InserimentoInput-002,0.7506684,0.76835084,0.772236,0.766229,0.7562977,0.7519468,0.75535583,0.7548094,0.7520472,0.75574857,0.7553905,0.754889,0.7736235,0.7665218,0.7653764,0.75596976,0.766093,0.7499396,0.7945675,0.75670415,0.74326247,0.73254323,0.7224061,0.728765,0.7083511,0.7369336,0.7220648,0.74192077,0.7329383,0.7687305,0.75592494,0.75431263,0.7382305,0.73358047,0.72584605,0.7478655,0.7698263,0.7481064,0.78311795,0.75414485,0.77001846,0.77917427,0.78839344,0.7617853,0.78957623,0.7531525,0.7676503,0.7678708,0.75557256,0.760927,0.76779103,0.765164,0.7701926,0.7665157,0.76018465,0.75352705,0.76912856,0.7682108,0.76183426,0.7638455,0.7544356,0.73695636,0.7747433,0.7356396,0.77555656,0.74296117,0.77607965,0.7531272,0.7751346,0.74085,0.77484286,0.7367908,0.7761495,0.7307251,0.77323157,0.73568696,0.77649796,0.72824806,0.7755904,0.75900257,0.7397121,0.7406144,0.7501325,0.7526493,0.7213005,0.7313031,0.7287778,0.72196656,0.7187197,0.74126005,0.7663373,0.7658744,0.7547982,0.754629,0.77443445,0.77930903,0.8222884,0.7626685,0.7988043,0.816244,0.7779548,0.75634193,0.7715765,0.77599865,0.7661989,0.7555182,0.7512295,0.75356984,0.75371236,0.7516924,0.75486374,0.7543328,0.7591554,0.7764158,0.77190244,0.77007324,0.759904,0.76918364,0.7558125,0.7972219,0.7587892,0.74384576,0.73973274,0.7263626,0.7341514,0.7162763,0.7413849,0.72832215,0.7468692,0.7388067,0.775337,0.7631477,0.76003957,0.7450878,0.7401006,0.73322725,0.7504612,0.77394867,0.75034875,0.78748405,0.75876105,0.77414966,0.7830012,0.7935735,0.7674953,0.7950149,0.7564938,0.7688623,0.7688736,0.7560878,0.7606604,0.7728738,0.77119994,0.7757766,0.77093893,0.76398957,0.75708413,0.7740474,0.77232397,0.76629996,0.7693953,0.75385743,0.73851526,0.78030175,0.73478544,0.7807805,0.7415577,0.7810591,0.7547432,0.7804771,0.74093175,0.77960354,0.7367908,0.7811175,0.72799677,0.77835643,0.73672676,0.78177536,0.7297522,0.7805094,0.7619342,0.74336874,0.7441812,0.75494665,0.75457525,0.72545195,0.7346641,0.7325228,0.7266201,0.72231126,0.7457087,0.76913184,0.7666956,0.7589143,0.7566308,0.7748033,0.7818695,0.82432735,0.76416934,0.8007578,0.81866235,0.7831182
TC-CreazioneOggettoNoleggiare-001,0.7682501,0.8020859,0.7847771,0.7648385,0.756294,0.75020564,0.7576521,0.75926125,0.7582238,0.7555245,0.75668967,0.80555445,0.7784277,0.77981234,0.77087235,0.76956314,0.7991214,0.7687543,0.7679703,0.78304565,0.77277654,0.765702,0.75036407,0.75585526,0.73996454,0.7647433,0.7530073,0.77118146,0.7631624,0.7591577,0.7469909,0.7511583,0.73227274,0.7488945,0.74478465,0.8025112,0.7835895,0.7591318,0.7797853,0.7669668,0.74970984,0.7506765,0.7556877,0.7712163,0.7562441,0.7635147,0.7690133,0.7648581,0.7723087,0.7629752,0.81244683,0.8101523,0.7981317,0.795179,0.8036945,0.798749,0.83743227,0.82602584,0.78470516,0.7826585,0.78022265,0.7614647,0.8011162,0.77879095,0.79775256,0.78875184,0.7982944,0.79160225,0.79787564,0.76959836,0.7963887,0.76068276,0.79943323,0.76249635,0.8013079,0.7556046,0.798944,0.76306283,0.7998303,0.7792908,0.7898677,0.78497005,0.78264314,0.7828246,0.75272214,0.7542573,0.76064396,0.73887444,0.7510366,0.76085967,0.7969407,0.7893002,0.7547487,0.7804996,0.79235005,0.8151563,0.79558337,0.8065865,0.8094454,0.8004852,0.7797414,0.7686893,0.8013779,0.78594095,0.76245856,0.75407636,0.7479589,0.7550614,0.7574235,0.756154,0.75310254,0.7543434,0.8057064,0.7771468,0.78121424,0.7715351,0.76984817,0.7977687,0.7691419,0.7673647,0.78283167,0.7704978,0.76604986,0.7492733,0.7554997,0.74281573,0.764596,0.7548524,0.77109426,0.7641869,0.7606826,0.7491696,0.7518216,0.73473436,0.74960494,0.7472055,0.801564,0.7825033,0.75713414,0.78049093,0.7675519,0.7502503,0.74893844,0.7552656,0.7713326,0.75678706,0.76556087,0.76964605,0.76511705,0.77138865,0.76115644,0.81217027,0.80993295,0.79867375,0.7928244,0.80289745,0.79644144,0.83800435,0.8248066,0.78423953,0.78193784,0.7790873,0.76157176,0.7975514,0.77800727,0.79311526,0.7868768,0.7934389,0.7926273,0.7934501,0.7695654,0.791595,0.76068276,0.79486585,0.7587183,0.7972662,0.7559494,0.7945262,0.7630219,0.79508066,0.77279204,0.78971803,0.7845887,0.78316355,0.7806003,0.7522712,0.7532547,0.76000184,0.73964506,0.75060534,0.76091397,0.79619133,0.7864398,0.75230265,0.77775407,0.79084814,0.81521875,0.79536754,0.80604476,0.8085735,0.79978156,0.78014016
TC-CreazioneAnnuncio-001,0.79206836,0.815274,0.80252093,0.7851602,0.77658665,0.76992214,0.77699816,0.77221763,0.7742514,0.77651995,0.77741396,0.8209833,0.7976388,0.8070644,0.7916005,0.7967025,0.8105298,0.7758343,0.7818745,0.8001938,0.78055894,0.78718764,0.7686104,0.7934257,0.7824122,0.812828,0.8041729,0.7991257,0.79180175,0.7890174,0.7791101,0.77293825,0.7591749,0.7622347,0.75807035,0.81397045,0.80447686,0.77291846,0.79762286,0.7846946,0.7743439,0.77474266,0.7759108,0.8005605,0.7887892,0.7790763,0.7668874,0.76807666,0.7781552,0.7788923,0.8069087,0.81347907,0.8080407,0.81118923,0.7961314,0.7983362,0.823069,0.82017577,0.78259766,0.7895678,0.78748626,0.77361006,0.8259578,0.76313895,0.82256484,0.7721559,0.8230852,0.77019167,0.82277805,0.7668114,0.821235,0.7627437,0.8238676,0.7521231,0.8248478,0.750309,0.8245591,0.7563746,0.8234941,0.8102178,0.79916704,0.79501486,0.79851466,0.8044804,0.76925087,0.77628565,0.77966666,0.7527196,0.76238513,0.79066133,0.7948364,0.7871656,0.7609619,0.7870994,0.7704942,0.80894136,0.79244465,0.81115866,0.794633,0.79757607,0.8112297,0.7902741,0.8130805,0.80170274,0.7819258,0.77391165,0.7672421,0.7741601,0.7702793,0.77180684,0.7737596,0.77480805,0.8202781,0.79536545,0.80721474,0.79030806,0.79629576,0.80790883,0.77578944,0.7803625,0.7997712,0.777973,0.7851414,0.7663116,0.79251826,0.7837984,0.8108919,0.803573,0.7969197,0.7916471,0.78864515,0.7798251,0.7734127,0.76058644,0.7624514,0.75909823,0.81268585,0.80298066,0.77064973,0.7981825,0.7840091,0.7741386,0.7718318,0.7744476,0.80050325,0.78808105,0.7813341,0.7678736,0.7688202,0.77710605,0.77712893,0.8043721,0.8108126,0.80797553,0.8077373,0.7947215,0.79523873,0.8232537,0.818128,0.7812763,0.788224,0.78582287,0.7741569,0.8205297,0.76206374,0.81710994,0.7703389,0.81730974,0.77105427,0.8173598,0.7670586,0.81536007,0.7627437,0.818097,0.7474512,0.81957424,0.75066125,0.81918806,0.7556098,0.8178765,0.8033025,0.7985643,0.79378784,0.79802287,0.8019157,0.76718533,0.7739304,0.77817476,0.75227505,0.7613991,0.7901584,0.79386187,0.7834346,0.75836164,0.78375876,0.76910114,0.8083836,0.79170775,0.81030667,0.793149,0.7965337,0.8096634
TC-EliminazioneAnnuncio-001,0.7420075,0.757033,0.7522901,0.74411684,0.737661,0.73479235,0.74036276,0.7348955,0.73465043,0.7387763,0.74004865,0.7633726,0.7495314,0.7720075,0.7586982,0.7565903,0.74168533,0.74102277,0.73087335,0.76297814,0.74401104,0.7314465,0.7496876,0.7439641,0.7187235,0.7479856,0.7263588,0.76238227,0.7429468,0.7525933,0.7350235,0.74367535,0.7226982,0.7268873,0.7109117,0.7453588,0.75602514,0.7124031,0.74014956,0.7275264,0.7456142,0.72175336,0.7273398,0.7599764,0.75373363,0.7509585,0.72398233,0.7229955,0.7496251,0.75644255,0.7407808,0.74501383,0.7616767,0.75534534,0.7301359,0.7318646,0.7544205,0.74739313,0.72538954,0.7280079,0.74345756,0.73268193,0.76841295,0.71634644,0.76839596,0.7230375,0.7689897,0.7281696,0.76836985,0.7331712,0.7678082,0.723721,0.7686207,0.72352403,0.7698435,0.7663293,0.770734,0.72599775,0.7698981,0.7596189,0.73965883,0.7345637,0.747882,0.7529768,0.72231615,0.7274986,0.7342085,0.7620715,0.72444326,0.7456069,0.76389086,0.74143994,0.7294833,0.72847575,0.723698,0.7481266,0.7445921,0.74751276,0.7502115,0.7436962,0.7587415,0.7390201,0.75404024,0.75019383,0.7393595,0.73431593,0.73138213,0.7371763,0.7323814,0.73168194,0.73559856,0.7368378,0.7608526,0.7454073,0.7702753,0.7555466,0.754537,0.73758304,0.7395595,0.7276606,0.7615174,0.7413819,0.72787076,0.7461172,0.7416647,0.7184168,0.7444108,0.7243439,0.7589781,0.74047613,0.74933606,0.7332198,0.74241686,0.7219132,0.7250752,0.7095088,0.7421876,0.75277674,0.70793855,0.73879164,0.7245801,0.7434666,0.71634537,0.72356915,0.75785387,0.75060606,0.7519103,0.72358394,0.7224109,0.747967,0.7546197,0.73776615,0.7404981,0.75942,0.7504256,0.7270862,0.7274795,0.7527176,0.743913,0.72200733,0.7244296,0.74163365,0.73237514,0.7589138,0.71446043,0.75823885,0.72047377,0.7583632,0.72790766,0.7583308,0.7325295,0.75722146,0.723721,0.75815296,0.7195945,0.76038015,0.76601326,0.7605089,0.7243735,0.7596664,0.7501445,0.73761886,0.7323208,0.74603367,0.7490904,0.7193068,0.7241276,0.7314278,0.7600874,0.7224287,0.74354184,0.7610966,0.7365672,0.7247348,0.7238673,0.7209531,0.7459398,0.74307585,0.745794,0.7475384,0.7415965,0.75584173
TC-EliminazioneOggettoServizio-001,0.746385,0.75921345,0.7486101,0.73279506,0.7273528,0.72604346,0.73538876,0.7304913,0.7278345,0.7282778,0.7328692,0.7658338,0.75577426,0.7648375,0.7622661,0.75264645,0.7612345,0.7539929,0.7394583,0.76180184,0.766619,0.7301667,0.7489371,0.72983146,0.70298916,0.7450301,0.72616655,0.7536041,0.7380678,0.752686,0.7387602,0.744913,0.7220873,0.74018115,0.7261109,0.7570297,0.75876623,0.71975285,0.74401546,0.74056005,0.7514645,0.72935903,0.7316801,0.7558001,0.74501324,0.7356006,0.7183262,0.7116555,0.7466785,0.7443015,0.7714227,0.7706526,0.779673,0.7743572,0.77307993,0.7708794,0.7783974,0.7666427,0.75878954,0.75733006,0.7386909,0.738803,0.78149533,0.7385162,0.78095657,0.74124396,0.7819,0.7514093,0.78069234,0.7433633,0.7806932,0.74154305,0.7820223,0.74622595,0.78251034,0.78853023,0.78151155,0.7486194,0.7827182,0.7646032,0.74814683,0.741305,0.7465909,0.74947,0.7227931,0.7302017,0.7424828,0.77249396,0.736976,0.7448338,0.7710004,0.7658124,0.74158454,0.7496165,0.7442328,0.803961,0.78264236,0.79038113,0.79085076,0.7789841,0.7590202,0.74457145,0.757969,0.7487544,0.7294499,0.72458875,0.7232992,0.7324763,0.7282556,0.7251343,0.7256021,0.7300545,0.764709,0.75382257,0.7653614,0.76100737,0.7518308,0.7587981,0.7537904,0.7376682,0.76109684,0.7646128,0.7283181,0.7459763,0.72842973,0.70400596,0.74313956,0.72609514,0.75189,0.7366794,0.75192297,0.7390436,0.74407923,0.72246253,0.7390959,0.72578424,0.7547332,0.7561343,0.7165156,0.743749,0.7395135,0.7510221,0.72570455,0.72957885,0.75523686,0.7440449,0.7373273,0.7185713,0.7114867,0.7461678,0.7427429,0.7699279,0.7684412,0.77894413,0.77113944,0.77043724,0.76786625,0.7780511,0.7643576,0.7563628,0.7545741,0.736969,0.7388146,0.775777,0.73765206,0.7746282,0.7392644,0.7751132,0.7523315,0.77455616,0.74351305,0.773787,0.74154305,0.7754442,0.7429412,0.7764816,0.7890246,0.77510893,0.7484134,0.77623844,0.7576454,0.74675024,0.7401612,0.745402,0.7467016,0.7212152,0.7286274,0.74113476,0.77160454,0.7358378,0.74391025,0.7702246,0.76308703,0.73984754,0.7475539,0.74248695,0.80288744,0.7820151,0.7898877,0.78932655,0.7777521,0.75816643
TC-Query-001,0.786773,0.80070037,0.79664373,0.7844297,0.7726984,0.77030474,0.7758499,0.7674757,0.7716882,0.7721232,0.7748849,0.7941642,0.79706526,0.7990076,0.7923079,0.7868234,0.784188,0.75297326,0.74639,0.7981385,0.7811894,0.7617686,0.7462493,0.7585489,0.7371704,0.775489,0.757436,0.77974796,0.7691174,0.77675176,0.7665689,0.7748308,0.75653315,0.7619666,0.7536917,0.78957325,0.77537435,0.751759,0.7743664,0.78551716,0.7645309,0.7706021,0.7685756,0.7881169,0.7702178,0.7633237,0.74718755,0.7457454,0.7703388,0.7597145,0.8215239,0.81422293,0.81401366,0.80828834,0.80585533,0.79524636,0.8186834,0.81282496,0.80183655,0.8006396,0.7811446,0.7746797,0.82920694,0.75766605,0.8274415,0.76464295,0.8286288,0.77655435,0.82829136,0.7615507,0.82746017,0.7643027,0.8285801,0.7553703,0.8293432,0.7509564,0.8295488,0.7586978,0.8284215,0.8013349,0.78261375,0.7797572,0.78948283,0.79475427,0.75260127,0.7691538,0.77125055,0.75128,0.75777364,0.78303045,0.786199,0.7885715,0.74973446,0.7742085,0.7547035,0.8053287,0.7745786,0.7717812,0.77412826,0.7819005,0.7985917,0.78663707,0.79973793,0.7964879,0.7814272,0.770577,0.7682089,0.77311254,0.7653364,0.7697832,0.7697598,0.7722217,0.7944565,0.79504085,0.80016387,0.79165524,0.7868545,0.7824095,0.7535537,0.74550974,0.79820764,0.7793899,0.7615547,0.74364,0.75847375,0.73954684,0.7744205,0.7584717,0.77858317,0.7692036,0.7780737,0.768255,0.7755834,0.7589417,0.7626226,0.75526094,0.78837514,0.7738773,0.7481828,0.77488846,0.7849761,0.7643926,0.7671347,0.7674925,0.7878674,0.7694781,0.76618564,0.74796,0.74617785,0.76955587,0.7579323,0.8207925,0.8129389,0.81445616,0.80582005,0.8043276,0.7920434,0.8189413,0.81136453,0.8009642,0.79940736,0.77904993,0.7744961,0.824643,0.756035,0.8232446,0.7621969,0.8238317,0.7770913,0.8233806,0.7612853,0.822178,0.7643027,0.8238263,0.7509552,0.82494175,0.7509967,0.82496727,0.7580888,0.8233032,0.7956455,0.7831481,0.7795716,0.78923094,0.79322344,0.751549,0.7682701,0.7707666,0.751982,0.7573208,0.783285,0.78468704,0.7851506,0.7476703,0.77219343,0.7538584,0.804669,0.7739464,0.77101094,0.7727177,0.7809928,0.7979727
TC-Query-002,0.7464132,0.7610947,0.7633532,0.74793017,0.7336733,0.73127127,0.73602337,0.7309461,0.7320415,0.7323773,0.73422736,0.7546656,0.76594794,0.7665759,0.75896674,0.7487801,0.7591938,0.73757625,0.78545004,0.7472875,0.7245005,0.7224201,0.7164045,0.7180685,0.69788533,0.7318747,0.71749705,0.73440105,0.7274293,0.7506507,0.7414415,0.74225026,0.72736675,0.72115624,0.7132874,0.7453948,0.76412016,0.74079144,0.7811937,0.745923,0.76086783,0.76701546,0.78389144,0.7586839,0.79023075,0.7379055,0.71809113,0.7172718,0.7404423,0.74831736,0.766005,0.76894295,0.76922494,0.77132577,0.75439745,0.7520859,0.7538096,0.7557665,0.7503856,0.7581234,0.7391701,0.7273179,0.7877665,0.73080236,0.78955865,0.7425056,0.7891377,0.7576316,0.788803,0.74128765,0.7881652,0.73574656,0.78948903,0.72909427,0.78768563,0.7344196,0.7901176,0.7271931,0.7877684,0.77013224,0.7380916,0.73750746,0.74575937,0.750038,0.70971227,0.72510004,0.72410905,0.7166661,0.70930976,0.74203634,0.76138115,0.75252837,0.74654436,0.7495703,0.7368907,0.7634883,0.80303717,0.7453587,0.7805822,0.7974974,0.7717029,0.7451994,0.7591157,0.76204145,0.7443856,0.731005,0.72859454,0.73319215,0.72846746,0.7295654,0.7294235,0.73117024,0.75344354,0.7628687,0.7663424,0.75781125,0.74736285,0.75691485,0.7381343,0.7839408,0.7473142,0.72361237,0.7210604,0.71350473,0.71755266,0.69927454,0.7305771,0.7177422,0.73289394,0.72678506,0.7505578,0.7420128,0.7421882,0.72843826,0.7208911,0.71340793,0.74297297,0.7621577,0.7359862,0.78070045,0.74450374,0.7598219,0.76254183,0.7816598,0.7575005,0.7880826,0.74010015,0.7189298,0.717832,0.73957634,0.7468071,0.7633057,0.76679033,0.76803815,0.76824534,0.7517017,0.7488586,0.75204647,0.7537616,0.74797475,0.7557062,0.7371389,0.7271188,0.78367627,0.7280934,0.78629076,0.7399881,0.7852459,0.7574432,0.7848973,0.7404038,0.7837928,0.73574656,0.7854963,0.7240999,0.78425205,0.734221,0.7864902,0.72653896,0.78352296,0.7648797,0.7378855,0.73671407,0.7454887,0.7479506,0.7080818,0.7237015,0.7232293,0.71689916,0.70878434,0.7417925,0.7599099,0.7501015,0.7451943,0.7480239,0.7355261,0.7628076,0.80358434,0.74502313,0.77940375,0.7966987,0.77116823
