,TC-ExampleInstrumentedTest-001,TC-<Module>-###,TC-AlertAdapter-001,TC-AlertAdapter-002,TC-AlertAdapter-003,TC-AlertAdapter-004,TC-AlertAdapter-005,TC-AlertAdapter-006,TC-AlertAdapter-007,TC-BaseActivity-001,TC-BaseActivity-002,TC-BaseActivity-003,TC-BaseActivity-004,TC-BaseActivity-005,TC-ForgotPasswordActivity-001,TC-ForgotPasswordActivity-002,TC-<Module>-###,TC-<Module>-###,TC-<Module>-###,TC-GreenhousesActivity-001,TC-GreenhousesActivity-002,TC-GreenhousesActivity-003,TC-GreenhousesActivity-004,TC-GreenhousesActivity-005,TC-GreenhousesActivity-006,TC-HistoryChartActivity-001,TC-HistoryChartActivity-002,TC-HistoryChartActivity-003,TC-HistoryChartActivity-004,TC-HistoryChartActivity-005,TC-HistoryChartActivity-006,TC-LoginActivity-001,TC-LoginActivity-002,TC-LoginActivity-003,TC-LoginActivity-004,TC-MainActivity-001,TC-MainActivity-002,TC-MainActivity-003,TC-MainActivity-004,TC-MainActivity-005,TC-MainActivity-006,TC-MainActivity-007,TC-MainActivity-008,TC-MainActivity-009,TC-MainActivity-010,TC-ProfileActivity-001,TC-ProfileActivity-002,TC-ProfileActivity-003,TC-ProfileActivity-004,TC-ProfileActivity-005,TC-ProfileActivity-006,TC-ProfileActivity-007,TC-ProfileActivity-008,TC-ProfileActivity-009,TC-ProfileActivity-010,TC-RegisterActivity-001,TC-RegisterActivity-002,TC-RegisterActivity-003,TC-RegisterActivity-004,TC-Forecast-001,TC-Forecast-002,TC-Forecast-003,TC-Forecast-004,TC-Forecast-005,TC-Forecast-006,TC-Forecast-007,TC-Forecast-008,TC-Forecast-009,TC-Forecast-010,TC-ForecastRepository-001,TC-ForecastRepository-002,TC-ForecastRepository-003,TC-ForecastRepository-004,TC-<Module>-###,TC-<Module>-###,TC-OfflineDialog-001,TC-OfflineDialog-002,TC-Widget-001,TC-Widget-002,TC-Widget-003,TC-Widget-004,TC-Widget-005,TC-Widget-006,TC-GreenhouseWidgetProvider-001,TC-GreenhouseWidgetProvider-002,TC-GreenhouseWidgetProvider-003,TC-GreenhouseWidgetProvider-004,TC-GreenhouseWidgetProvider-005,TC-ExampleUnitTest-1,TC-Forecast-001,TC-Forecast-002,TC-Forecast-003,TC-Forecast-004,TC-Forecast-005,TC-Forecast-006,TC-Forecast-007,TC-Forecast-008,TC-Forecast-009,TC-Forecast-010,TC-ForecastRepository-001,TC-ForecastRepository-002,TC-ForecastRepository-003,TC-ForecastRepository-004,TC-ExampleInstrumentedTest-001,TC-<Module>-###,TC-AlertAdapter-001,TC-AlertAdapter-002,TC-AlertAdapter-003,TC-AlertAdapter-004,TC-AlertAdapter-005,TC-AlertAdapter-006,TC-AlertAdapter-007,TC-BaseActivity-001,TC-BaseActivity-002,TC-BaseActivity-003,TC-BaseActivity-004,TC-BaseActivity-005,TC-ForgotPasswordActivity-001,TC-ForgotPasswordActivity-002,TC-<Module>-###,TC-<Module>-###,TC-<Module>-###,TC-GreenhousesActivity-001,TC-GreenhousesActivity-002,TC-GreenhousesActivity-003,TC-GreenhousesActivity-004,TC-GreenhousesActivity-005,TC-GreenhousesActivity-006,TC-HistoryChartActivity-001,TC-HistoryChartActivity-002,TC-HistoryChartActivity-003,TC-HistoryChartActivity-004,TC-HistoryChartActivity-005,TC-HistoryChartActivity-006,TC-LoginActivity-001,TC-LoginActivity-002,TC-LoginActivity-003,TC-LoginActivity-004,TC-MainActivity-001,TC-MainActivity-002,TC-MainActivity-003,TC-MainActivity-004,TC-MainActivity-005,TC-MainActivity-006,TC-MainActivity-007,TC-MainActivity-008,TC-MainActivity-009,TC-MainActivity-010,TC-ProfileActivity-001,TC-ProfileActivity-002,TC-ProfileActivity-003,TC-ProfileActivity-004,TC-ProfileActivity-005,TC-ProfileActivity-006,TC-ProfileActivity-007,TC-ProfileActivity-008,TC-ProfileActivity-009,TC-ProfileActivity-010,TC-RegisterActivity-001,TC-RegisterActivity-002,TC-RegisterActivity-003,TC-RegisterActivity-004,TC-Forecast-001,TC-Forecast-002,TC-Forecast-003,TC-Forecast-004,TC-Forecast-005,TC-Forecast-006,TC-Forecast-007,TC-Forecast-008,TC-Forecast-009,TC-Forecast-010,TC-ForecastRepository-001,TC-ForecastRepository-002,TC-ForecastRepository-003,TC-ForecastRepository-004,TC-<Module>-###,TC-<Module>-###,TC-OfflineDialog-001,TC-OfflineDialog-002,TC-Widget-001,TC-Widget-002,TC-Widget-003,TC-Widget-004,TC-Widget-005,TC-Widget-006,TC-GreenhouseWidgetProvider-001,TC-GreenhouseWidgetProvider-002,TC-GreenhouseWidgetProvider-003,TC-GreenhouseWidgetProvider-004,TC-GreenhouseWidgetProvider-005,TC-ExampleUnitTest-1,TC-<Module>-###,TC-<Module>-###,TC-OfflineDialog-001,TC-OfflineDialog-002,TC-Widget-001,TC-Widget-002,TC-Widget-003,TC-Widget-004,TC-Widget-005,TC-Widget-006,TC-GreenhouseWidgetProvider-001,TC-GreenhouseWidgetProvider-002,TC-GreenhouseWidgetProvider-003,TC-GreenhouseWidgetProvider-004,TC-GreenhouseWidgetProvider-005
TC-UserAccess-001,0.79100746,0.7921557,0.7916211,0.8045708,0.76457936,0.77498,0.7850779,0.76064146,0.78021425,0.7927445,0.7719235,0.784519,0.77981746,0.7644932,0.83518875,0.8107854,0.7972937,0.7995875,0.80245876,0.85312796,0.8380087,0.7941432,0.7756622,0.808992,0.78327346,0.7658339,0.78812164,0.78364277,0.7654022,0.7745289,0.76913136,0.8454025,0.8123083,0.8458692,0.8252887,0.8333854,0.77534795,0.79639626,0.78101385,0.8286095,0.8333624,0.814023,0.79241264,0.7875917,0.7917979,0.8620701,0.8546467,0.83597213,0.83160436,0.84451914,0.8539684,0.8652672,0.8511344,0.85453403,0.83625937,0.8292102,0.79638267,0.7602562,0.8048936,0.77262557,0.7354454,0.7440638,0.73047507,0.71076745,0.73576325,0.74008906,0.7387759,0.7341712,0.73100984,0.725973,0.6957661,0.7519479,0.725275,0.7954692,0.78462595,0.75266623,0.77136886,0.8410866,0.8190124,0.820511,0.78611505,0.79954445,0.80453575,0.7840836,0.7718989,0.7625756,0.78822386,0.7847481,0.79551774,0.77103174,0.7326194,0.74220204,0.72778195,0.708741,0.7347664,0.73806775,0.736843,0.73215497,0.73060626,0.7247633,0.694366,0.7521045,0.7244127,0.78307295,0.77450293,0.7818373,0.79932094,0.75914544,0.76997715,0.77903366,0.75139266,0.7779019,0.78423315,0.76350206,0.77747405,0.77236086,0.75729823,0.82006127,0.7947215,0.77965087,0.7825726,0.78494185,0.8466931,0.8334019,0.78916174,0.77158284,0.7991567,0.7743229,0.7579825,0.7798253,0.77643687,0.75633615,0.7634455,0.756751,0.8273829,0.79657173,0.82972264,0.8140577,0.8184402,0.7643894,0.7821361,0.77127194,0.82138044,0.8252185,0.8033584,0.78138983,0.7738843,0.7847595,0.83887476,0.8300004,0.81673837,0.8203318,0.83819103,0.8390317,0.84219456,0.83433163,0.83999157,0.81579906,0.81252915,0.7821179,0.7470832,0.78586036,0.76074314,0.72124475,0.73150873,0.71898794,0.7010777,0.7253062,0.72965974,0.7314986,0.7238862,0.7259073,0.7231616,0.6928232,0.7452197,0.71908545,0.7740005,0.76888764,0.73988897,0.758794,0.82909644,0.8067562,0.80547255,0.7706693,0.7892896,0.7922019,0.7735902,0.76159716,0.7514617,0.7778938,0.7771254,0.78143257,0.7935873,0.781765,0.75112635,0.7691596,0.8404987,0.8163142,0.8189715,0.78274447,0.79794705,0.8015783,0.78450704,0.7736833,0.76326716,0.7857992,0.7841268
TC-UserAccess-002,0.78037167,0.7958651,0.7914518,0.80392706,0.7652397,0.77411866,0.7849863,0.7644779,0.7800853,0.7900202,0.784454,0.7835659,0.77515876,0.7744251,0.8329601,0.81675947,0.7992841,0.80082554,0.80409926,0.84997094,0.85138845,0.79084826,0.787204,0.80768955,0.7980907,0.76103777,0.78621686,0.77733165,0.7702043,0.7733371,0.7669147,0.8460845,0.8337382,0.8447889,0.829788,0.82665324,0.76982075,0.783155,0.7756666,0.82081276,0.81949484,0.80615914,0.7861723,0.7831881,0.8021339,0.84599036,0.8462379,0.8339814,0.82324415,0.8345355,0.8420099,0.8556809,0.8412376,0.8422419,0.8333634,0.823697,0.7870154,0.76837564,0.79776084,0.77798986,0.7402007,0.7527303,0.7379228,0.72202575,0.74265444,0.74473286,0.74111396,0.7348215,0.73546374,0.7308949,0.7199961,0.75376594,0.7501633,0.79894435,0.78763527,0.76127285,0.7791176,0.8322643,0.81791705,0.8177955,0.8071537,0.8124462,0.8152324,0.7971246,0.7711519,0.76573884,0.7861336,0.78237444,0.8038919,0.77627605,0.73743665,0.7510384,0.73539126,0.72022086,0.74143696,0.7427219,0.7393198,0.73279595,0.73527694,0.72994477,0.7188003,0.754029,0.7495843,0.7733955,0.77770996,0.78228384,0.79889655,0.7600765,0.7697058,0.779239,0.7554026,0.7781567,0.78145444,0.77527416,0.7765324,0.7677153,0.7668388,0.8176967,0.79977185,0.7813815,0.7831945,0.7860462,0.8440347,0.8471707,0.7864332,0.78359914,0.7980033,0.7891472,0.7550439,0.77896154,0.7705523,0.7618937,0.76354665,0.7554014,0.82840294,0.81706274,0.8291204,0.8182106,0.81195164,0.7589362,0.7685015,0.7657935,0.81413656,0.81158113,0.7956632,0.77498794,0.7694007,0.7945454,0.8229694,0.8218554,0.81534755,0.8125993,0.8284172,0.8274305,0.833395,0.82473344,0.8280787,0.8139042,0.8072369,0.7730758,0.7548745,0.7793605,0.7664894,0.7266565,0.74060076,0.7265885,0.712493,0.73254025,0.734179,0.73374736,0.72491705,0.7307559,0.7283338,0.7159447,0.74766487,0.74389243,0.77696073,0.77146447,0.7487226,0.76654065,0.8207644,0.80499977,0.80253243,0.79029155,0.8012722,0.8021882,0.78666615,0.7609667,0.7551348,0.7756158,0.7746072,0.78955144,0.7978712,0.7853899,0.7601364,0.77738786,0.8317044,0.81530106,0.8161392,0.80395484,0.81131,0.81243956,0.7968229,0.77258754,0.765628,0.7836832,0.7816574
TC-UserAccess-003,0.79674876,0.8048581,0.7999616,0.80770206,0.7739163,0.778593,0.7946218,0.7699237,0.7863533,0.79985017,0.7796415,0.7969671,0.7848786,0.77032214,0.82864076,0.80905646,0.80737174,0.80931044,0.81229794,0.854056,0.83990407,0.79597694,0.7776996,0.8100357,0.78400993,0.764085,0.7880249,0.7827268,0.76623154,0.77362114,0.77055824,0.84338725,0.8115797,0.84858716,0.82588845,0.82916427,0.7693862,0.7866391,0.7709209,0.82024425,0.82806355,0.8079467,0.7880558,0.7799177,0.78144145,0.8505502,0.8498728,0.82947385,0.8215121,0.8426354,0.8483423,0.8608074,0.8495716,0.84875834,0.82658535,0.82222664,0.7913904,0.764012,0.79975057,0.7802275,0.745612,0.7550484,0.73650473,0.718469,0.7416634,0.7449548,0.74267185,0.7378348,0.72977346,0.7318174,0.7022536,0.75652605,0.72927064,0.80613655,0.7968511,0.74891925,0.7610531,0.8325801,0.8190447,0.81904316,0.7835705,0.79837465,0.8021256,0.78357,0.7701718,0.76592183,0.78154135,0.7810967,0.8095338,0.7790051,0.7428479,0.75330174,0.7339062,0.7164018,0.7406694,0.7429825,0.74084425,0.73579365,0.72935474,0.7306599,0.70073384,0.75665414,0.72823334,0.78747356,0.78473896,0.78890485,0.8021564,0.7674365,0.77207696,0.7876233,0.7599661,0.7838582,0.79053706,0.7699993,0.78840333,0.77617836,0.76215225,0.8130774,0.79151905,0.78725934,0.79038477,0.79250765,0.8472015,0.83494353,0.7904665,0.77322483,0.7999812,0.7748478,0.756088,0.7794654,0.7746884,0.75660765,0.76208895,0.7575323,0.82445717,0.7947796,0.8309485,0.8133445,0.8127284,0.7572538,0.77081513,0.760507,0.812805,0.81986046,0.7964598,0.7762501,0.76555383,0.77356195,0.82720965,0.8244103,0.80919707,0.81009024,0.8359005,0.83313996,0.83730924,0.8320608,0.8339541,0.80620146,0.8051253,0.7764634,0.7499941,0.78013974,0.7684468,0.73021466,0.7413773,0.72358763,0.7072608,0.7303949,0.7332777,0.7339355,0.7262541,0.72384715,0.7283332,0.69766194,0.74873984,0.722168,0.78204274,0.77812785,0.735833,0.7478553,0.8205457,0.8060775,0.8024868,0.7676648,0.7878202,0.7899904,0.77243423,0.75911254,0.75338656,0.77063286,0.7728231,0.79318917,0.80530626,0.79469305,0.7479076,0.759258,0.8314339,0.81607443,0.8170037,0.7799372,0.7965747,0.79915726,0.7830588,0.77107894,0.76520383,0.77874225,0.780189
TC-Navigation-001,0.7602486,0.7870551,0.7447935,0.7429304,0.7273044,0.74218804,0.73673487,0.7262641,0.74538314,0.7588233,0.73651946,0.74952143,0.75493884,0.7373995,0.78703785,0.78716594,0.7788839,0.78690624,0.78612965,0.8020152,0.7769841,0.7717831,0.7520298,0.7786917,0.75019044,0.74997914,0.77574444,0.7639313,0.7579658,0.7565273,0.7630907,0.82206947,0.78797436,0.8285645,0.8081875,0.79098475,0.76314235,0.77365434,0.7713187,0.7918662,0.7949735,0.80585593,0.7829016,0.7710258,0.7694843,0.8611884,0.84192,0.83301806,0.81741905,0.8294782,0.85167557,0.8503729,0.8573426,0.8519578,0.8335253,0.8086804,0.8174848,0.7584745,0.839223,0.7536695,0.7483874,0.7438638,0.7485072,0.721007,0.7438012,0.735476,0.7180494,0.73653764,0.7190335,0.7279551,0.69923973,0.73067653,0.7056578,0.7820706,0.7710912,0.74568045,0.74824363,0.8051336,0.7968415,0.7879235,0.7486708,0.78229517,0.78463066,0.7437036,0.7346648,0.72786194,0.7463112,0.74907637,0.7639415,0.7519132,0.7449529,0.7418814,0.7448197,0.71827257,0.7420082,0.73319465,0.716251,0.73400927,0.7186282,0.72667855,0.6980194,0.7305372,0.70499134,0.7594508,0.7734703,0.74242914,0.7451887,0.7269318,0.7412135,0.7375288,0.72150946,0.74630356,0.75550103,0.7327024,0.7469996,0.75156295,0.7347468,0.77950156,0.77655303,0.7682958,0.7761243,0.77524865,0.79788554,0.7752297,0.7702358,0.7511265,0.77281576,0.74569696,0.7467272,0.7708344,0.7597685,0.7535786,0.75145566,0.753584,0.8098682,0.7777193,0.8167595,0.80077994,0.7832961,0.7573749,0.765013,0.76561785,0.78853595,0.7917891,0.7994716,0.77611554,0.7622122,0.7669215,0.8420439,0.82131803,0.8168852,0.80890733,0.8231285,0.83898675,0.82984376,0.84107137,0.83948207,0.81656325,0.79983956,0.80911475,0.75006527,0.8212029,0.7457442,0.7351991,0.7329526,0.7384746,0.7140896,0.735498,0.72854924,0.71503544,0.7284278,0.7167989,0.7262832,0.69794065,0.72799486,0.70315695,0.76822126,0.76318145,0.73648405,0.7393074,0.797891,0.78859043,0.77781355,0.73863983,0.7754677,0.7760587,0.73877466,0.73181856,0.72258914,0.73939085,0.7443785,0.7567693,0.7808466,0.7691705,0.74393123,0.7455744,0.8046441,0.7942699,0.7858258,0.74439514,0.7800399,0.78185844,0.7440959,0.73637104,0.7286978,0.7435832,0.7483991
TC-Navigation-002,0.7758617,0.8128094,0.7649465,0.7594561,0.74871266,0.76133615,0.75622666,0.74502313,0.7603925,0.7610593,0.7390256,0.7493725,0.75665975,0.7393309,0.78064865,0.79187834,0.80807084,0.81299055,0.8132106,0.795681,0.76861304,0.7875815,0.7656924,0.78712237,0.7601825,0.7621535,0.7922814,0.7757382,0.7815525,0.7852674,0.7931158,0.81628925,0.7816077,0.82364476,0.7982211,0.7991867,0.7729102,0.7825351,0.78217816,0.8001458,0.80096704,0.8119107,0.79751354,0.78775233,0.7801317,0.80879843,0.78749543,0.7866155,0.76399356,0.7939678,0.81746614,0.8026273,0.82352424,0.8182343,0.78694165,0.8056739,0.83155406,0.7728365,0.84260213,0.77705896,0.7743556,0.7610829,0.7710085,0.7461485,0.76471126,0.76309305,0.7472127,0.76261675,0.74382675,0.7491126,0.7175122,0.75151384,0.7249957,0.8060095,0.7860839,0.74520177,0.75096095,0.8063908,0.8014204,0.79088986,0.7538376,0.7870369,0.7895157,0.7590988,0.7497333,0.7491602,0.75678986,0.7617641,0.7818027,0.77537477,0.77077425,0.7590352,0.76719195,0.74317497,0.76272416,0.7605468,0.74517757,0.7599662,0.74317616,0.74770427,0.7163056,0.751189,0.7239237,0.7742822,0.79638964,0.7619575,0.76163673,0.7483256,0.76060283,0.75702226,0.7401409,0.7621,0.75909936,0.736415,0.74737686,0.7540481,0.7368145,0.7734613,0.780997,0.7944037,0.79907644,0.7988668,0.79292756,0.76755095,0.78650856,0.7651937,0.78251636,0.75659066,0.7579727,0.78635335,0.7714481,0.7765708,0.7800425,0.7826241,0.804874,0.77220446,0.81232566,0.79192305,0.7905837,0.76642954,0.7731671,0.7760944,0.79649997,0.79804003,0.8049891,0.79044664,0.7787188,0.7773258,0.7946543,0.7710001,0.7750506,0.76024026,0.7904728,0.80825984,0.7865991,0.8111416,0.80913097,0.77455163,0.79735446,0.8227482,0.7647027,0.8247762,0.76915264,0.76075184,0.75142646,0.76037365,0.73834896,0.75618166,0.7555271,0.7427947,0.7539422,0.7407337,0.74719375,0.71512043,0.74812484,0.7215848,0.78789496,0.77470946,0.7361622,0.7427123,0.79978275,0.79285675,0.7808571,0.7440703,0.7804097,0.78129566,0.75419277,0.74629104,0.74264944,0.7498408,0.75686455,0.77379626,0.80468136,0.78335106,0.7441268,0.7488242,0.80535,0.7986001,0.7886495,0.74972785,0.7848605,0.78669214,0.7584751,0.7510153,0.748737,0.75406635,0.7611953
TC-CreationProcess-001,0.7865072,0.7897885,0.7812033,0.780341,0.73941696,0.76435053,0.76870036,0.7363428,0.7541744,0.77534795,0.7599979,0.763359,0.7719032,0.76038086,0.79220915,0.7672848,0.80207986,0.80524373,0.80158174,0.8035136,0.7853997,0.7950342,0.7769131,0.7918151,0.7705693,0.7605412,0.7763081,0.78140557,0.7719773,0.7840894,0.7744887,0.77567786,0.7464735,0.7841428,0.7546146,0.81341285,0.75612265,0.7640403,0.7596155,0.78463227,0.7872923,0.7815232,0.76782113,0.7735089,0.7565849,0.80065405,0.79030114,0.76953506,0.7564878,0.8125032,0.8190571,0.7914605,0.81351626,0.81965184,0.7698904,0.79048103,0.7620723,0.75915873,0.7554526,0.7762336,0.7433015,0.7468944,0.7338804,0.71756816,0.7494184,0.7554227,0.7435915,0.7385333,0.7301772,0.7406297,0.7138907,0.7586036,0.73623633,0.8000677,0.77789944,0.7531078,0.7739197,0.82184863,0.8043357,0.8032167,0.7697824,0.79298985,0.79296225,0.7874228,0.7644952,0.76162434,0.7854301,0.78412646,0.79901093,0.77467734,0.7399554,0.7448199,0.7308138,0.7152991,0.74780697,0.75283664,0.74170613,0.7361254,0.7295896,0.73884666,0.71163034,0.7579228,0.7346151,0.78088886,0.775579,0.7761377,0.7781528,0.73839635,0.763361,0.76560754,0.7314022,0.75306845,0.7704835,0.7556463,0.75885725,0.76705515,0.7557542,0.78117377,0.7572193,0.78823197,0.7910139,0.78734124,0.7984668,0.7815888,0.79172814,0.77433395,0.7852782,0.76483214,0.7547489,0.7691638,0.77776563,0.76566386,0.7758344,0.7653571,0.76340723,0.7374872,0.77225304,0.7470726,0.8020554,0.7475646,0.75313187,0.7519953,0.7793012,0.78186965,0.77458674,0.7595966,0.76314425,0.75199175,0.7845206,0.7728447,0.7552562,0.7500037,0.80618227,0.8081147,0.7747068,0.8008194,0.8090757,0.7547042,0.77807945,0.7514812,0.7499993,0.7436094,0.7673751,0.7309557,0.7369711,0.72468597,0.7098138,0.739884,0.74595535,0.7383715,0.7299565,0.7267744,0.7372706,0.7112061,0.75309306,0.7303441,0.78135496,0.7655027,0.7426904,0.7643957,0.8120602,0.79452896,0.7906287,0.75779873,0.7839095,0.78159726,0.7793273,0.75740135,0.75336146,0.77620304,0.77662593,0.7869012,0.7991582,0.77473474,0.75258654,0.7724137,0.8205783,0.8016645,0.8009472,0.7665761,0.79052246,0.78963584,0.7870773,0.76568574,0.76177263,0.78261673,0.7830863
TC-CreationProcess-002,0.8022715,0.7969659,0.78798807,0.79890186,0.76429164,0.77677953,0.78204906,0.75602925,0.776043,0.78773963,0.77210367,0.7739256,0.78182906,0.76964915,0.80595315,0.79100674,0.80541646,0.80968475,0.8082606,0.82138395,0.8021982,0.80814826,0.787976,0.8114012,0.78769946,0.77215475,0.7821123,0.7856583,0.7834671,0.79003304,0.7896824,0.7908627,0.7601355,0.7915862,0.76833344,0.8293799,0.7732755,0.7859994,0.78550565,0.8019809,0.8062258,0.8006662,0.79208124,0.78911364,0.77437466,0.8198957,0.8118342,0.78752613,0.77133435,0.8276185,0.83358204,0.8060837,0.8278998,0.83350635,0.78786343,0.7987459,0.7744478,0.77246755,0.76703876,0.78739357,0.76007074,0.76327556,0.7493734,0.7291944,0.767334,0.76401794,0.75225884,0.75683045,0.74628896,0.7542703,0.7239509,0.7785231,0.7508052,0.7997661,0.784055,0.7566589,0.78378445,0.8348444,0.8180543,0.8189124,0.7852831,0.8066346,0.8102083,0.79149747,0.77090275,0.76931906,0.7964848,0.79723,0.80396837,0.7861598,0.7571578,0.7613727,0.74660754,0.72713596,0.76583624,0.7616802,0.7507589,0.7546299,0.7459781,0.7528122,0.72219634,0.7782732,0.74957144,0.79635715,0.7815596,0.78152156,0.7951279,0.7612396,0.7739576,0.7781215,0.749556,0.7744598,0.7814386,0.76589745,0.7684299,0.77624345,0.7638712,0.79408896,0.77894133,0.7898776,0.7936989,0.791951,0.8158331,0.7976477,0.80438983,0.7851412,0.80276215,0.7802825,0.7665319,0.7751553,0.780868,0.7768574,0.78132504,0.77990115,0.77745706,0.749306,0.77873003,0.7596984,0.8164253,0.76410943,0.7735732,0.7765453,0.79593337,0.79946864,0.79240936,0.7824183,0.77760535,0.76874113,0.8013599,0.7918645,0.77167785,0.76346374,0.8208488,0.821265,0.7871287,0.8137521,0.82154787,0.7709774,0.78582233,0.7628093,0.7622974,0.7539111,0.77706033,0.7465291,0.7516431,0.73849654,0.72041434,0.7566135,0.75361055,0.7459626,0.74658895,0.7412441,0.7502163,0.7193135,0.7711446,0.74336505,0.78043354,0.771545,0.7453947,0.7725585,0.8241964,0.8063762,0.80462396,0.771045,0.79656446,0.7972542,0.78275335,0.7633446,0.76010156,0.7862043,0.7895738,0.7911706,0.79938364,0.7820913,0.7563671,0.782729,0.83384883,0.81507903,0.8165385,0.7815921,0.8040535,0.80636984,0.79142416,0.77208406,0.7693549,0.79348844,0.7961817
TC-CreationProcess-003,0.77620137,0.7768856,0.7757917,0.7758785,0.73485464,0.7573155,0.76448816,0.73200136,0.7487163,0.76734215,0.7672368,0.7577523,0.762918,0.7664396,0.7890648,0.76194996,0.7904844,0.79287046,0.7894779,0.7950183,0.7944724,0.7900225,0.7868852,0.78639823,0.7820586,0.7522375,0.767131,0.77408767,0.7643236,0.77874714,0.7662981,0.7652824,0.75528836,0.772606,0.7486127,0.8005259,0.7426896,0.7489475,0.744742,0.7711922,0.77675474,0.7678754,0.75523216,0.76210296,0.75740576,0.78471214,0.7778678,0.75792235,0.744392,0.8010184,0.8059046,0.77748036,0.8005139,0.8058876,0.75546646,0.77635306,0.74690706,0.75013065,0.7402053,0.77001864,0.73464745,0.7427352,0.7295835,0.7138054,0.7408116,0.7488804,0.73738694,0.73067594,0.72366655,0.73742414,0.72823346,0.75504977,0.75123125,0.7868579,0.7648637,0.7474114,0.7686045,0.8111452,0.7944859,0.79785526,0.7704754,0.7935531,0.7930969,0.78612727,0.75583696,0.7595627,0.7781156,0.77828795,0.79564947,0.7686147,0.7314827,0.7408079,0.726767,0.7118139,0.73932105,0.74641573,0.7356446,0.72840387,0.72322905,0.7358485,0.7261385,0.75452155,0.7498804,0.7708925,0.7632341,0.77054703,0.77332395,0.7332729,0.7561313,0.7609645,0.72719604,0.74749804,0.76204383,0.76226693,0.75285923,0.7576643,0.76105165,0.77781117,0.7516735,0.77726495,0.7791223,0.7757876,0.7895713,0.790216,0.78622323,0.7839369,0.77936006,0.7756506,0.746788,0.76024735,0.77042806,0.75845265,0.7705802,0.7575776,0.7531009,0.74586684,0.7607911,0.740827,0.7893397,0.7341682,0.7377685,0.73717713,0.7657075,0.7711,0.7610022,0.74676377,0.75176513,0.7525783,0.7694538,0.76121277,0.743489,0.7382895,0.7945503,0.79498863,0.7613549,0.78790474,0.79544574,0.741185,0.7640481,0.7366537,0.7410689,0.72910565,0.76102424,0.72273827,0.7321992,0.7206249,0.7060497,0.73149234,0.73919475,0.73192304,0.7221912,0.7203258,0.7339108,0.72449255,0.74894553,0.7446825,0.76903623,0.75281733,0.7372155,0.7592992,0.8013172,0.78449005,0.78419375,0.7580822,0.78387094,0.781067,0.77806306,0.7486312,0.7505161,0.76889414,0.770525,0.7836429,0.7863885,0.76207495,0.7468641,0.76719224,0.8099177,0.7919755,0.79537207,0.76747453,0.79136884,0.78979445,0.7857214,0.7568935,0.75917995,0.77517843,0.777097
TC-CreationProcess-004,0.7919036,0.78302836,0.78228974,0.7925558,0.75703865,0.77100843,0.7775837,0.7509162,0.77076095,0.7798469,0.77940047,0.76742214,0.7739901,0.7758365,0.80299854,0.78447497,0.7928594,0.79573154,0.7945275,0.81236076,0.8115697,0.80261713,0.8005718,0.8054017,0.7997868,0.7648674,0.7719608,0.7766955,0.77514684,0.7823676,0.78245187,0.7808349,0.769586,0.77902055,0.7644048,0.8160137,0.75879276,0.76889133,0.7714131,0.787676,0.7944968,0.7859853,0.778176,0.7768003,0.77781796,0.8043337,0.7974331,0.7735257,0.7637152,0.81478333,0.81922424,0.79191625,0.81327766,0.81919014,0.77402467,0.7852193,0.75964093,0.7614224,0.7547879,0.7793958,0.7499403,0.75701916,0.74341106,0.7224194,0.7569802,0.7545088,0.74334216,0.74692947,0.73752856,0.7495556,0.73753226,0.7728767,0.76792014,0.7850673,0.7696515,0.74967325,0.77690214,0.82591057,0.8074266,0.81041455,0.79117644,0.8078515,0.8114151,0.78784585,0.76350814,0.76418084,0.79395586,0.7911366,0.80195546,0.77870643,0.74809104,0.75560915,0.74168265,0.7214078,0.75654185,0.75292325,0.74266684,0.7455807,0.73784274,0.7485624,0.7364923,0.7729563,0.7673965,0.78583217,0.7685073,0.7754719,0.78855455,0.75379,0.7676142,0.7732031,0.7444638,0.76898646,0.77280885,0.7724354,0.7615113,0.76739997,0.7691292,0.79065645,0.7723902,0.7784389,0.7808181,0.7794329,0.8060475,0.80635715,0.79819465,0.79684657,0.79610586,0.7914438,0.7593014,0.76512814,0.77187073,0.7682778,0.77355444,0.772869,0.76709163,0.75814235,0.7663838,0.7551185,0.8031323,0.7497274,0.7564577,0.76211643,0.78166634,0.78759795,0.7777665,0.76829046,0.7651968,0.7716418,0.7861842,0.7782569,0.7581129,0.75476706,0.80784655,0.80665743,0.77328575,0.79920274,0.8069632,0.7575296,0.77209157,0.7483077,0.75150514,0.74157655,0.7689061,0.7369291,0.7447109,0.7324275,0.7136685,0.7463328,0.744025,0.73673314,0.7367132,0.73242074,0.74521595,0.7317717,0.76514125,0.75945705,0.7671395,0.757872,0.73830485,0.7658749,0.81496495,0.79575765,0.79563344,0.7754277,0.7969847,0.79762185,0.77899885,0.75579274,0.7546694,0.7831602,0.78322613,0.7890793,0.78448117,0.76738787,0.74902886,0.7754724,0.8247863,0.8045448,0.8078152,0.7877054,0.80534744,0.80749094,0.7876721,0.7644003,0.7637449,0.79097176,0.78985393
TC-UserAccess-001,0.79100746,0.7921557,0.7916211,0.8045708,0.76457936,0.77498,0.7850779,0.76064146,0.78021425,0.7927445,0.7719235,0.784519,0.77981746,0.7644932,0.83518875,0.8107854,0.7972937,0.7995875,0.80245876,0.85312796,0.8380087,0.7941432,0.7756622,0.808992,0.78327346,0.7658339,0.78812164,0.78364277,0.7654022,0.7745289,0.76913136,0.8454025,0.8123083,0.8458692,0.8252887,0.8333854,0.77534795,0.79639626,0.78101385,0.8286095,0.8333624,0.814023,0.79241264,0.7875917,0.7917979,0.8620701,0.8546467,0.83597213,0.83160436,0.84451914,0.8539684,0.8652672,0.8511344,0.85453403,0.83625937,0.8292102,0.79638267,0.7602562,0.8048936,0.77262557,0.7354454,0.7440638,0.73047507,0.71076745,0.73576325,0.74008906,0.7387759,0.7341712,0.73100984,0.725973,0.6957661,0.7519479,0.725275,0.7954692,0.78462595,0.75266623,0.77136886,0.8410866,0.8190124,0.820511,0.78611505,0.79954445,0.80453575,0.7840836,0.7718989,0.7625756,0.78822386,0.7847481,0.79551774,0.77103174,0.7326194,0.74220204,0.72778195,0.708741,0.7347664,0.73806775,0.736843,0.73215497,0.73060626,0.7247633,0.694366,0.7521045,0.7244127,0.78307295,0.77450293,0.7818373,0.79932094,0.75914544,0.76997715,0.77903366,0.75139266,0.7779019,0.78423315,0.76350206,0.77747405,0.77236086,0.75729823,0.82006127,0.7947215,0.77965087,0.7825726,0.78494185,0.8466931,0.8334019,0.78916174,0.77158284,0.7991567,0.7743229,0.7579825,0.7798253,0.77643687,0.75633615,0.7634455,0.756751,0.8273829,0.79657173,0.82972264,0.8140577,0.8184402,0.7643894,0.7821361,0.77127194,0.82138044,0.8252185,0.8033584,0.78138983,0.7738843,0.7847595,0.83887476,0.8300004,0.81673837,0.8203318,0.83819103,0.8390317,0.84219456,0.83433163,0.83999157,0.81579906,0.81252915,0.7821179,0.7470832,0.78586036,0.76074314,0.72124475,0.73150873,0.71898794,0.7010777,0.7253062,0.72965974,0.7314986,0.7238862,0.7259073,0.7231616,0.6928232,0.7452197,0.71908545,0.7740005,0.76888764,0.73988897,0.758794,0.82909644,0.8067562,0.80547255,0.7706693,0.7892896,0.7922019,0.7735902,0.76159716,0.7514617,0.7778938,0.7771254,0.78143257,0.7935873,0.781765,0.75112635,0.7691596,0.8404987,0.8163142,0.8189715,0.78274447,0.79794705,0.8015783,0.78450704,0.7736833,0.76326716,0.7857992,0.7841268
TC-UserAccess-002,0.78037184,0.79586524,0.79145193,0.8039271,0.76523983,0.7741187,0.7849864,0.7644778,0.7800855,0.7900203,0.7844539,0.783566,0.7751588,0.77442527,0.8329601,0.81675947,0.7992841,0.8008256,0.8040995,0.8499709,0.8513886,0.7908484,0.787204,0.80768955,0.7980909,0.76103795,0.78621686,0.7773317,0.7702044,0.7733371,0.76691484,0.8460845,0.8337383,0.8447891,0.82978827,0.82665336,0.76982087,0.7831551,0.77566665,0.8208129,0.8194949,0.80615926,0.7861724,0.78318816,0.80213404,0.8459904,0.84623796,0.8339814,0.8232443,0.83453554,0.84201,0.8556811,0.8412378,0.8422418,0.8333634,0.82369703,0.78701544,0.76837564,0.79776096,0.77799,0.7402008,0.7527305,0.73792297,0.72202575,0.74265456,0.744733,0.7411141,0.73482156,0.73546386,0.730895,0.71999615,0.75376606,0.7501634,0.7989445,0.7876354,0.7612729,0.7791177,0.83226436,0.8179171,0.8177956,0.8071537,0.81244624,0.81523263,0.7971248,0.771152,0.765739,0.78613365,0.7823746,0.803892,0.7762761,0.7374368,0.75103855,0.7353914,0.720221,0.74143714,0.7427219,0.73932,0.7327961,0.73527694,0.72994494,0.7188004,0.75402904,0.7495844,0.7733956,0.77771,0.7822839,0.7988967,0.76007676,0.7697059,0.779239,0.75540274,0.77815676,0.78145456,0.77527434,0.7765325,0.76771533,0.7668388,0.8176967,0.79977196,0.7813816,0.7831947,0.7860464,0.8440348,0.84717077,0.78643334,0.78359926,0.7980035,0.78914726,0.755044,0.7789617,0.77055234,0.76189375,0.7635467,0.7554014,0.82840294,0.81706274,0.82912046,0.8182106,0.8119519,0.7589362,0.76850146,0.7657937,0.8141366,0.81158125,0.79566324,0.774988,0.7694007,0.79454577,0.82296944,0.8218554,0.8153477,0.8125993,0.8284172,0.8274306,0.8333951,0.82473356,0.8280788,0.81390435,0.807237,0.7730759,0.7548746,0.7793606,0.7664895,0.72665656,0.7406008,0.72658837,0.7124931,0.73254037,0.734179,0.7337474,0.72491705,0.7307559,0.72833395,0.7159448,0.7476649,0.7438926,0.77696085,0.7714646,0.7487227,0.76654065,0.8207645,0.80499977,0.8025324,0.7902918,0.80127233,0.80218834,0.78666615,0.76096684,0.755135,0.77561593,0.7746072,0.7895515,0.79787135,0.78538996,0.7601365,0.77738786,0.8317044,0.8153012,0.8161394,0.803955,0.8113101,0.8124396,0.79682297,0.7725876,0.7656281,0.7836834,0.7816574
TC-UserAccess-003,0.79674876,0.8048581,0.7999616,0.80770206,0.7739163,0.778593,0.7946218,0.7699237,0.7863533,0.79985017,0.7796415,0.7969671,0.7848786,0.77032214,0.82864076,0.80905646,0.80737174,0.80931044,0.81229794,0.854056,0.83990407,0.79597694,0.7776996,0.8100357,0.78400993,0.764085,0.7880249,0.7827268,0.76623154,0.77362114,0.77055824,0.84338725,0.8115797,0.84858716,0.82588845,0.82916427,0.7693862,0.7866391,0.7709209,0.82024425,0.82806355,0.8079467,0.7880558,0.7799177,0.78144145,0.8505502,0.8498728,0.82947385,0.8215121,0.8426354,0.8483423,0.8608074,0.8495716,0.84875834,0.82658535,0.82222664,0.7913904,0.764012,0.79975057,0.7802275,0.745612,0.7550484,0.73650473,0.718469,0.7416634,0.7449548,0.74267185,0.7378348,0.72977346,0.7318174,0.7022536,0.75652605,0.72927064,0.80613655,0.7968511,0.74891925,0.7610531,0.8325801,0.8190447,0.81904316,0.7835705,0.79837465,0.8021256,0.78357,0.7701718,0.76592183,0.78154135,0.7810967,0.8095338,0.7790051,0.7428479,0.75330174,0.7339062,0.7164018,0.7406694,0.7429825,0.74084425,0.73579365,0.72935474,0.7306599,0.70073384,0.75665414,0.72823334,0.78747356,0.78473896,0.78890485,0.8021564,0.7674365,0.77207696,0.7876233,0.7599661,0.7838582,0.79053706,0.7699993,0.78840333,0.77617836,0.76215225,0.8130774,0.79151905,0.78725934,0.79038477,0.79250765,0.8472015,0.83494353,0.7904665,0.77322483,0.7999812,0.7748478,0.756088,0.7794654,0.7746884,0.75660765,0.76208895,0.7575323,0.82445717,0.7947796,0.8309485,0.8133445,0.8127284,0.7572538,0.77081513,0.760507,0.812805,0.81986046,0.7964598,0.7762501,0.76555383,0.77356195,0.82720965,0.8244103,0.80919707,0.81009024,0.8359005,0.83313996,0.83730924,0.8320608,0.8339541,0.80620146,0.8051253,0.7764634,0.7499941,0.78013974,0.7684468,0.73021466,0.7413773,0.72358763,0.7072608,0.7303949,0.7332777,0.7339355,0.7262541,0.72384715,0.7283332,0.69766194,0.74873984,0.722168,0.78204274,0.77812785,0.735833,0.7478553,0.8205457,0.8060775,0.8024868,0.7676648,0.7878202,0.7899904,0.77243423,0.75911254,0.75338656,0.77063286,0.7728231,0.79318917,0.80530626,0.79469305,0.7479076,0.759258,0.8314339,0.81607443,0.8170037,0.7799372,0.7965747,0.79915726,0.7830588,0.77107894,0.76520383,0.77874225,0.780189
TC-Navigation-001,0.7602486,0.7870551,0.7447935,0.7429304,0.7273044,0.74218804,0.73673487,0.7262641,0.74538314,0.7588233,0.73651946,0.74952143,0.75493884,0.7373995,0.78703785,0.78716594,0.7788839,0.78690624,0.78612965,0.8020152,0.7769841,0.7717831,0.7520298,0.7786917,0.75019044,0.74997914,0.77574444,0.7639313,0.7579658,0.7565273,0.7630907,0.82206947,0.78797436,0.8285645,0.8081875,0.79098475,0.76314235,0.77365434,0.7713187,0.7918662,0.7949735,0.80585593,0.7829016,0.7710258,0.7694843,0.8611884,0.84192,0.83301806,0.81741905,0.8294782,0.85167557,0.8503729,0.8573426,0.8519578,0.8335253,0.8086804,0.8174848,0.7584745,0.839223,0.7536695,0.7483874,0.7438638,0.7485072,0.721007,0.7438012,0.735476,0.7180494,0.73653764,0.7190335,0.7279551,0.69923973,0.73067653,0.7056578,0.7820706,0.7710912,0.74568045,0.74824363,0.8051336,0.7968415,0.7879235,0.7486708,0.78229517,0.78463066,0.7437036,0.7346648,0.72786194,0.7463112,0.74907637,0.7639415,0.7519132,0.7449529,0.7418814,0.7448197,0.71827257,0.7420082,0.73319465,0.716251,0.73400927,0.7186282,0.72667855,0.6980194,0.7305372,0.70499134,0.7594508,0.7734703,0.74242914,0.7451887,0.7269318,0.7412135,0.7375288,0.72150946,0.74630356,0.75550103,0.7327024,0.7469996,0.75156295,0.7347468,0.77950156,0.77655303,0.7682958,0.7761243,0.77524865,0.79788554,0.7752297,0.7702358,0.7511265,0.77281576,0.74569696,0.7467272,0.7708344,0.7597685,0.7535786,0.75145566,0.753584,0.8098682,0.7777193,0.8167595,0.80077994,0.7832961,0.7573749,0.765013,0.76561785,0.78853595,0.7917891,0.7994716,0.77611554,0.7622122,0.7669215,0.8420439,0.82131803,0.8168852,0.80890733,0.8231285,0.83898675,0.82984376,0.84107137,0.83948207,0.81656325,0.79983956,0.80911475,0.75006527,0.8212029,0.7457442,0.7351991,0.7329526,0.7384746,0.7140896,0.735498,0.72854924,0.71503544,0.7284278,0.7167989,0.7262832,0.69794065,0.72799486,0.70315695,0.76822126,0.76318145,0.73648405,0.7393074,0.797891,0.78859043,0.77781355,0.73863983,0.7754677,0.7760587,0.73877466,0.73181856,0.72258914,0.73939085,0.7443785,0.7567693,0.7808466,0.7691705,0.74393123,0.7455744,0.8046441,0.7942699,0.7858258,0.74439514,0.7800399,0.78185844,0.7440959,0.73637104,0.7286978,0.7435832,0.7483991
TC-Navigation-002,0.7758617,0.8128094,0.7649465,0.7594561,0.74871266,0.76133615,0.75622666,0.74502313,0.7603925,0.7610593,0.7390256,0.7493725,0.75665975,0.7393309,0.78064865,0.79187834,0.80807084,0.81299055,0.8132106,0.795681,0.76861304,0.7875815,0.7656924,0.78712237,0.7601825,0.7621535,0.7922814,0.7757382,0.7815525,0.7852674,0.7931158,0.81628925,0.7816077,0.82364476,0.7982211,0.7991867,0.7729102,0.7825351,0.78217816,0.8001458,0.80096704,0.8119107,0.79751354,0.78775233,0.7801317,0.80879843,0.78749543,0.7866155,0.76399356,0.7939678,0.81746614,0.8026273,0.82352424,0.8182343,0.78694165,0.8056739,0.83155406,0.7728365,0.84260213,0.77705896,0.7743556,0.7610829,0.7710085,0.7461485,0.76471126,0.76309305,0.7472127,0.76261675,0.74382675,0.7491126,0.7175122,0.75151384,0.7249957,0.8060095,0.7860839,0.74520177,0.75096095,0.8063908,0.8014204,0.79088986,0.7538376,0.7870369,0.7895157,0.7590988,0.7497333,0.7491602,0.75678986,0.7617641,0.7818027,0.77537477,0.77077425,0.7590352,0.76719195,0.74317497,0.76272416,0.7605468,0.74517757,0.7599662,0.74317616,0.74770427,0.7163056,0.751189,0.7239237,0.7742822,0.79638964,0.7619575,0.76163673,0.7483256,0.76060283,0.75702226,0.7401409,0.7621,0.75909936,0.736415,0.74737686,0.7540481,0.7368145,0.7734613,0.780997,0.7944037,0.79907644,0.7988668,0.79292756,0.76755095,0.78650856,0.7651937,0.78251636,0.75659066,0.7579727,0.78635335,0.7714481,0.7765708,0.7800425,0.7826241,0.804874,0.77220446,0.81232566,0.79192305,0.7905837,0.76642954,0.7731671,0.7760944,0.79649997,0.79804003,0.8049891,0.79044664,0.7787188,0.7773258,0.7946543,0.7710001,0.7750506,0.76024026,0.7904728,0.80825984,0.7865991,0.8111416,0.80913097,0.77455163,0.79735446,0.8227482,0.7647027,0.8247762,0.76915264,0.76075184,0.75142646,0.76037365,0.73834896,0.75618166,0.7555271,0.7427947,0.7539422,0.7407337,0.74719375,0.71512043,0.74812484,0.7215848,0.78789496,0.77470946,0.7361622,0.7427123,0.79978275,0.79285675,0.7808571,0.7440703,0.7804097,0.78129566,0.75419277,0.74629104,0.74264944,0.7498408,0.75686455,0.77379626,0.80468136,0.78335106,0.7441268,0.7488242,0.80535,0.7986001,0.7886495,0.74972785,0.7848605,0.78669214,0.7584751,0.7510153,0.748737,0.75406635,0.7611953
TC-CreationProcess-001,0.7865072,0.7897885,0.7812033,0.780341,0.73941696,0.76435053,0.76870036,0.7363428,0.7541744,0.77534795,0.7599979,0.763359,0.7719032,0.76038086,0.79220915,0.7672848,0.80207986,0.80524373,0.80158174,0.8035136,0.7853997,0.7950342,0.7769131,0.7918151,0.7705693,0.7605412,0.7763081,0.78140557,0.7719773,0.7840894,0.7744887,0.77567786,0.7464735,0.7841428,0.7546146,0.81341285,0.75612265,0.7640403,0.7596155,0.78463227,0.7872923,0.7815232,0.76782113,0.7735089,0.7565849,0.80065405,0.79030114,0.76953506,0.7564878,0.8125032,0.8190571,0.7914605,0.81351626,0.81965184,0.7698904,0.79048103,0.7620723,0.75915873,0.7554526,0.7762336,0.7433015,0.7468944,0.7338804,0.71756816,0.7494184,0.7554227,0.7435915,0.7385333,0.7301772,0.7406297,0.7138907,0.7586036,0.73623633,0.8000677,0.77789944,0.7531078,0.7739197,0.82184863,0.8043357,0.8032167,0.7697824,0.79298985,0.79296225,0.7874228,0.7644952,0.76162434,0.7854301,0.78412646,0.79901093,0.77467734,0.7399554,0.7448199,0.7308138,0.7152991,0.74780697,0.75283664,0.74170613,0.7361254,0.7295896,0.73884666,0.71163034,0.7579228,0.7346151,0.78088886,0.775579,0.7761377,0.7781528,0.73839635,0.763361,0.76560754,0.7314022,0.75306845,0.7704835,0.7556463,0.75885725,0.76705515,0.7557542,0.78117377,0.7572193,0.78823197,0.7910139,0.78734124,0.7984668,0.7815888,0.79172814,0.77433395,0.7852782,0.76483214,0.7547489,0.7691638,0.77776563,0.76566386,0.7758344,0.7653571,0.76340723,0.7374872,0.77225304,0.7470726,0.8020554,0.7475646,0.75313187,0.7519953,0.7793012,0.78186965,0.77458674,0.7595966,0.76314425,0.75199175,0.7845206,0.7728447,0.7552562,0.7500037,0.80618227,0.8081147,0.7747068,0.8008194,0.8090757,0.7547042,0.77807945,0.7514812,0.7499993,0.7436094,0.7673751,0.7309557,0.7369711,0.72468597,0.7098138,0.739884,0.74595535,0.7383715,0.7299565,0.7267744,0.7372706,0.7112061,0.75309306,0.7303441,0.78135496,0.7655027,0.7426904,0.7643957,0.8120602,0.79452896,0.7906287,0.75779873,0.7839095,0.78159726,0.7793273,0.75740135,0.75336146,0.77620304,0.77662593,0.7869012,0.7991582,0.77473474,0.75258654,0.7724137,0.8205783,0.8016645,0.8009472,0.7665761,0.79052246,0.78963584,0.7870773,0.76568574,0.76177263,0.78261673,0.7830863
TC-CreationProcess-002,0.8022715,0.7969659,0.78798807,0.79890186,0.76429164,0.77677953,0.78204906,0.75602925,0.776043,0.78773963,0.77210367,0.7739256,0.78182906,0.76964915,0.80595315,0.79100674,0.80541646,0.80968475,0.8082606,0.82138395,0.8021982,0.80814826,0.787976,0.8114012,0.78769946,0.77215475,0.7821123,0.7856583,0.7834671,0.79003304,0.7896824,0.7908627,0.7601355,0.7915862,0.76833344,0.8293799,0.7732755,0.7859994,0.78550565,0.8019809,0.8062258,0.8006662,0.79208124,0.78911364,0.77437466,0.8198957,0.8118342,0.78752613,0.77133435,0.8276185,0.83358204,0.8060837,0.8278998,0.83350635,0.78786343,0.7987459,0.7744478,0.77246755,0.76703876,0.78739357,0.76007074,0.76327556,0.7493734,0.7291944,0.767334,0.76401794,0.75225884,0.75683045,0.74628896,0.7542703,0.7239509,0.7785231,0.7508052,0.7997661,0.784055,0.7566589,0.78378445,0.8348444,0.8180543,0.8189124,0.7852831,0.8066346,0.8102083,0.79149747,0.77090275,0.76931906,0.7964848,0.79723,0.80396837,0.7861598,0.7571578,0.7613727,0.74660754,0.72713596,0.76583624,0.7616802,0.7507589,0.7546299,0.7459781,0.7528122,0.72219634,0.7782732,0.74957144,0.79635715,0.7815596,0.78152156,0.7951279,0.7612396,0.7739576,0.7781215,0.749556,0.7744598,0.7814386,0.76589745,0.7684299,0.77624345,0.7638712,0.79408896,0.77894133,0.7898776,0.7936989,0.791951,0.8158331,0.7976477,0.80438983,0.7851412,0.80276215,0.7802825,0.7665319,0.7751553,0.780868,0.7768574,0.78132504,0.77990115,0.77745706,0.749306,0.77873003,0.7596984,0.8164253,0.76410943,0.7735732,0.7765453,0.79593337,0.79946864,0.79240936,0.7824183,0.77760535,0.76874113,0.8013599,0.7918645,0.77167785,0.76346374,0.8208488,0.821265,0.7871287,0.8137521,0.82154787,0.7709774,0.78582233,0.7628093,0.7622974,0.7539111,0.77706033,0.7465291,0.7516431,0.73849654,0.72041434,0.7566135,0.75361055,0.7459626,0.74658895,0.7412441,0.7502163,0.7193135,0.7711446,0.74336505,0.78043354,0.771545,0.7453947,0.7725585,0.8241964,0.8063762,0.80462396,0.771045,0.79656446,0.7972542,0.78275335,0.7633446,0.76010156,0.7862043,0.7895738,0.7911706,0.79938364,0.7820913,0.7563671,0.782729,0.83384883,0.81507903,0.8165385,0.7815921,0.8040535,0.80636984,0.79142416,0.77208406,0.7693549,0.79348844,0.7961817
TC-CreationProcess-003,0.77620137,0.7768856,0.7757917,0.7758785,0.73485464,0.7573155,0.76448816,0.73200136,0.7487163,0.76734215,0.7672368,0.7577523,0.762918,0.7664396,0.7890648,0.76194996,0.7904844,0.79287046,0.7894779,0.7950183,0.7944724,0.7900225,0.7868852,0.78639823,0.7820586,0.7522375,0.767131,0.77408767,0.7643236,0.77874714,0.7662981,0.7652824,0.75528836,0.772606,0.7486127,0.8005259,0.7426896,0.7489475,0.744742,0.7711922,0.77675474,0.7678754,0.75523216,0.76210296,0.75740576,0.78471214,0.7778678,0.75792235,0.744392,0.8010184,0.8059046,0.77748036,0.8005139,0.8058876,0.75546646,0.77635306,0.74690706,0.75013065,0.7402053,0.77001864,0.73464745,0.7427352,0.7295835,0.7138054,0.7408116,0.7488804,0.73738694,0.73067594,0.72366655,0.73742414,0.72823346,0.75504977,0.75123125,0.7868579,0.7648637,0.7474114,0.7686045,0.8111452,0.7944859,0.79785526,0.7704754,0.7935531,0.7930969,0.78612727,0.75583696,0.7595627,0.7781156,0.77828795,0.79564947,0.7686147,0.7314827,0.7408079,0.726767,0.7118139,0.73932105,0.74641573,0.7356446,0.72840387,0.72322905,0.7358485,0.7261385,0.75452155,0.7498804,0.7708925,0.7632341,0.77054703,0.77332395,0.7332729,0.7561313,0.7609645,0.72719604,0.74749804,0.76204383,0.76226693,0.75285923,0.7576643,0.76105165,0.77781117,0.7516735,0.77726495,0.7791223,0.7757876,0.7895713,0.790216,0.78622323,0.7839369,0.77936006,0.7756506,0.746788,0.76024735,0.77042806,0.75845265,0.7705802,0.7575776,0.7531009,0.74586684,0.7607911,0.740827,0.7893397,0.7341682,0.7377685,0.73717713,0.7657075,0.7711,0.7610022,0.74676377,0.75176513,0.7525783,0.7694538,0.76121277,0.743489,0.7382895,0.7945503,0.79498863,0.7613549,0.78790474,0.79544574,0.741185,0.7640481,0.7366537,0.7410689,0.72910565,0.76102424,0.72273827,0.7321992,0.7206249,0.7060497,0.73149234,0.73919475,0.73192304,0.7221912,0.7203258,0.7339108,0.72449255,0.74894553,0.7446825,0.76903623,0.75281733,0.7372155,0.7592992,0.8013172,0.78449005,0.78419375,0.7580822,0.78387094,0.781067,0.77806306,0.7486312,0.7505161,0.76889414,0.770525,0.7836429,0.7863885,0.76207495,0.7468641,0.76719224,0.8099177,0.7919755,0.79537207,0.76747453,0.79136884,0.78979445,0.7857214,0.7568935,0.75917995,0.77517843,0.777097
TC-CreationProcess-004,0.7919036,0.78302836,0.78228974,0.7925558,0.75703865,0.77100843,0.7775837,0.7509162,0.77076095,0.7798469,0.77940047,0.76742214,0.7739901,0.7758365,0.80299854,0.78447497,0.7928594,0.79573154,0.7945275,0.81236076,0.8115697,0.80261713,0.8005718,0.8054017,0.7997868,0.7648674,0.7719608,0.7766955,0.77514684,0.7823676,0.78245187,0.7808349,0.769586,0.77902055,0.7644048,0.8160137,0.75879276,0.76889133,0.7714131,0.787676,0.7944968,0.7859853,0.778176,0.7768003,0.77781796,0.8043337,0.7974331,0.7735257,0.7637152,0.81478333,0.81922424,0.79191625,0.81327766,0.81919014,0.77402467,0.7852193,0.75964093,0.7614224,0.7547879,0.7793958,0.7499403,0.75701916,0.74341106,0.7224194,0.7569802,0.7545088,0.74334216,0.74692947,0.73752856,0.7495556,0.73753226,0.7728767,0.76792014,0.7850673,0.7696515,0.74967325,0.77690214,0.82591057,0.8074266,0.81041455,0.79117644,0.8078515,0.8114151,0.78784585,0.76350814,0.76418084,0.79395586,0.7911366,0.80195546,0.77870643,0.74809104,0.75560915,0.74168265,0.7214078,0.75654185,0.75292325,0.74266684,0.7455807,0.73784274,0.7485624,0.7364923,0.7729563,0.7673965,0.78583217,0.7685073,0.7754719,0.78855455,0.75379,0.7676142,0.7732031,0.7444638,0.76898646,0.77280885,0.7724354,0.7615113,0.76739997,0.7691292,0.79065645,0.7723902,0.7784389,0.7808181,0.7794329,0.8060475,0.80635715,0.79819465,0.79684657,0.79610586,0.7914438,0.7593014,0.76512814,0.77187073,0.7682778,0.77355444,0.772869,0.76709163,0.75814235,0.7663838,0.7551185,0.8031323,0.7497274,0.7564577,0.76211643,0.78166634,0.78759795,0.7777665,0.76829046,0.7651968,0.7716418,0.7861842,0.7782569,0.7581129,0.75476706,0.80784655,0.80665743,0.77328575,0.79920274,0.8069632,0.7575296,0.77209157,0.7483077,0.75150514,0.74157655,0.7689061,0.7369291,0.7447109,0.7324275,0.7136685,0.7463328,0.744025,0.73673314,0.7367132,0.73242074,0.74521595,0.7317717,0.76514125,0.75945705,0.7671395,0.757872,0.73830485,0.7658749,0.81496495,0.79575765,0.79563344,0.7754277,0.7969847,0.79762185,0.77899885,0.75579274,0.7546694,0.7831602,0.78322613,0.7890793,0.78448117,0.76738787,0.74902886,0.7754724,0.8247863,0.8045448,0.8078152,0.7877054,0.80534744,0.80749094,0.7876721,0.7644003,0.7637449,0.79097176,0.78985393
TC-UserAccess-001,0.79100746,0.7921557,0.7916211,0.8045708,0.76457936,0.77498,0.7850779,0.76064146,0.78021425,0.7927445,0.7719235,0.784519,0.77981746,0.7644932,0.83518875,0.8107854,0.7972937,0.7995875,0.80245876,0.85312796,0.8380087,0.7941432,0.7756622,0.808992,0.78327346,0.7658339,0.78812164,0.78364277,0.7654022,0.7745289,0.76913136,0.8454025,0.8123083,0.8458692,0.8252887,0.8333854,0.77534795,0.79639626,0.78101385,0.8286095,0.8333624,0.814023,0.79241264,0.7875917,0.7917979,0.8620701,0.8546467,0.83597213,0.83160436,0.84451914,0.8539684,0.8652672,0.8511344,0.85453403,0.83625937,0.8292102,0.79638267,0.7602562,0.8048936,0.77262557,0.7354454,0.7440638,0.73047507,0.71076745,0.73576325,0.74008906,0.7387759,0.7341712,0.73100984,0.725973,0.6957661,0.7519479,0.725275,0.7954692,0.78462595,0.75266623,0.77136886,0.8410866,0.8190124,0.820511,0.78611505,0.79954445,0.80453575,0.7840836,0.7718989,0.7625756,0.78822386,0.7847481,0.79551774,0.77103174,0.7326194,0.74220204,0.72778195,0.708741,0.7347664,0.73806775,0.736843,0.73215497,0.73060626,0.7247633,0.694366,0.7521045,0.7244127,0.78307295,0.77450293,0.7818373,0.79932094,0.75914544,0.76997715,0.77903366,0.75139266,0.7779019,0.78423315,0.76350206,0.77747405,0.77236086,0.75729823,0.82006127,0.7947215,0.77965087,0.7825726,0.78494185,0.8466931,0.8334019,0.78916174,0.77158284,0.7991567,0.7743229,0.7579825,0.7798253,0.77643687,0.75633615,0.7634455,0.756751,0.8273829,0.79657173,0.82972264,0.8140577,0.8184402,0.7643894,0.7821361,0.77127194,0.82138044,0.8252185,0.8033584,0.78138983,0.7738843,0.7847595,0.83887476,0.8300004,0.81673837,0.8203318,0.83819103,0.8390317,0.84219456,0.83433163,0.83999157,0.81579906,0.81252915,0.7821179,0.7470832,0.78586036,0.76074314,0.72124475,0.73150873,0.71898794,0.7010777,0.7253062,0.72965974,0.7314986,0.7238862,0.7259073,0.7231616,0.6928232,0.7452197,0.71908545,0.7740005,0.76888764,0.73988897,0.758794,0.82909644,0.8067562,0.80547255,0.7706693,0.7892896,0.7922019,0.7735902,0.76159716,0.7514617,0.7778938,0.7771254,0.78143257,0.7935873,0.781765,0.75112635,0.7691596,0.8404987,0.8163142,0.8189715,0.78274447,0.79794705,0.8015783,0.78450704,0.7736833,0.76326716,0.7857992,0.7841268
TC-UserAccess-002,0.78037184,0.79586524,0.79145193,0.8039271,0.76523983,0.7741187,0.7849864,0.7644778,0.7800855,0.7900203,0.7844539,0.783566,0.7751588,0.77442527,0.8329601,0.81675947,0.7992841,0.8008256,0.8040995,0.8499709,0.8513886,0.7908484,0.787204,0.80768955,0.7980909,0.76103795,0.78621686,0.7773317,0.7702044,0.7733371,0.76691484,0.8460845,0.8337383,0.8447891,0.82978827,0.82665336,0.76982087,0.7831551,0.77566665,0.8208129,0.8194949,0.80615926,0.7861724,0.78318816,0.80213404,0.8459904,0.84623796,0.8339814,0.8232443,0.83453554,0.84201,0.8556811,0.8412378,0.8422418,0.8333634,0.82369703,0.78701544,0.76837564,0.79776096,0.77799,0.7402008,0.7527305,0.73792297,0.72202575,0.74265456,0.744733,0.7411141,0.73482156,0.73546386,0.730895,0.71999615,0.75376606,0.7501634,0.7989445,0.7876354,0.7612729,0.7791177,0.83226436,0.8179171,0.8177956,0.8071537,0.81244624,0.81523263,0.7971248,0.771152,0.765739,0.78613365,0.7823746,0.803892,0.7762761,0.7374368,0.75103855,0.7353914,0.720221,0.74143714,0.7427219,0.73932,0.7327961,0.73527694,0.72994494,0.7188004,0.75402904,0.7495844,0.7733956,0.77771,0.7822839,0.7988967,0.76007676,0.7697059,0.779239,0.75540274,0.77815676,0.78145456,0.77527434,0.7765325,0.76771533,0.7668388,0.8176967,0.79977196,0.7813816,0.7831947,0.7860464,0.8440348,0.84717077,0.78643334,0.78359926,0.7980035,0.78914726,0.755044,0.7789617,0.77055234,0.76189375,0.7635467,0.7554014,0.82840294,0.81706274,0.82912046,0.8182106,0.8119519,0.7589362,0.76850146,0.7657937,0.8141366,0.81158125,0.79566324,0.774988,0.7694007,0.79454577,0.82296944,0.8218554,0.8153477,0.8125993,0.8284172,0.8274306,0.8333951,0.82473356,0.8280788,0.81390435,0.807237,0.7730759,0.7548746,0.7793606,0.7664895,0.72665656,0.7406008,0.72658837,0.7124931,0.73254037,0.734179,0.7337474,0.72491705,0.7307559,0.72833395,0.7159448,0.7476649,0.7438926,0.77696085,0.7714646,0.7487227,0.76654065,0.8207645,0.80499977,0.8025324,0.7902918,0.80127233,0.80218834,0.78666615,0.76096684,0.755135,0.77561593,0.7746072,0.7895515,0.79787135,0.78538996,0.7601365,0.77738786,0.8317044,0.8153012,0.8161394,0.803955,0.8113101,0.8124396,0.79682297,0.7725876,0.7656281,0.7836834,0.7816574
TC-UserAccess-003,0.79674876,0.8048581,0.7999616,0.80770206,0.7739163,0.778593,0.7946218,0.7699237,0.7863533,0.79985017,0.7796415,0.7969671,0.7848786,0.77032214,0.82864076,0.80905646,0.80737174,0.80931044,0.81229794,0.854056,0.83990407,0.79597694,0.7776996,0.8100357,0.78400993,0.764085,0.7880249,0.7827268,0.76623154,0.77362114,0.77055824,0.84338725,0.8115797,0.84858716,0.82588845,0.82916427,0.7693862,0.7866391,0.7709209,0.82024425,0.82806355,0.8079467,0.7880558,0.7799177,0.78144145,0.8505502,0.8498728,0.82947385,0.8215121,0.8426354,0.8483423,0.8608074,0.8495716,0.84875834,0.82658535,0.82222664,0.7913904,0.764012,0.79975057,0.7802275,0.745612,0.7550484,0.73650473,0.718469,0.7416634,0.7449548,0.74267185,0.7378348,0.72977346,0.7318174,0.7022536,0.75652605,0.72927064,0.80613655,0.7968511,0.74891925,0.7610531,0.8325801,0.8190447,0.81904316,0.7835705,0.79837465,0.8021256,0.78357,0.7701718,0.76592183,0.78154135,0.7810967,0.8095338,0.7790051,0.7428479,0.75330174,0.7339062,0.7164018,0.7406694,0.7429825,0.74084425,0.73579365,0.72935474,0.7306599,0.70073384,0.75665414,0.72823334,0.78747356,0.78473896,0.78890485,0.8021564,0.7674365,0.77207696,0.7876233,0.7599661,0.7838582,0.79053706,0.7699993,0.78840333,0.77617836,0.76215225,0.8130774,0.79151905,0.78725934,0.79038477,0.79250765,0.8472015,0.83494353,0.7904665,0.77322483,0.7999812,0.7748478,0.756088,0.7794654,0.7746884,0.75660765,0.76208895,0.7575323,0.82445717,0.7947796,0.8309485,0.8133445,0.8127284,0.7572538,0.77081513,0.760507,0.812805,0.81986046,0.7964598,0.7762501,0.76555383,0.77356195,0.82720965,0.8244103,0.80919707,0.81009024,0.8359005,0.83313996,0.83730924,0.8320608,0.8339541,0.80620146,0.8051253,0.7764634,0.7499941,0.78013974,0.7684468,0.73021466,0.7413773,0.72358763,0.7072608,0.7303949,0.7332777,0.7339355,0.7262541,0.72384715,0.7283332,0.69766194,0.74873984,0.722168,0.78204274,0.77812785,0.735833,0.7478553,0.8205457,0.8060775,0.8024868,0.7676648,0.7878202,0.7899904,0.77243423,0.75911254,0.75338656,0.77063286,0.7728231,0.79318917,0.80530626,0.79469305,0.7479076,0.759258,0.8314339,0.81607443,0.8170037,0.7799372,0.7965747,0.79915726,0.7830588,0.77107894,0.76520383,0.77874225,0.780189
TC-Navigation-001,0.7602486,0.7870551,0.7447935,0.7429304,0.7273044,0.74218804,0.73673487,0.7262641,0.74538314,0.7588233,0.73651946,0.74952143,0.75493884,0.7373995,0.78703785,0.78716594,0.7788839,0.78690624,0.78612965,0.8020152,0.7769841,0.7717831,0.7520298,0.7786917,0.75019044,0.74997914,0.77574444,0.7639313,0.7579658,0.7565273,0.7630907,0.82206947,0.78797436,0.8285645,0.8081875,0.79098475,0.76314235,0.77365434,0.7713187,0.7918662,0.7949735,0.80585593,0.7829016,0.7710258,0.7694843,0.8611884,0.84192,0.83301806,0.81741905,0.8294782,0.85167557,0.8503729,0.8573426,0.8519578,0.8335253,0.8086804,0.8174848,0.7584745,0.839223,0.7536695,0.7483874,0.7438638,0.7485072,0.721007,0.7438012,0.735476,0.7180494,0.73653764,0.7190335,0.7279551,0.69923973,0.73067653,0.7056578,0.7820706,0.7710912,0.74568045,0.74824363,0.8051336,0.7968415,0.7879235,0.7486708,0.78229517,0.78463066,0.7437036,0.7346648,0.72786194,0.7463112,0.74907637,0.7639415,0.7519132,0.7449529,0.7418814,0.7448197,0.71827257,0.7420082,0.73319465,0.716251,0.73400927,0.7186282,0.72667855,0.6980194,0.7305372,0.70499134,0.7594508,0.7734703,0.74242914,0.7451887,0.7269318,0.7412135,0.7375288,0.72150946,0.74630356,0.75550103,0.7327024,0.7469996,0.75156295,0.7347468,0.77950156,0.77655303,0.7682958,0.7761243,0.77524865,0.79788554,0.7752297,0.7702358,0.7511265,0.77281576,0.74569696,0.7467272,0.7708344,0.7597685,0.7535786,0.75145566,0.753584,0.8098682,0.7777193,0.8167595,0.80077994,0.7832961,0.7573749,0.765013,0.76561785,0.78853595,0.7917891,0.7994716,0.77611554,0.7622122,0.7669215,0.8420439,0.82131803,0.8168852,0.80890733,0.8231285,0.83898675,0.82984376,0.84107137,0.83948207,0.81656325,0.79983956,0.80911475,0.75006527,0.8212029,0.7457442,0.7351991,0.7329526,0.7384746,0.7140896,0.735498,0.72854924,0.71503544,0.7284278,0.7167989,0.7262832,0.69794065,0.72799486,0.70315695,0.76822126,0.76318145,0.73648405,0.7393074,0.797891,0.78859043,0.77781355,0.73863983,0.7754677,0.7760587,0.73877466,0.73181856,0.72258914,0.73939085,0.7443785,0.7567693,0.7808466,0.7691705,0.74393123,0.7455744,0.8046441,0.7942699,0.7858258,0.74439514,0.7800399,0.78185844,0.7440959,0.73637104,0.7286978,0.7435832,0.7483991
TC-Navigation-002,0.7758617,0.8128094,0.7649465,0.7594561,0.74871266,0.76133615,0.75622666,0.74502313,0.7603925,0.7610593,0.7390256,0.7493725,0.75665975,0.7393309,0.78064865,0.79187834,0.80807084,0.81299055,0.8132106,0.795681,0.76861304,0.7875815,0.7656924,0.78712237,0.7601825,0.7621535,0.7922814,0.7757382,0.7815525,0.7852674,0.7931158,0.81628925,0.7816077,0.82364476,0.7982211,0.7991867,0.7729102,0.7825351,0.78217816,0.8001458,0.80096704,0.8119107,0.79751354,0.78775233,0.7801317,0.80879843,0.78749543,0.7866155,0.76399356,0.7939678,0.81746614,0.8026273,0.82352424,0.8182343,0.78694165,0.8056739,0.83155406,0.7728365,0.84260213,0.77705896,0.7743556,0.7610829,0.7710085,0.7461485,0.76471126,0.76309305,0.7472127,0.76261675,0.74382675,0.7491126,0.7175122,0.75151384,0.7249957,0.8060095,0.7860839,0.74520177,0.75096095,0.8063908,0.8014204,0.79088986,0.7538376,0.7870369,0.7895157,0.7590988,0.7497333,0.7491602,0.75678986,0.7617641,0.7818027,0.77537477,0.77077425,0.7590352,0.76719195,0.74317497,0.76272416,0.7605468,0.74517757,0.7599662,0.74317616,0.74770427,0.7163056,0.751189,0.7239237,0.7742822,0.79638964,0.7619575,0.76163673,0.7483256,0.76060283,0.75702226,0.7401409,0.7621,0.75909936,0.736415,0.74737686,0.7540481,0.7368145,0.7734613,0.780997,0.7944037,0.79907644,0.7988668,0.79292756,0.76755095,0.78650856,0.7651937,0.78251636,0.75659066,0.7579727,0.78635335,0.7714481,0.7765708,0.7800425,0.7826241,0.804874,0.77220446,0.81232566,0.79192305,0.7905837,0.76642954,0.7731671,0.7760944,0.79649997,0.79804003,0.8049891,0.79044664,0.7787188,0.7773258,0.7946543,0.7710001,0.7750506,0.76024026,0.7904728,0.80825984,0.7865991,0.8111416,0.80913097,0.77455163,0.79735446,0.8227482,0.7647027,0.8247762,0.76915264,0.76075184,0.75142646,0.76037365,0.73834896,0.75618166,0.7555271,0.7427947,0.7539422,0.7407337,0.74719375,0.71512043,0.74812484,0.7215848,0.78789496,0.77470946,0.7361622,0.7427123,0.79978275,0.79285675,0.7808571,0.7440703,0.7804097,0.78129566,0.75419277,0.74629104,0.74264944,0.7498408,0.75686455,0.77379626,0.80468136,0.78335106,0.7441268,0.7488242,0.80535,0.7986001,0.7886495,0.74972785,0.7848605,0.78669214,0.7584751,0.7510153,0.748737,0.75406635,0.7611953
TC-CreationProcess-001,0.7865072,0.7897885,0.7812033,0.780341,0.73941696,0.76435053,0.76870036,0.7363428,0.7541744,0.77534795,0.7599979,0.763359,0.7719032,0.76038086,0.79220915,0.7672848,0.80207986,0.80524373,0.80158174,0.8035136,0.7853997,0.7950342,0.7769131,0.7918151,0.7705693,0.7605412,0.7763081,0.78140557,0.7719773,0.7840894,0.7744887,0.77567786,0.7464735,0.7841428,0.7546146,0.81341285,0.75612265,0.7640403,0.7596155,0.78463227,0.7872923,0.7815232,0.76782113,0.7735089,0.7565849,0.80065405,0.79030114,0.76953506,0.7564878,0.8125032,0.8190571,0.7914605,0.81351626,0.81965184,0.7698904,0.79048103,0.7620723,0.75915873,0.7554526,0.7762336,0.7433015,0.7468944,0.7338804,0.71756816,0.7494184,0.7554227,0.7435915,0.7385333,0.7301772,0.7406297,0.7138907,0.7586036,0.73623633,0.8000677,0.77789944,0.7531078,0.7739197,0.82184863,0.8043357,0.8032167,0.7697824,0.79298985,0.79296225,0.7874228,0.7644952,0.76162434,0.7854301,0.78412646,0.79901093,0.77467734,0.7399554,0.7448199,0.7308138,0.7152991,0.74780697,0.75283664,0.74170613,0.7361254,0.7295896,0.73884666,0.71163034,0.7579228,0.7346151,0.78088886,0.775579,0.7761377,0.7781528,0.73839635,0.763361,0.76560754,0.7314022,0.75306845,0.7704835,0.7556463,0.75885725,0.76705515,0.7557542,0.78117377,0.7572193,0.78823197,0.7910139,0.78734124,0.7984668,0.7815888,0.79172814,0.77433395,0.7852782,0.76483214,0.7547489,0.7691638,0.77776563,0.76566386,0.7758344,0.7653571,0.76340723,0.7374872,0.77225304,0.7470726,0.8020554,0.7475646,0.75313187,0.7519953,0.7793012,0.78186965,0.77458674,0.7595966,0.76314425,0.75199175,0.7845206,0.7728447,0.7552562,0.7500037,0.80618227,0.8081147,0.7747068,0.8008194,0.8090757,0.7547042,0.77807945,0.7514812,0.7499993,0.7436094,0.7673751,0.7309557,0.7369711,0.72468597,0.7098138,0.739884,0.74595535,0.7383715,0.7299565,0.7267744,0.7372706,0.7112061,0.75309306,0.7303441,0.78135496,0.7655027,0.7426904,0.7643957,0.8120602,0.79452896,0.7906287,0.75779873,0.7839095,0.78159726,0.7793273,0.75740135,0.75336146,0.77620304,0.77662593,0.7869012,0.7991582,0.77473474,0.75258654,0.7724137,0.8205783,0.8016645,0.8009472,0.7665761,0.79052246,0.78963584,0.7870773,0.76568574,0.76177263,0.78261673,0.7830863
