,TC-ExampleInstrumentedTest-1,TC-AllattamentoFragment-001,TC-AllattamentoFragment-002,TC-AllattamentoFragment-003,TC-AllattamentoFragment-004,TC-AllattamentoFragment-005,TC-AllattamentoFragment-006,TC-CreaFamilyActivity-001,TC-CreaFamilyActivity-002,TC-CreaFamilyActivity-003,TC-CreaFamilyActivity-004,TC-CreaFamilyActivity-005,TC-CreaFamilyActivity-006,TC-CrescitaFragment-001,TC-CrescitaFragment-002,TC-CrescitaFragment-003,TC-CrescitaFragment-004,TC-CrescitaFragment-005,TC-CrescitaFragment-006,TC-EditNoteFragment-001,TC-EditNoteFragment-002,TC-EditNoteFragment-003,TC-EditNoteFragment-004,TC-EditNoteFragment-005,TC-EditNoteFragment-006,TC-EditNoteFragment-007,TC-EditNoteFragment-008,TC-EditNoteFragment-009,TC-FamilyActivity-001,TC-FamilyActivity-002,TC-FamilyActivity-003,TC-FamilyActivity-004,TC-GRAPHALLATTAMENTO-001,TC-GRAPHALLATTAMENTO-002,TC-GRAPHALLATTAMENTO-003,TC-GRAPHALLATTAMENTO-004,TC-GRAPHALLATTAMENTO-005,TC-GRAPHALLATTAMENTO-006,TC-GRAPHALLATTAMENTO-007,TC-GRAPHALLATTAMENTO-008,TC-GRAPHALLATTAMENTO-009,TC-GRAPHALLATTAMENTO-010,TC-GRAPHALLATTAMENTO-011,TC-GRAPH-001,TC-GRAPH-002,TC-GRAPH-003,TC-GRAPH-004,TC-GRAPH-005,TC-GRAPH-006,TC-GRAPH-007,TC-GRAPH-008,TC-GRAPH-009,TC-GRAPH-010,TC-GRAPH-011,TC-GRAPHSONNOFRAGMENT-001,TC-GRAPHSONNOFRAGMENT-002,TC-GRAPHSONNOFRAGMENT-003,TC-GRAPHSONNOFRAGMENT-004,TC-GRAPHSONNOFRAGMENT-005,TC-GRAPHSONNOFRAGMENT-006,TC-HomeActivity-001,TC-HomeActivity-002,TC-HomeActivity-003,TC-HomeActivity-004,TC-HomeActivity-005,TC-HomeFragment-001,TC-HomeFragment-002,TC-HomeFragment-003,TC-HomeFragment-004,TC-HomeFragment-005,TC-HomeFragment-006,TC-HomeFragment-007,TC-HomeFragment-008,TC-HomeFragment-009,TC-HomeFragment-010,TC-JoinFamilyActivity-001,TC-JoinFamilyActivity-002,TC-JoinFamilyActivity-003,TC-JoinFamilyActivity-004,TC-JoinFamilyActivity-005,TC-LoginActivity-001,TC-LoginActivity-002,TC-LoginActivity-003,TC-LoginActivity-004,TC-LoginActivity-005,TC-LoginActivity-006,TC-LoginActivity-007,TC-LoginActivity-008,TC-LoginActivity-009,TC-LoginActivity-010,TC-MenuNoteFragment-001,TC-MenuNoteFragment-002,TC-MenuNoteFragment-003,TC-MenuNoteFragment-004,TC-MenuNoteFragment-005,TC-MenuNoteFragment-006,TC-MenuNoteFragment-007,TC-MonitorFragment-001,TC-MonitorFragment-002,TC-MonitorFragment-003,TC-MonitorFragment-004,TC-MonitorFragment-005,TC-MonitorFragment-006,TC-NoteFragment-001,TC-NoteFragment-002,TC-NoteFragment-003,TC-NoteFragment-004,TC-NoteFragment-005,TC-NoteFragment-006,TC-NoteFragment-007,TC-ProfileActivity-001,TC-ProfileActivity-002,TC-ProfileActivity-003,TC-ProfileActivity-004,TC-ProfileActivity-005,TC-ProfileActivity-006,TC-SettingsFragment-001,TC-SettingsFragment-002,TC-SettingsFragment-003,TC-SettingsFragment-004,TC-SonnoFragment-001,TC-SonnoFragment-002,TC-SonnoFragment-003,TC-SonnoFragment-004,TC-SonnoFragment-005,TC-SonnoFragment-006,TC-SonnoFragment-007,TC-SonnoFragment-008,TC-SonnoFragment-009,TC-SonnoFragment-010,TC-SonnoFragment-011,TC-ExampleUnitTest-1,TC-ExampleInstrumentedTest-1,TC-AllattamentoFragment-001,TC-AllattamentoFragment-002,TC-AllattamentoFragment-003,TC-AllattamentoFragment-004,TC-AllattamentoFragment-005,TC-AllattamentoFragment-006,TC-CreaFamilyActivity-001,TC-CreaFamilyActivity-002,TC-CreaFamilyActivity-003,TC-CreaFamilyActivity-004,TC-CreaFamilyActivity-005,TC-CreaFamilyActivity-006,TC-CrescitaFragment-001,TC-CrescitaFragment-002,TC-CrescitaFragment-003,TC-CrescitaFragment-004,TC-CrescitaFragment-005,TC-CrescitaFragment-006,TC-EditNoteFragment-001,TC-EditNoteFragment-002,TC-EditNoteFragment-003,TC-EditNoteFragment-004,TC-EditNoteFragment-005,TC-EditNoteFragment-006,TC-EditNoteFragment-007,TC-EditNoteFragment-008,TC-EditNoteFragment-009,TC-FamilyActivity-001,TC-FamilyActivity-002,TC-FamilyActivity-003,TC-FamilyActivity-004,TC-GRAPHALLATTAMENTO-001,TC-GRAPHALLATTAMENTO-002,TC-GRAPHALLATTAMENTO-003,TC-GRAPHALLATTAMENTO-004,TC-GRAPHALLATTAMENTO-005,TC-GRAPHALLATTAMENTO-006,TC-GRAPHALLATTAMENTO-007,TC-GRAPHALLATTAMENTO-008,TC-GRAPHALLATTAMENTO-009,TC-GRAPHALLATTAMENTO-010,TC-GRAPHALLATTAMENTO-011,TC-GRAPH-001,TC-GRAPH-002,TC-GRAPH-003,TC-GRAPH-004,TC-GRAPH-005,TC-GRAPH-006,TC-GRAPH-007,TC-GRAPH-008,TC-GRAPH-009,TC-GRAPH-010,TC-GRAPH-011,TC-GRAPHSONNOFRAGMENT-001,TC-GRAPHSONNOFRAGMENT-002,TC-GRAPHSONNOFRAGMENT-003,TC-GRAPHSONNOFRAGMENT-004,TC-GRAPHSONNOFRAGMENT-005,TC-GRAPHSONNOFRAGMENT-006,TC-HomeActivity-001,TC-HomeActivity-002,TC-HomeActivity-003,TC-HomeActivity-004,TC-HomeActivity-005,TC-HomeFragment-001,TC-HomeFragment-002,TC-HomeFragment-003,TC-HomeFragment-004,TC-HomeFragment-005,TC-HomeFragment-006,TC-HomeFragment-007,TC-HomeFragment-008,TC-HomeFragment-009,TC-HomeFragment-010,TC-JoinFamilyActivity-001,TC-JoinFamilyActivity-002,TC-JoinFamilyActivity-003,TC-JoinFamilyActivity-004,TC-JoinFamilyActivity-005,TC-LoginActivity-001,TC-LoginActivity-002,TC-LoginActivity-003,TC-LoginActivity-004,TC-LoginActivity-005,TC-LoginActivity-006,TC-LoginActivity-007,TC-LoginActivity-008,TC-LoginActivity-009,TC-LoginActivity-010,TC-MenuNoteFragment-001,TC-MenuNoteFragment-002,TC-MenuNoteFragment-003,TC-MenuNoteFragment-004,TC-MenuNoteFragment-005,TC-MenuNoteFragment-006,TC-MenuNoteFragment-007,TC-MonitorFragment-001,TC-MonitorFragment-002,TC-MonitorFragment-003,TC-MonitorFragment-004,TC-MonitorFragment-005,TC-MonitorFragment-006,TC-NoteFragment-001,TC-NoteFragment-002,TC-NoteFragment-003,TC-NoteFragment-004,TC-NoteFragment-005,TC-NoteFragment-006,TC-NoteFragment-007,TC-ProfileActivity-001,TC-ProfileActivity-002,TC-ProfileActivity-003,TC-ProfileActivity-004,TC-ProfileActivity-005,TC-ProfileActivity-006,TC-SettingsFragment-001,TC-SettingsFragment-002,TC-SettingsFragment-003,TC-SettingsFragment-004,TC-SonnoFragment-001,TC-SonnoFragment-002,TC-SonnoFragment-003,TC-SonnoFragment-004,TC-SonnoFragment-005,TC-SonnoFragment-006,TC-SonnoFragment-007,TC-SonnoFragment-008,TC-SonnoFragment-009,TC-SonnoFragment-010,TC-SonnoFragment-011,TC-ExampleUnitTest-1
TC-System-001,0.7625332,0.75133973,0.7327992,0.74113953,0.72658825,0.7391682,0.737332,0.77871037,0.79889154,0.7885866,0.7903029,0.77052927,0.79061913,0.77841806,0.77447927,0.7828313,0.78374195,0.79091763,0.7843536,0.7359647,0.74319017,0.7270919,0.7289569,0.72566056,0.72731686,0.7286607,0.723642,0.72819936,0.8080677,0.800665,0.7974858,0.79429066,0.7604679,0.729817,0.7340019,0.73669356,0.72614956,0.74242955,0.72300094,0.7273413,0.7328259,0.7234106,0.7315297,0.77755713,0.74642926,0.73816144,0.7389196,0.73042935,0.7369774,0.7147701,0.73978436,0.7356369,0.74786687,0.7204629,0.7133687,0.68773156,0.702557,0.6750537,0.7140253,0.6846927,0.7739875,0.76650214,0.7656741,0.76550305,0.7648002,0.73595226,0.7315042,0.73057306,0.7318648,0.73005754,0.7306587,0.7320646,0.73049533,0.73224163,0.73350906,0.8080509,0.76184344,0.7759848,0.7957075,0.7835667,0.74829066,0.71743375,0.71886885,0.7282451,0.71425533,0.7213221,0.73003733,0.7171768,0.72723615,0.730737,0.73116386,0.74286306,0.75131196,0.7517134,0.746442,0.75256723,0.7545799,0.7974668,0.7945648,0.79616374,0.7939276,0.79487085,0.79703087,0.73914886,0.7438315,0.73397064,0.74795425,0.7478798,0.74470973,0.7386875,0.7865956,0.78305256,0.77115273,0.7487252,0.76826453,0.7345439,0.7621711,0.7383511,0.7315576,0.7212906,0.754316,0.7442344,0.7427132,0.73674655,0.72187304,0.7228639,0.7313137,0.72868085,0.7380625,0.7255478,0.7318581,0.7793092,0.7749108,0.76966333,0.7550005,0.7609699,0.7479305,0.7622712,0.7594533,0.7895397,0.8078829,0.798561,0.7984953,0.776129,0.7946191,0.7935053,0.785782,0.79656917,0.79823244,0.8002994,0.79489386,0.7465377,0.7557972,0.74174047,0.7374418,0.74487543,0.7473638,0.74412346,0.7432288,0.7488549,0.8210325,0.8110117,0.8078817,0.80441165,0.7708514,0.740611,0.7445741,0.7470442,0.7362013,0.7543494,0.7334589,0.73852587,0.74342966,0.73487854,0.7427851,0.79163814,0.75722426,0.74854875,0.7516556,0.74054056,0.7492771,0.7248735,0.75517344,0.7473509,0.76263154,0.73346317,0.7199192,0.69251066,0.7062304,0.67961156,0.7213736,0.6921948,0.7853999,0.7784564,0.777426,0.7773212,0.7765184,0.748991,0.74174714,0.74084854,0.74187565,0.7405299,0.7412292,0.74221295,0.7407041,0.74280775,0.7440636,0.81997,0.77618665,0.7886883,0.81221557,0.7980833,0.76487213,0.7292903,0.735039,0.7503922,0.7326143,0.7417798,0.75218093,0.73243326,0.74012375,0.7436,0.7392333,0.75370395,0.77049017,0.7614892,0.7577366,0.7669214,0.7666944,0.81004333,0.8077047,0.8122698,0.80858624,0.8070825,0.8102062,0.75240934,0.7549219,0.7522173,0.7596692,0.7592229,0.7554436,0.7489761,0.80286044,0.8033127,0.78973496,0.77040213,0.78471255,0.7559397,0.7743305,0.75081193,0.7458066,0.7382742,0.76127064,0.75415635,0.7499052,0.74541616,0.734237,0.7308527,0.73701584,0.73674643,0.74345535,0.7368799,0.7411925,0.79139507
TC-AccountManagement-002,0.770563,0.7568265,0.72161597,0.7272575,0.7220986,0.7236435,0.74421936,0.7936839,0.7809639,0.7748211,0.8245802,0.7978933,0.81794786,0.7575071,0.7467368,0.7693265,0.7629489,0.7771842,0.7668572,0.74522674,0.7525168,0.73862505,0.7285067,0.72878027,0.73179936,0.733369,0.72546947,0.72953737,0.8222822,0.8007207,0.8128629,0.81307536,0.77716964,0.7485577,0.75386465,0.7543107,0.75353026,0.7624734,0.74759215,0.76014596,0.75195026,0.7537022,0.7602894,0.81282675,0.7844081,0.77554274,0.760336,0.75028145,0.7594596,0.7423904,0.7536744,0.7437747,0.75953126,0.7400302,0.74065006,0.71553135,0.7251196,0.6944364,0.74083906,0.7108394,0.7959613,0.7915093,0.7889337,0.78749716,0.7887951,0.73877937,0.73451644,0.7319694,0.73230183,0.7321501,0.7328416,0.73427033,0.73333216,0.7342283,0.735934,0.81780833,0.78475016,0.8117549,0.80878353,0.8093352,0.8760495,0.85980594,0.8669874,0.8715321,0.84636986,0.86285913,0.8782348,0.87595,0.88812983,0.8916027,0.73188496,0.7467245,0.7392111,0.75984836,0.7493251,0.7545177,0.7580259,0.7776991,0.7773544,0.7733799,0.7763865,0.7768394,0.77401304,0.7465426,0.77670413,0.75935954,0.77608246,0.7643845,0.76558465,0.747878,0.82872355,0.84139085,0.83946645,0.81810296,0.8366563,0.8246258,0.7712111,0.7923005,0.7776466,0.76771283,0.74376976,0.7289465,0.7306798,0.7155595,0.6932384,0.72258216,0.736479,0.72947156,0.74128026,0.7544609,0.76782954,0.7623225,0.7721919,0.76054347,0.7275179,0.7321137,0.7272075,0.7301041,0.74907434,0.7956388,0.7798819,0.77446496,0.82531667,0.7989899,0.818305,0.75983775,0.74958646,0.7725071,0.76660573,0.7789639,0.7680215,0.7460575,0.75470555,0.7402693,0.7293911,0.7335863,0.7365036,0.7372109,0.7282486,0.7343214,0.824362,0.80248964,0.8140439,0.81530917,0.7778273,0.75000286,0.7542299,0.75556874,0.75380945,0.7640128,0.7493649,0.7622603,0.7535697,0.7557713,0.76257527,0.81687045,0.78754574,0.7765444,0.7637121,0.75254387,0.76338434,0.74556744,0.75767404,0.74633104,0.7629879,0.74321085,0.7404464,0.71487695,0.7248902,0.6935181,0.7407679,0.7125952,0.7989291,0.7943847,0.79186237,0.79035413,0.7914647,0.74187064,0.7357172,0.7331809,0.73336923,0.7335459,0.73424804,0.7352727,0.73451644,0.73551255,0.7372726,0.81881773,0.7859937,0.81544584,0.81155145,0.8110181,0.8787117,0.8619869,0.86999536,0.8748158,0.8496438,0.8655689,0.8812046,0.87923807,0.8909553,0.89412975,0.73364043,0.74866366,0.7441768,0.7618073,0.7527057,0.75757325,0.76153505,0.78086925,0.7804779,0.77668697,0.7794397,0.7790844,0.77626455,0.7506882,0.7797865,0.7628279,0.7776388,0.7680553,0.769493,0.75073195,0.8316727,0.8429684,0.84129846,0.82019794,0.8383714,0.82798946,0.7735867,0.79511154,0.78127617,0.7716056,0.74588025,0.73027027,0.73116976,0.7163069,0.6959702,0.72356004,0.7363756,0.7304783,0.74102366,0.7571894,0.7692175,0.7656354
TC-FamilyManagement-003,0.7297904,0.75248075,0.7168403,0.7278709,0.72037375,0.7197357,0.73584676,0.8158944,0.81121194,0.8011515,0.87431,0.8486509,0.8683014,0.7672712,0.7600065,0.7754109,0.7707666,0.792148,0.7651584,0.7268173,0.7378339,0.7302191,0.7157751,0.7165412,0.7151706,0.7205449,0.7131429,0.717273,0.8269104,0.7983091,0.8280121,0.82288694,0.77733696,0.747699,0.75420296,0.75658447,0.7431033,0.761205,0.76653814,0.7790073,0.77331805,0.76004326,0.77598834,0.8094732,0.78802,0.74757874,0.73795515,0.7287958,0.7428397,0.71832806,0.7389318,0.73055726,0.75043327,0.7221559,0.7074229,0.68585926,0.694176,0.66616184,0.7061739,0.6793548,0.7729559,0.76918167,0.770647,0.7669041,0.76759493,0.730895,0.72706187,0.7276665,0.7262325,0.7256449,0.72663045,0.7277314,0.7267172,0.7278071,0.7294421,0.8201426,0.7772291,0.82301545,0.81239164,0.8136836,0.74454254,0.7201692,0.73251617,0.73162293,0.71326673,0.7243962,0.7378719,0.736156,0.7421926,0.74707466,0.71125376,0.73788476,0.7294163,0.74409926,0.73639214,0.74328244,0.74223447,0.7571114,0.7543827,0.74674857,0.75489855,0.7556818,0.75120336,0.71724725,0.74526364,0.72555465,0.7453688,0.7312566,0.7265471,0.710219,0.79310405,0.81700087,0.83919126,0.7846073,0.837705,0.7563437,0.7676325,0.7637836,0.7430552,0.72848,0.72903997,0.7132109,0.72138494,0.70401907,0.6923226,0.7107891,0.7247614,0.7153475,0.72797054,0.72717226,0.74122334,0.7616308,0.7354385,0.7617655,0.72861314,0.7379731,0.7316154,0.7326883,0.747289,0.8183471,0.8108798,0.8017074,0.8767452,0.85087997,0.8689382,0.7742652,0.76635957,0.7813077,0.7789664,0.7962132,0.7699537,0.73167276,0.7441165,0.73667735,0.7197164,0.72696674,0.72589886,0.7288581,0.7221391,0.72828513,0.8324965,0.8031187,0.8316802,0.826617,0.7805839,0.75228953,0.75773525,0.7608774,0.7465525,0.7661579,0.7706675,0.78370965,0.7770064,0.76449907,0.7806271,0.8169917,0.793962,0.7529675,0.7459552,0.734876,0.7507814,0.72392046,0.74840313,0.7375887,0.7595859,0.729254,0.7101748,0.6874678,0.69504935,0.6674124,0.7090852,0.68309,0.78039837,0.7758895,0.77731377,0.77350503,0.7739624,0.73806113,0.7322975,0.7328555,0.73131335,0.7310239,0.7320843,0.7328924,0.7319431,0.7333317,0.7348013,0.82320833,0.78147376,0.82939136,0.8191179,0.8192357,0.75342107,0.7253217,0.7412807,0.7439945,0.7233457,0.7351879,0.7492576,0.7442992,0.74945813,0.7537322,0.7153648,0.74352074,0.73966277,0.74842775,0.74252135,0.75130343,0.74912155,0.76417124,0.7613547,0.75535846,0.7626358,0.76196456,0.75721097,0.7254026,0.751257,0.7354202,0.75124365,0.73821604,0.73351836,0.7158965,0.80171955,0.8259409,0.84742284,0.7952309,0.84494054,0.76781654,0.77356946,0.77058744,0.7510462,0.7383698,0.73358,0.7181351,0.7250185,0.70794713,0.6995696,0.7149408,0.72750103,0.71954286,0.7302815,0.73415726,0.7464588,0.76880383
TC-FamilyManagement-004,0.72407615,0.73457736,0.71563625,0.7244514,0.7165674,0.7079875,0.72716165,0.79170537,0.79081416,0.7753182,0.83997816,0.8078704,0.82757515,0.7601862,0.75525796,0.7576352,0.7649669,0.751233,0.7432591,0.7021569,0.7142487,0.7007501,0.6939969,0.6891677,0.69056576,0.6953726,0.6928416,0.6964973,0.81472254,0.8019644,0.8178711,0.8297019,0.7904502,0.75798917,0.7626784,0.7659518,0.75952125,0.77601534,0.7872298,0.80362046,0.79167014,0.7865944,0.80443805,0.8233615,0.7974807,0.74520326,0.74710256,0.7286236,0.7546174,0.7345234,0.74372864,0.7291048,0.7583339,0.7360388,0.7058891,0.68301433,0.69396514,0.6674787,0.7042629,0.67653286,0.75470483,0.7497555,0.74872905,0.7519985,0.74731445,0.729283,0.7253665,0.7242336,0.72776866,0.7232465,0.724198,0.7259339,0.72464716,0.7266741,0.72782516,0.8234142,0.78674954,0.84216464,0.85390717,0.8497809,0.73521125,0.7150253,0.72538066,0.73940396,0.7141257,0.7286593,0.739414,0.7369237,0.7419419,0.7458935,0.7222928,0.74084175,0.74336827,0.72117096,0.7267272,0.75318474,0.7384574,0.7434668,0.7498764,0.7409978,0.74834013,0.7459139,0.744316,0.7264352,0.74031276,0.7314087,0.7268939,0.7398491,0.7249378,0.7162532,0.7758784,0.80650127,0.8505472,0.7786608,0.8370485,0.74922585,0.7406586,0.77235186,0.74109185,0.72820187,0.7000392,0.690395,0.6950953,0.6871983,0.6711034,0.6917224,0.7024417,0.6978915,0.7086832,0.71182036,0.72064704,0.79348516,0.723228,0.73528606,0.71791685,0.72639376,0.7190882,0.7113479,0.73037225,0.7888318,0.78580624,0.7702857,0.8372587,0.80782515,0.82537884,0.7599739,0.7575518,0.75904834,0.7656927,0.75194865,0.74351054,0.70082194,0.7144156,0.69971526,0.69232774,0.6905253,0.6915531,0.69615996,0.6915547,0.6977764,0.8142142,0.80088687,0.815619,0.8258521,0.78814244,0.75667286,0.75990874,0.7638147,0.7568766,0.77396166,0.7848637,0.80152786,0.7887112,0.7841462,0.8017565,0.82335347,0.796407,0.7454764,0.74884254,0.72986215,0.7576823,0.7353273,0.74585307,0.73030925,0.7603769,0.7365883,0.7036084,0.6811868,0.69264066,0.66499746,0.7031422,0.6767195,0.7554689,0.7508472,0.7498471,0.7529019,0.74824214,0.73075,0.7248361,0.72367257,0.7269719,0.7228009,0.7238215,0.72506523,0.7240188,0.7261406,0.72732043,0.82017756,0.7830118,0.8427127,0.85121286,0.8464843,0.73547584,0.7135899,0.7256709,0.74267715,0.71576107,0.7299894,0.7406652,0.73782927,0.7429829,0.7462261,0.7227591,0.7419604,0.7452079,0.72035813,0.72886205,0.7537837,0.74077725,0.7457004,0.7522925,0.74323285,0.75056845,0.74800825,0.7454968,0.7277932,0.7405772,0.7320831,0.7263669,0.7403778,0.72785825,0.7177755,0.77616507,0.8034437,0.8489665,0.7797792,0.8369039,0.7510042,0.74142754,0.7733009,0.742104,0.72898805,0.7004558,0.6889876,0.69338775,0.6853467,0.6719368,0.6917761,0.70161223,0.6976633,0.70730644,0.7121235,0.7192428,0.79461956
TC-HealthParameterTrack-005,0.7354972,0.72114617,0.74781007,0.74824834,0.74028045,0.7380916,0.74458426,0.76766694,0.76652086,0.76799715,0.7680932,0.7655711,0.7722961,0.73373365,0.74436545,0.7359933,0.7363679,0.7317296,0.7399139,0.71249855,0.7164689,0.7040083,0.7003479,0.70156896,0.7019773,0.70368034,0.7008762,0.6992487,0.7713121,0.78143305,0.77916896,0.7774158,0.7498473,0.7330964,0.72914034,0.729096,0.73159504,0.73561263,0.7249885,0.721182,0.7207341,0.7251313,0.726756,0.75245297,0.7337191,0.71948063,0.715536,0.7156111,0.71101505,0.69860536,0.73546135,0.7292359,0.7358217,0.7152315,0.699112,0.6855098,0.69706404,0.6793765,0.701835,0.68236667,0.76723325,0.7624978,0.7636982,0.76323986,0.7640787,0.7302998,0.72883284,0.72870517,0.7295122,0.72934943,0.727103,0.7291124,0.7295195,0.7283598,0.73042405,0.7737874,0.7606794,0.7703798,0.77832633,0.7731536,0.7501991,0.7415955,0.73955095,0.74479914,0.7304926,0.73781633,0.74901,0.7433823,0.74187565,0.7471745,0.7078904,0.7314372,0.7266824,0.71975076,0.7318604,0.7406263,0.7414987,0.75228447,0.7557626,0.7595186,0.75818765,0.7563606,0.7562547,0.72178614,0.736863,0.72789055,0.7247578,0.74145716,0.732101,0.72377646,0.7680268,0.78157,0.78746057,0.79521954,0.7860936,0.75968677,0.73667985,0.7406312,0.7257105,0.7191311,0.730383,0.74959135,0.7310705,0.74920046,0.7344183,0.7323836,0.73787206,0.7381536,0.73988295,0.7412212,0.7441857,0.7366733,0.7373601,0.72459835,0.7524286,0.7520031,0.74458563,0.74243003,0.74902153,0.76922786,0.7657381,0.7676244,0.7680719,0.76626575,0.771852,0.73722523,0.74744946,0.74035656,0.73997813,0.73382545,0.7421383,0.71279156,0.7186841,0.7062721,0.70087427,0.70544183,0.7056891,0.70695823,0.7029662,0.7033017,0.7741848,0.7832253,0.78025925,0.7782786,0.7502154,0.7335726,0.7284489,0.7289188,0.73147,0.73620975,0.72600245,0.7226176,0.7218466,0.7264647,0.727794,0.7558117,0.7351871,0.7211043,0.71848613,0.7180403,0.71526206,0.7003357,0.73877716,0.7318524,0.7395383,0.7174002,0.69826996,0.6847615,0.69708097,0.67903095,0.702708,0.683795,0.7689806,0.7644689,0.7656287,0.7654966,0.76625377,0.73400086,0.72993696,0.72983015,0.7305146,0.73059237,0.7284231,0.73001647,0.7305173,0.72959816,0.7315976,0.77394664,0.7624602,0.773875,0.7798274,0.774506,0.7516597,0.74226016,0.7410473,0.74788785,0.73431265,0.7412139,0.7519726,0.7452599,0.7434819,0.74842036,0.7100823,0.73429173,0.73150456,0.7203885,0.7357498,0.7440688,0.7450933,0.7553978,0.75933146,0.76360977,0.7614057,0.7593258,0.75886655,0.7248022,0.73922575,0.73141617,0.72610724,0.7433303,0.73517317,0.72615516,0.76946723,0.7836405,0.78951776,0.7984178,0.78865063,0.76360774,0.7394793,0.74261796,0.7285447,0.7222457,0.7319007,0.75050193,0.73158264,0.74992174,0.7363666,0.73361206,0.73748994,0.7390628,0.7392422,0.7431666,0.745072,0.7395614
TC-HealthParameterTrack-006,0.737475,0.7272069,0.75593007,0.7597696,0.7408308,0.7428971,0.7512677,0.77751166,0.7799085,0.77938104,0.7844708,0.775972,0.7902142,0.735925,0.7488784,0.7416199,0.7384351,0.72598493,0.7510817,0.70544493,0.709913,0.6973436,0.69607455,0.694132,0.70309526,0.7017745,0.69628805,0.6977474,0.77122146,0.78988564,0.7877673,0.78556675,0.75688666,0.73837805,0.7354076,0.7339922,0.73540807,0.74605024,0.73149145,0.72940916,0.72840035,0.7318549,0.73592734,0.75177264,0.7327179,0.7122094,0.71764153,0.7121122,0.7159832,0.7019006,0.73331845,0.72641385,0.7351109,0.7141733,0.6970431,0.68285185,0.6919553,0.67287296,0.69619,0.6780064,0.76752037,0.7630045,0.7639202,0.7629002,0.7612176,0.73235214,0.730021,0.7299143,0.730268,0.728593,0.73026717,0.73029804,0.73023546,0.7300989,0.7317104,0.7791629,0.764714,0.7823458,0.7814314,0.77432644,0.73781073,0.7314441,0.72692305,0.7267034,0.70505804,0.7202644,0.73406976,0.7216785,0.727226,0.73175293,0.7203091,0.74195063,0.7376616,0.72828925,0.7416642,0.7575941,0.7567028,0.74767226,0.75695765,0.7611764,0.7619811,0.75809956,0.7586271,0.7189241,0.73768556,0.7245075,0.7178316,0.7387239,0.7366421,0.7273096,0.76689845,0.7809349,0.7864157,0.7726171,0.7789279,0.7396658,0.7343214,0.7434857,0.7218087,0.71286905,0.73140764,0.752131,0.7266482,0.7467638,0.7246045,0.72182417,0.73014736,0.72599196,0.73319966,0.72237706,0.73277223,0.7469392,0.7414359,0.73344487,0.7636632,0.76641077,0.74844086,0.750584,0.7581291,0.7809664,0.78109324,0.7810079,0.7863002,0.77793497,0.79061216,0.74186236,0.7539716,0.7487496,0.74494684,0.7303511,0.75508744,0.7082969,0.71467286,0.7024458,0.6982712,0.70128936,0.7103327,0.7076731,0.70178926,0.7051791,0.77660155,0.7931896,0.79118335,0.78847003,0.7595632,0.74070024,0.7368411,0.7355722,0.7372988,0.7484888,0.7342432,0.73297405,0.73093665,0.7348712,0.73880994,0.7574899,0.7361377,0.7158898,0.72283137,0.7167798,0.7221048,0.70536804,0.73935103,0.731375,0.7417002,0.71877307,0.69800496,0.6832357,0.69248897,0.67369133,0.69880515,0.6803451,0.77128863,0.7670363,0.7679465,0.76715803,0.7654543,0.7378854,0.73315287,0.7331149,0.73330796,0.7319075,0.73352283,0.7332871,0.73331815,0.73339033,0.7349417,0.781407,0.7692145,0.78835076,0.78564024,0.7782728,0.7424884,0.73452115,0.7315992,0.7338279,0.71221435,0.72746015,0.74134105,0.7263827,0.7312277,0.73564315,0.7239538,0.74653244,0.7448795,0.73081887,0.74733895,0.76364523,0.76270425,0.7529808,0.7627202,0.7677662,0.76746464,0.7630751,0.7627928,0.72373533,0.74184966,0.7312076,0.72155476,0.7425683,0.7412812,0.73125803,0.7711163,0.78668433,0.7920997,0.779768,0.784791,0.74719274,0.739179,0.74747074,0.72690296,0.7186538,0.7340939,0.75513816,0.7286295,0.7493005,0.7293781,0.72469485,0.7316637,0.7288502,0.7344283,0.72644526,0.7357292,0.7523103
TC-HealthParameterTrack-007,0.7467214,0.7409047,0.7281336,0.7368393,0.7211973,0.72783893,0.73324525,0.7749343,0.7790256,0.77118284,0.79157233,0.78578,0.79972017,0.73971164,0.74459743,0.74663794,0.7453736,0.75184953,0.7427479,0.72133803,0.7300122,0.71845424,0.7164773,0.7163205,0.7146869,0.7246126,0.714546,0.71738744,0.7822108,0.77698195,0.78791165,0.7877358,0.7760857,0.75367916,0.7621021,0.75856924,0.75615823,0.76698947,0.7398871,0.74340063,0.74391794,0.7438969,0.75164735,0.7677423,0.7420466,0.73972577,0.74099076,0.72172034,0.72919714,0.7082305,0.74163485,0.72846043,0.7443398,0.7133625,0.71508765,0.69598955,0.7058037,0.6829271,0.7158283,0.6924865,0.76764613,0.7639066,0.76376796,0.76346797,0.7627922,0.7295176,0.7267704,0.7261503,0.72684824,0.7253389,0.72478944,0.72978806,0.7267201,0.72610986,0.7288469,0.7917209,0.7594008,0.78013873,0.78252053,0.77677,0.74870735,0.7342154,0.7313984,0.73212546,0.7082007,0.71949255,0.7424795,0.7274711,0.735125,0.74135125,0.7222809,0.73747844,0.7376636,0.74504316,0.73398435,0.74830735,0.74861395,0.7651274,0.7641773,0.7625642,0.76658857,0.76456606,0.7621785,0.7280792,0.7480612,0.73902875,0.7424749,0.7414918,0.73647726,0.7255824,0.7732364,0.78683555,0.7854761,0.77105355,0.7745578,0.7337637,0.7528053,0.73996496,0.7199839,0.70799947,0.73309433,0.72390014,0.7245265,0.71673274,0.69444126,0.708404,0.72363263,0.71702397,0.72741896,0.71956635,0.73150086,0.7445233,0.75275356,0.7508062,0.7404635,0.74686295,0.732571,0.74043465,0.7445774,0.78070754,0.78259516,0.7746459,0.79509497,0.78819954,0.80121636,0.7479639,0.75017077,0.75408137,0.75331384,0.75687206,0.7484561,0.7263454,0.7362987,0.726009,0.72025293,0.7266811,0.7254477,0.7329611,0.724125,0.7282765,0.78901994,0.7827138,0.79267764,0.79214716,0.7802545,0.7581962,0.76585007,0.76249385,0.7605279,0.77214956,0.74453115,0.7483133,0.74879444,0.74927354,0.75649834,0.77542627,0.7473537,0.7447293,0.748211,0.727869,0.7370197,0.71312356,0.7498682,0.73518276,0.752761,0.71931154,0.71788365,0.6976854,0.7070755,0.68481356,0.7197805,0.6964376,0.7739616,0.7706505,0.77038,0.7702881,0.76955926,0.7369975,0.7318648,0.7312716,0.7317914,0.7306229,0.7301562,0.7346053,0.7317697,0.7314836,0.73405945,0.796682,0.76694995,0.78829163,0.7902452,0.78356814,0.756211,0.7390173,0.7387524,0.7426631,0.71769,0.72900325,0.7519384,0.73407096,0.7403879,0.7462406,0.7271569,0.7440416,0.7482995,0.7492858,0.74091065,0.756707,0.75619924,0.7721686,0.77137625,0.77156305,0.77423704,0.7710099,0.768586,0.7355442,0.75386924,0.74881345,0.7482697,0.7476804,0.74289966,0.73133105,0.7808186,0.7960569,0.7944683,0.78161025,0.7827638,0.7447365,0.75919914,0.74582916,0.7274748,0.7165089,0.736499,0.72837776,0.7275431,0.7204998,0.70062375,0.7124846,0.72598386,0.7209494,0.7295067,0.7252468,0.73583484,0.7513797
TC-Creazionefamiglia-008,0.7154335,0.78012955,0.73537517,0.74492085,0.741289,0.7470411,0.74858946,0.7942008,0.79424596,0.77665657,0.8719297,0.8453944,0.8631941,0.76648104,0.7693977,0.78044605,0.78136176,0.793036,0.7647372,0.72852397,0.73794407,0.726274,0.71484685,0.7171978,0.715745,0.72116506,0.71659493,0.72016907,0.81940985,0.78666866,0.81773376,0.8136556,0.79183424,0.7604058,0.7642035,0.7703849,0.7585471,0.7728255,0.79081416,0.8027433,0.7974385,0.7866005,0.7992282,0.813023,0.7926239,0.7391472,0.7371177,0.72476,0.7460313,0.7228924,0.7383845,0.7250499,0.75147676,0.7229583,0.70635164,0.68386364,0.6819254,0.653445,0.70220506,0.67516726,0.73753583,0.7321238,0.73118925,0.73028976,0.73009354,0.7410645,0.73638856,0.7354665,0.7358023,0.73485386,0.7359941,0.73729175,0.7393101,0.73699504,0.7382268,0.81841147,0.7652258,0.81262445,0.8087232,0.8103365,0.71682143,0.68844575,0.702711,0.694674,0.67056453,0.68634236,0.7026439,0.70119995,0.70354563,0.70664215,0.7043546,0.73676324,0.73369396,0.74531007,0.72345227,0.7422305,0.7308322,0.75287926,0.752421,0.74061614,0.7586809,0.75632286,0.747548,0.70703024,0.7395589,0.7233622,0.7372496,0.71719503,0.7161721,0.69702494,0.7508574,0.77034074,0.8122182,0.74669725,0.79816234,0.71028376,0.75438035,0.7351946,0.72225034,0.7084892,0.7126117,0.6987288,0.7030716,0.68964815,0.684804,0.69533604,0.70734966,0.7057541,0.71291864,0.698691,0.71174574,0.7591394,0.7172425,0.7846253,0.74191266,0.74995863,0.747522,0.75434804,0.7546973,0.793005,0.79124904,0.77353424,0.87095785,0.84562075,0.8617108,0.76834726,0.77222157,0.7822294,0.78545654,0.79422677,0.7663078,0.73012894,0.7408367,0.7295662,0.7159885,0.7227361,0.7212952,0.7254009,0.7198459,0.7262366,0.8207257,0.78808767,0.8173967,0.81287694,0.7927301,0.76204723,0.76454115,0.7714342,0.7591822,0.77443326,0.79209554,0.8042611,0.79826987,0.7879375,0.800748,0.81625825,0.794495,0.74223876,0.7420832,0.7284653,0.75119466,0.72604764,0.7437129,0.72929,0.7569404,0.72695994,0.70700574,0.6840644,0.681569,0.6527454,0.7030935,0.6767763,0.7411847,0.73549026,0.7345847,0.7337519,0.73350596,0.7451283,0.7393411,0.7383771,0.7385663,0.73789996,0.7391051,0.73993987,0.7420141,0.74009067,0.7412557,0.8167488,0.765231,0.8160326,0.8099949,0.81121963,0.72165895,0.69035494,0.70680416,0.702005,0.67696816,0.6926148,0.7088128,0.7047429,0.7067146,0.70945114,0.7066511,0.7404508,0.7396983,0.7461269,0.72719073,0.7464662,0.73517996,0.75601065,0.75589126,0.7448962,0.761942,0.7587148,0.74928504,0.71170294,0.7422857,0.72828245,0.7392597,0.7201981,0.7206421,0.7009971,0.7544858,0.77312267,0.815369,0.75200593,0.8012352,0.7162341,0.75731367,0.7389889,0.7261293,0.71318024,0.7146829,0.7003688,0.7039896,0.6905608,0.6885158,0.6976452,0.708279,0.7077805,0.7134613,0.70295054,0.71403927,0.763047
TC-Monitoraggiodelsonno-009,0.7299233,0.76719415,0.78738105,0.7887794,0.7828963,0.78450686,0.7802237,0.7525168,0.7519706,0.754795,0.7556676,0.7460644,0.75728667,0.7729039,0.7747201,0.76780725,0.7743172,0.7729996,0.7694832,0.71951395,0.72211874,0.710124,0.71447396,0.7066201,0.70913315,0.7109318,0.70918226,0.7144854,0.7639868,0.76418555,0.7627468,0.7641798,0.79764605,0.77971536,0.78318036,0.78360283,0.77985144,0.78383344,0.7675493,0.7653663,0.7754017,0.7737037,0.7689332,0.7736629,0.7538374,0.75437677,0.74763364,0.7430662,0.74870026,0.7420116,0.7622907,0.7569654,0.7673157,0.7509443,0.7324178,0.717213,0.7082187,0.68743616,0.7243513,0.70714164,0.74129105,0.7356293,0.73565155,0.7355798,0.7328174,0.7722691,0.7696699,0.7690496,0.77027434,0.7678863,0.7686089,0.7702564,0.7698308,0.77203107,0.7704312,0.77094007,0.7525121,0.7561139,0.76444376,0.75279355,0.74839455,0.71760917,0.72892016,0.73887444,0.7187232,0.7345049,0.74069273,0.72988236,0.7356715,0.7342001,0.71403295,0.73378634,0.7409935,0.72963864,0.7273816,0.74230933,0.73777896,0.8071362,0.80688155,0.80488646,0.81858945,0.81173515,0.8193445,0.7309357,0.7456257,0.7347245,0.7380272,0.73432136,0.73388064,0.71997404,0.7484058,0.7486802,0.7435335,0.7536688,0.7523869,0.7458378,0.7546879,0.7208277,0.72727376,0.7172567,0.77550244,0.78713894,0.77564794,0.7880565,0.7791013,0.7733154,0.7790961,0.77276266,0.77906334,0.7754902,0.77674353,0.74119455,0.73889226,0.7794508,0.80211097,0.80130434,0.79716253,0.79953474,0.7937238,0.76059747,0.75854623,0.7614658,0.76108575,0.749956,0.75962675,0.78356063,0.78209615,0.77761465,0.78493804,0.78006977,0.776615,0.7269334,0.7315301,0.72093374,0.7204391,0.7206577,0.723316,0.7223532,0.7229501,0.72925425,0.7736445,0.7720843,0.77094656,0.7722142,0.80577004,0.7873529,0.7904762,0.790627,0.7869413,0.7923771,0.7756392,0.7741315,0.78361607,0.7825401,0.7775234,0.78444463,0.76173234,0.76292837,0.757051,0.7508322,0.75819457,0.7493726,0.773034,0.7651306,0.7781161,0.7602664,0.737246,0.7210741,0.71048814,0.69026434,0.7300734,0.71276414,0.74846643,0.7432432,0.7430977,0.7432932,0.74052703,0.782024,0.77815306,0.7775091,0.7785861,0.7765276,0.7772938,0.778571,0.7782209,0.780601,0.7791108,0.7785278,0.76334935,0.76551783,0.7760782,0.76315176,0.75893915,0.725213,0.7400539,0.75254667,0.73231554,0.7489824,0.7558775,0.7397498,0.7432211,0.7422944,0.7202231,0.7427147,0.7557223,0.73628,0.73660433,0.75373834,0.74766713,0.8154354,0.81591517,0.81584257,0.8275826,0.8197644,0.8282167,0.74081784,0.75402725,0.7479915,0.7456665,0.7423667,0.74208695,0.72790325,0.75865513,0.7625581,0.7561083,0.7682363,0.7635876,0.76111686,0.7642918,0.7291916,0.73754126,0.7291277,0.7791145,0.7927325,0.7794648,0.79319704,0.7864297,0.77840453,0.7822397,0.7776356,0.7821252,0.78262526,0.781772,0.7496153
TC-Monitoraggiodellalla-010,0.7276461,0.77478147,0.79529786,0.800353,0.7919566,0.7951861,0.7863432,0.7513549,0.7565564,0.7556735,0.7527062,0.7463615,0.75744236,0.77382255,0.76969206,0.7677964,0.76916826,0.7613499,0.76840234,0.7041713,0.7107442,0.6958908,0.7013914,0.6962811,0.6998971,0.7032166,0.6974318,0.7036538,0.73606604,0.7465305,0.7497736,0.75001657,0.797385,0.7795285,0.78161657,0.78021646,0.7761898,0.7860551,0.7622599,0.76082456,0.76816344,0.7679493,0.7685035,0.7517376,0.7311347,0.73432523,0.73872566,0.7287507,0.74544144,0.73018384,0.74427325,0.7345892,0.75405085,0.7311287,0.7083366,0.690966,0.69359696,0.67148376,0.7048646,0.6842748,0.74684846,0.7421826,0.7412996,0.73946404,0.7391553,0.7693392,0.76600397,0.76500213,0.7647536,0.76402456,0.76452106,0.7667536,0.7648952,0.7669151,0.76719975,0.75773895,0.744458,0.7494626,0.75561166,0.750517,0.7374887,0.7130471,0.7210981,0.7163356,0.6963141,0.7117225,0.7264523,0.7121804,0.72190577,0.7245319,0.718362,0.72541606,0.73308325,0.72179466,0.71969825,0.7427633,0.73823124,0.7990759,0.8062351,0.8029023,0.8197789,0.81179523,0.8020344,0.7099965,0.7245673,0.7147699,0.7070454,0.7096707,0.71186054,0.6969818,0.754395,0.754152,0.7412776,0.7323282,0.737238,0.72700036,0.7422277,0.7274952,0.7208484,0.71086293,0.7341731,0.7377484,0.72990227,0.73333764,0.7155303,0.7177411,0.7268059,0.7163568,0.724937,0.715936,0.72398597,0.75634706,0.73196316,0.7804526,0.8023846,0.80610293,0.7993487,0.8023701,0.79213786,0.75720406,0.7590912,0.7594567,0.75510013,0.74851483,0.7582514,0.77905256,0.7742061,0.7734381,0.77556515,0.7654172,0.77194834,0.7074318,0.7155018,0.7009838,0.7034614,0.7035669,0.7074788,0.7090461,0.7032671,0.71122336,0.74292177,0.7508733,0.7550378,0.7550891,0.8018564,0.7822483,0.7833216,0.7822827,0.7781173,0.7893798,0.766154,0.7652159,0.7720362,0.77219844,0.7728635,0.7583319,0.7355931,0.73930764,0.7441375,0.73331237,0.75143796,0.7340666,0.7506573,0.73971725,0.76059026,0.736247,0.7100736,0.69214445,0.6943706,0.67241526,0.70698094,0.6866557,0.74995685,0.7465871,0.7455871,0.743922,0.74352086,0.77452725,0.7703839,0.7692808,0.768924,0.76845634,0.7689903,0.77066565,0.7691654,0.771184,0.7715832,0.7616905,0.7514508,0.75624675,0.7630645,0.7569063,0.7426126,0.7157445,0.7263495,0.72482735,0.70392287,0.71973443,0.73467004,0.7167479,0.725518,0.7280237,0.7216319,0.7306855,0.7415191,0.72492635,0.7258949,0.74875873,0.74519587,0.8040682,0.8120785,0.8094133,0.82420754,0.8161125,0.8062353,0.71499884,0.7282801,0.7206847,0.7103522,0.7129664,0.7173574,0.70134056,0.7594424,0.76119447,0.74915254,0.74037886,0.74495935,0.73543495,0.748025,0.73169005,0.72657245,0.71720815,0.7373592,0.741422,0.7323455,0.7364196,0.72084117,0.7214768,0.72842395,0.7199578,0.7265036,0.72110504,0.7275367,0.76171184
TC-Monitoraggiodellacre-011,0.7266642,0.76583683,0.7502502,0.7623558,0.74542475,0.7496755,0.74934554,0.7189139,0.7080325,0.72552717,0.72166324,0.72078085,0.7337614,0.778972,0.78327155,0.77710956,0.7770908,0.78602207,0.7591447,0.7102071,0.71932197,0.7048838,0.7073325,0.7045047,0.7003355,0.7102876,0.7038657,0.70827585,0.72780526,0.70775586,0.7238992,0.7254572,0.7818228,0.7598426,0.7695947,0.7637053,0.7577992,0.77339774,0.7332906,0.7349802,0.7415848,0.7387657,0.7456195,0.75532675,0.72563505,0.7514394,0.75367576,0.7372195,0.7468735,0.72828466,0.76249874,0.74960244,0.7634442,0.73473084,0.71611094,0.6936089,0.6947406,0.6681896,0.7097491,0.68468237,0.72757614,0.72120935,0.72109866,0.72027045,0.7197383,0.73711884,0.73289084,0.7322172,0.73277724,0.7317977,0.7316971,0.73518944,0.7332444,0.7334062,0.7345686,0.7385364,0.7087897,0.70965654,0.7318957,0.72417116,0.729043,0.70199865,0.71964854,0.71338964,0.6934637,0.7052957,0.7209209,0.7053079,0.71252716,0.71568745,0.69770557,0.7107669,0.7171829,0.72236794,0.69207335,0.7272016,0.7110966,0.8098086,0.81218576,0.7973266,0.8162304,0.8174435,0.8026592,0.7095511,0.7287186,0.71598077,0.72355807,0.7011452,0.7038698,0.6834121,0.7483975,0.74530107,0.72481436,0.7216567,0.71256316,0.7156097,0.7503769,0.72677124,0.71830785,0.7053127,0.71832776,0.70319295,0.7089587,0.69784,0.687675,0.6882123,0.70205915,0.69127655,0.70443726,0.69166493,0.70298123,0.7483057,0.7297996,0.7705041,0.7564349,0.7674061,0.7521858,0.75673676,0.75489587,0.7239806,0.7108475,0.72859573,0.72300196,0.7223506,0.7340003,0.7818399,0.7859764,0.78047633,0.78094614,0.788336,0.76111007,0.71188617,0.7229922,0.70845985,0.7083527,0.7105279,0.70582163,0.71463794,0.70798683,0.7145733,0.7334782,0.7120667,0.7278153,0.72976184,0.78541815,0.7618656,0.77057534,0.7650501,0.7591192,0.7759186,0.7364396,0.7378139,0.7449544,0.742315,0.74902225,0.7611178,0.7291677,0.7553153,0.7579504,0.7405786,0.75168467,0.7311057,0.7672136,0.7533269,0.7681266,0.7382215,0.71692497,0.693617,0.69494164,0.6682823,0.71131396,0.6863607,0.7304195,0.7250463,0.72478944,0.7242111,0.7236877,0.74136794,0.73586893,0.73510706,0.7355343,0.7348832,0.7348891,0.7376796,0.73607624,0.7363592,0.737676,0.7423364,0.7151184,0.71612626,0.7386055,0.73033595,0.7334373,0.7037025,0.7233068,0.71986663,0.6988366,0.71065706,0.72641414,0.70839256,0.7145386,0.7176615,0.70023304,0.71509254,0.7235088,0.724047,0.6969607,0.7318525,0.7162585,0.81351805,0.81637144,0.80237186,0.8194829,0.82027864,0.80551296,0.7136905,0.7311485,0.7212281,0.725541,0.703496,0.7084538,0.6873808,0.75248194,0.7509831,0.73111963,0.7276851,0.7187728,0.72174466,0.7543024,0.7301791,0.72263193,0.7098139,0.72013205,0.70473963,0.7098515,0.6988516,0.6911254,0.69083774,0.702685,0.6935909,0.7049818,0.6951735,0.7050822,0.75175756
TC-Conformitdeldatabase-012,0.79238814,0.7947533,0.78249264,0.78661656,0.7805595,0.7819685,0.7799736,0.7466909,0.74319047,0.73752284,0.7454577,0.7598895,0.77332574,0.78529286,0.7802719,0.7753236,0.7858523,0.78298277,0.7693849,0.7554375,0.7757141,0.75700206,0.7463496,0.75247633,0.74921864,0.7538525,0.7549136,0.7567232,0.77954084,0.76907194,0.76663387,0.77187014,0.79976887,0.77770805,0.7769444,0.77561593,0.77728367,0.7757338,0.74204814,0.7439344,0.7464383,0.75199866,0.7469327,0.7951155,0.7674073,0.788741,0.77848035,0.7804949,0.7986783,0.7806907,0.7797226,0.7788962,0.79959816,0.780815,0.76250136,0.74078333,0.75527406,0.7305636,0.764662,0.73975265,0.7654505,0.75882155,0.7568928,0.75594956,0.75750047,0.7578068,0.7543026,0.7523952,0.75303274,0.7530581,0.7535017,0.7543991,0.75391626,0.7546035,0.756221,0.8056526,0.7691209,0.7743952,0.80677664,0.79915166,0.7701989,0.74197274,0.7537662,0.75269353,0.7480095,0.75736696,0.7610323,0.7521846,0.7571218,0.7614596,0.7610816,0.76518595,0.77660227,0.74966574,0.74865973,0.76341814,0.7493023,0.79121673,0.7880273,0.7840705,0.7885471,0.78895605,0.77850646,0.7691178,0.7720139,0.7832459,0.76758605,0.7587087,0.759748,0.74691516,0.78815234,0.7860794,0.7725858,0.77937275,0.76512694,0.7704837,0.780467,0.7688355,0.7663741,0.75590754,0.72062284,0.7106965,0.71813655,0.7080753,0.7155253,0.72336125,0.72418493,0.73121893,0.73465717,0.7209295,0.72262466,0.79698616,0.7903855,0.7940608,0.7832713,0.7869762,0.7820501,0.7837558,0.78156555,0.74785215,0.7420036,0.7363643,0.744141,0.7598826,0.771327,0.78520566,0.78015107,0.7758973,0.78619087,0.7832581,0.7686111,0.75334144,0.7752631,0.7554755,0.74442554,0.75270355,0.7489791,0.7535703,0.7523392,0.7570028,0.78006256,0.7690561,0.7654752,0.7714938,0.79868734,0.77579075,0.7732857,0.7733723,0.77446496,0.77347374,0.7410418,0.7427108,0.7454486,0.750933,0.7460917,0.7951715,0.7667364,0.78799474,0.77910006,0.78091305,0.8003694,0.7811528,0.7803478,0.7795712,0.80003923,0.780847,0.75985456,0.7385694,0.75475997,0.72910035,0.76388353,0.7395818,0.7642434,0.7582186,0.75638366,0.7556174,0.75707215,0.7586129,0.75277424,0.75081086,0.7513639,0.7516532,0.75215507,0.75252295,0.75231856,0.75306714,0.75477177,0.80390716,0.76898515,0.7752035,0.8062413,0.79832065,0.7684292,0.7394446,0.7519353,0.75417095,0.74769133,0.7564261,0.7595328,0.7511364,0.75604916,0.7596933,0.7613278,0.7655901,0.776571,0.74833935,0.7504671,0.76303995,0.75083625,0.7927129,0.78951186,0.78499013,0.7894715,0.78938854,0.7784878,0.76922005,0.77127457,0.7816272,0.7658513,0.7570341,0.7615817,0.7480283,0.785857,0.78302443,0.7727926,0.77841353,0.7661462,0.76966774,0.7807677,0.7691961,0.76628166,0.7554468,0.7218112,0.7103108,0.7176134,0.7072362,0.7160436,0.7236457,0.723179,0.7312958,0.7331841,0.72106063,0.7220359,0.79773605
TC-Compatibilitconaltri-013,0.8111881,0.8050251,0.78773594,0.7931437,0.77355075,0.7825649,0.7945659,0.77195436,0.7906631,0.78896534,0.77938986,0.77718234,0.7907372,0.78138715,0.7695001,0.7687667,0.7804129,0.7849107,0.780554,0.7729279,0.7854282,0.7739854,0.752419,0.75968015,0.7603536,0.75696635,0.76858824,0.76363784,0.7981899,0.8037912,0.7911038,0.7885213,0.78210783,0.76093245,0.7475123,0.7503577,0.7545757,0.7572101,0.74811137,0.74243623,0.74243414,0.7476388,0.7489748,0.78422296,0.7634948,0.75218934,0.7586315,0.76419306,0.7649321,0.7562431,0.75931764,0.7634934,0.76485723,0.7563581,0.73442304,0.7142016,0.73373634,0.70995855,0.73912936,0.7147252,0.7919638,0.78508115,0.78848314,0.7843504,0.787979,0.7580528,0.7526458,0.75485206,0.7526222,0.753778,0.753028,0.7542128,0.75890094,0.7562563,0.7558664,0.8120862,0.7792563,0.7971548,0.8097311,0.8085681,0.7866206,0.7627221,0.7579174,0.7569947,0.7401413,0.75387776,0.765591,0.76161706,0.77105,0.7713855,0.76373655,0.7578394,0.77779126,0.78363776,0.7673782,0.7715501,0.78191286,0.78001124,0.7690408,0.78008324,0.7770598,0.7722738,0.7662015,0.7726084,0.7652411,0.7695149,0.7768821,0.7724135,0.77216625,0.7687829,0.79962194,0.7929415,0.788267,0.7720527,0.7749598,0.76818025,0.7917214,0.77173907,0.7537103,0.7472378,0.744821,0.7367745,0.74442875,0.7344943,0.7381729,0.73978215,0.7459727,0.75969654,0.7604691,0.7339636,0.7447331,0.7858844,0.8099469,0.80483675,0.789428,0.7949674,0.7754295,0.7845293,0.7960372,0.7731905,0.78975165,0.78888106,0.77925205,0.77746177,0.7896019,0.7811946,0.77163756,0.7696229,0.78229725,0.7867032,0.7807205,0.77119577,0.78595376,0.7717899,0.751261,0.7598772,0.7608944,0.75722337,0.7653037,0.763654,0.79984856,0.8048173,0.79116344,0.7889314,0.7815883,0.7596094,0.7443841,0.748744,0.75177217,0.7558286,0.7477613,0.7417244,0.74188095,0.74699485,0.7486639,0.78507465,0.7637924,0.75229764,0.7591017,0.7644113,0.7665384,0.7573412,0.7594808,0.76374066,0.76504624,0.7567227,0.7318679,0.71254635,0.7326618,0.707837,0.73723865,0.7143578,0.79210675,0.7859148,0.78919786,0.78533113,0.78873396,0.75830686,0.75139,0.7533891,0.7511652,0.75258386,0.75189495,0.7525201,0.7571472,0.7548175,0.75455123,0.8119513,0.7795434,0.7982725,0.8108462,0.80903983,0.7864833,0.76089513,0.75512713,0.75925446,0.7395402,0.7526036,0.7643531,0.7602112,0.7700448,0.7697328,0.7639893,0.7585134,0.7784485,0.7840518,0.7696619,0.77148134,0.78350115,0.78383297,0.7723523,0.783085,0.77918935,0.7745394,0.768968,0.77332413,0.7656864,0.7690095,0.7774402,0.7722807,0.7750056,0.76995516,0.799054,0.79208815,0.7887789,0.7722303,0.77693766,0.7668825,0.7922493,0.77296954,0.7533446,0.74650234,0.74603957,0.73560417,0.74291044,0.73270196,0.7384934,0.74017125,0.7446716,0.7595428,0.7587556,0.73288155,0.7431344,0.7870879
TC-Prestazioni-014,0.77234936,0.80220085,0.78218067,0.7910508,0.77839136,0.788625,0.7794573,0.7354724,0.73116225,0.7419498,0.7400914,0.72596216,0.74630857,0.797117,0.8128069,0.8054572,0.81289077,0.7948914,0.79375345,0.73890144,0.7523896,0.7348881,0.7372187,0.73317015,0.7353506,0.7408503,0.7307174,0.7401279,0.7735071,0.7711064,0.775212,0.7796933,0.7939522,0.7649395,0.77585524,0.77077776,0.76668894,0.7855483,0.739361,0.7511922,0.74983823,0.7502003,0.75900215,0.7780982,0.73824334,0.7734279,0.78199285,0.75638914,0.7772902,0.76832896,0.77686894,0.75792575,0.78055894,0.7631167,0.7365991,0.7068268,0.70925885,0.68021494,0.7259668,0.6963975,0.7591381,0.7520605,0.7520328,0.75528365,0.75203574,0.7636522,0.7585002,0.7582886,0.76138973,0.7581658,0.75991565,0.76111186,0.75809705,0.7606072,0.76185066,0.78079796,0.7441795,0.74896145,0.7853605,0.765663,0.73947704,0.718615,0.73915327,0.7418329,0.7210771,0.7325782,0.7412337,0.7258068,0.7341842,0.7380265,0.73642546,0.76021516,0.77496684,0.7556828,0.74499214,0.7811091,0.7653242,0.7772905,0.7840702,0.77888817,0.7912874,0.7848646,0.7776455,0.74567634,0.76540893,0.7547778,0.7519895,0.75733745,0.7541982,0.74034816,0.79753566,0.77929664,0.7588202,0.77071595,0.7614967,0.7622724,0.77686256,0.7594354,0.75752383,0.74373484,0.72663045,0.7141105,0.71395814,0.7066253,0.70799035,0.7088101,0.71678895,0.71067107,0.7224165,0.7085192,0.715482,0.7981161,0.7703037,0.80202883,0.78257483,0.79048103,0.7791617,0.7890396,0.7808008,0.7377442,0.7303444,0.74203384,0.73827356,0.72654814,0.7449887,0.79678684,0.81261945,0.80612636,0.8136484,0.7961723,0.79302865,0.73640215,0.7532563,0.7339502,0.73567665,0.73440844,0.7364303,0.7413587,0.729126,0.74152994,0.7755917,0.7720798,0.7756355,0.78046435,0.79385394,0.76397264,0.77361035,0.7691256,0.7648461,0.78429896,0.7397751,0.7508753,0.7498724,0.75044024,0.7593259,0.77985454,0.73854154,0.77426934,0.7834393,0.7574029,0.7799071,0.7693669,0.7787062,0.75918096,0.78236854,0.7641027,0.7345977,0.7050617,0.7087223,0.67832285,0.7254885,0.69663584,0.7589135,0.75300956,0.75295925,0.7563502,0.7532322,0.76503724,0.7585042,0.758218,0.76120603,0.7582544,0.7600456,0.7608101,0.7580883,0.7606303,0.7619314,0.7806688,0.74554765,0.75160575,0.78700995,0.76691425,0.7392797,0.7169879,0.73845154,0.7434957,0.72128236,0.7326358,0.74106616,0.72579086,0.73386514,0.7372716,0.737036,0.76116884,0.77638865,0.75434554,0.74651,0.7806658,0.7672145,0.77824634,0.786446,0.78054726,0.7919726,0.7858771,0.778114,0.74627686,0.76493454,0.75437737,0.75032866,0.7560286,0.7565141,0.7418285,0.7956454,0.7782644,0.76023024,0.77105594,0.7633025,0.76265967,0.77713555,0.7602678,0.75730085,0.7432704,0.726605,0.7130206,0.7125534,0.7052269,0.7085983,0.70934856,0.7154602,0.71108836,0.72079134,0.70841,0.713936,0.79749703
TC-Usabilit-015,0.76981115,0.7752132,0.7491622,0.7612791,0.75626725,0.764329,0.7673366,0.7530937,0.7500826,0.7499055,0.75767326,0.75210935,0.7646687,0.773599,0.77412915,0.78504425,0.7873878,0.77767056,0.7761793,0.7278594,0.7391785,0.7263918,0.71561533,0.7205787,0.7209943,0.7233567,0.718665,0.7251032,0.78033555,0.7692972,0.772586,0.7727026,0.77435374,0.7503463,0.75306726,0.75070477,0.74949133,0.7560604,0.7277687,0.73175216,0.7286202,0.73135525,0.7328087,0.78790206,0.75635326,0.7745067,0.76675063,0.76581925,0.7768333,0.74210215,0.7578161,0.7577036,0.7757603,0.73980874,0.7400768,0.714323,0.7261641,0.6984563,0.7445202,0.7175589,0.7918196,0.78557694,0.7854768,0.78399336,0.7869949,0.7340727,0.72770137,0.72698325,0.72712314,0.72811735,0.7274837,0.7280829,0.7277423,0.72907466,0.72978616,0.78702784,0.7562211,0.77000666,0.7896891,0.78625566,0.85609174,0.83832896,0.851151,0.8493755,0.8260896,0.8370398,0.8505279,0.84123194,0.8539488,0.8553347,0.73153204,0.73664486,0.7458878,0.735717,0.72791773,0.75203,0.74107885,0.7697178,0.7728845,0.7697517,0.77593505,0.7762863,0.7665044,0.7397774,0.7608957,0.7618413,0.7507684,0.7494162,0.74810827,0.73226583,0.8440845,0.8374651,0.8124963,0.812937,0.804196,0.83506036,0.76324236,0.77937376,0.7628838,0.7559047,0.7281945,0.716378,0.712203,0.7015061,0.7004539,0.72006464,0.7283899,0.7290572,0.73725575,0.74685436,0.75491905,0.79640096,0.7674192,0.77515084,0.75015765,0.761915,0.75764877,0.76524323,0.76798415,0.75462973,0.74912333,0.74962,0.7567514,0.7522428,0.7641349,0.7729875,0.7744352,0.7852935,0.7876316,0.77821326,0.7749844,0.725852,0.7395893,0.72522557,0.71482986,0.72230834,0.72219104,0.72466195,0.71717435,0.7268158,0.7815316,0.7696078,0.77225614,0.7732209,0.7742312,0.7497195,0.7511177,0.7493579,0.7475282,0.7546997,0.72846997,0.73183316,0.7293376,0.7320331,0.7333572,0.78937554,0.75669765,0.7746012,0.7679545,0.7665802,0.7790073,0.7431403,0.75877213,0.75838965,0.77690655,0.74002427,0.73844767,0.7122611,0.7257122,0.6973356,0.7433109,0.7170102,0.7907597,0.78573835,0.7854814,0.7843753,0.78725237,0.73475873,0.72717506,0.7263656,0.72643864,0.72769165,0.72707903,0.7272308,0.72711086,0.7284212,0.7293387,0.78625906,0.7570283,0.7729939,0.79006875,0.7864045,0.85521233,0.83691114,0.84979033,0.8489615,0.8260838,0.83585113,0.84942365,0.8410087,0.8532078,0.8546183,0.7316797,0.7370449,0.7466863,0.73420733,0.73035645,0.7510651,0.7432517,0.7712536,0.77502346,0.77156854,0.777027,0.7772973,0.7672626,0.7401188,0.7610537,0.76096857,0.7490276,0.7480129,0.75045884,0.73382455,0.8413979,0.8345588,0.8116765,0.8113135,0.804036,0.8344772,0.7635654,0.77957106,0.76315117,0.75561404,0.72870135,0.7156932,0.71139884,0.70046014,0.70095265,0.7207183,0.72727674,0.7294606,0.73599553,0.74817944,0.7544765,0.79609215
TC-Connessioneinternet-016,0.7598163,0.74182534,0.7308108,0.7388655,0.7312421,0.7325978,0.74205136,0.7301826,0.7428502,0.7249348,0.72967243,0.72325385,0.73556,0.76612735,0.74930656,0.76311564,0.77472657,0.7645834,0.7578298,0.695046,0.703537,0.7016427,0.6923881,0.6927273,0.6950718,0.69617873,0.6939406,0.6999201,0.75956076,0.74571633,0.75079435,0.7506957,0.73195636,0.7156984,0.72700906,0.72343165,0.72112745,0.72934425,0.7063787,0.71162426,0.7125588,0.71111614,0.71421885,0.7473335,0.73144615,0.75096655,0.7393317,0.73016936,0.739202,0.7295209,0.7295265,0.723757,0.7305937,0.72366536,0.71390766,0.6981917,0.69479465,0.673791,0.7079861,0.6919052,0.7372486,0.73249245,0.73199695,0.7312474,0.7319649,0.71707004,0.71301204,0.7122515,0.7128539,0.71218073,0.71519655,0.71349096,0.71263313,0.71456844,0.7145197,0.75849015,0.72709954,0.73338693,0.75154126,0.7481246,0.75593257,0.7269855,0.7397207,0.73766905,0.7320805,0.74398845,0.73932374,0.73055124,0.73288727,0.7344436,0.70946527,0.7176684,0.7337601,0.72765255,0.71237534,0.73098797,0.7236593,0.7404363,0.73547304,0.73052734,0.7346717,0.7334694,0.72833014,0.7095281,0.7127512,0.71371686,0.71051747,0.7122431,0.7079335,0.704413,0.75979793,0.7508052,0.7299932,0.7467606,0.74087834,0.7494799,0.7589781,0.7385992,0.7347485,0.7321555,0.6947795,0.69231504,0.6950346,0.69091904,0.687174,0.7119163,0.7023156,0.7113458,0.7103754,0.70950234,0.70276344,0.76212406,0.75934,0.74179256,0.73237336,0.7399166,0.7329106,0.7340952,0.7433985,0.73204726,0.74120903,0.7246212,0.72865385,0.723707,0.7343913,0.7649885,0.7498535,0.76346534,0.77599496,0.7655232,0.75647455,0.6932408,0.7039272,0.7007816,0.6914232,0.6937498,0.69555414,0.6969123,0.6924703,0.7009379,0.7612294,0.7470883,0.75097144,0.75129116,0.7318734,0.71538246,0.7255772,0.72276855,0.7199253,0.72863454,0.7067945,0.7121007,0.7127157,0.71152806,0.71502525,0.7485534,0.7317351,0.7514103,0.739848,0.730105,0.7402093,0.73008597,0.7304239,0.7239627,0.7311597,0.72416496,0.71147406,0.6965849,0.6935966,0.6715944,0.70652676,0.6914163,0.7373284,0.733629,0.7331426,0.73244154,0.7329699,0.7180087,0.71206933,0.7112303,0.7117321,0.7113398,0.7142424,0.71212953,0.71153855,0.7134813,0.71367663,0.7589954,0.728388,0.7355677,0.7535291,0.74893886,0.7553544,0.7254633,0.73927045,0.7401513,0.732348,0.74384356,0.73931825,0.73077166,0.73267096,0.7337557,0.7097788,0.71766615,0.73522294,0.726758,0.71460146,0.7305327,0.72570276,0.74224484,0.7384219,0.73233724,0.73601186,0.73379034,0.7298365,0.71037066,0.7129907,0.71372294,0.7094974,0.7121912,0.7099309,0.70596653,0.7589872,0.75066686,0.73215234,0.7474563,0.74283034,0.74947697,0.75999296,0.7396531,0.7354108,0.7330914,0.6959027,0.69197863,0.69400734,0.6900304,0.6881458,0.71215165,0.70116377,0.7116421,0.7089911,0.71015406,0.70266616,0.763168
TC-Sicurezza-017,0.71724945,0.7332013,0.70831966,0.71507156,0.7080797,0.70706606,0.70820725,0.7043518,0.70219123,0.7069547,0.7081506,0.71250653,0.7266077,0.73998743,0.74543595,0.7374903,0.7434935,0.73185796,0.7321993,0.69059455,0.70539284,0.69769096,0.69617605,0.6944038,0.69565046,0.7042635,0.6958256,0.7007656,0.7228763,0.7170175,0.7134404,0.7176548,0.7655319,0.7369977,0.7584077,0.7535003,0.7345229,0.7547703,0.71596843,0.73766077,0.7316435,0.7183169,0.73338974,0.76872444,0.7362533,0.76518714,0.7678186,0.746295,0.77529633,0.75603896,0.75529754,0.7395456,0.7710155,0.74453354,0.71457875,0.6853587,0.6876171,0.66150546,0.7001014,0.6727205,0.7323942,0.7273549,0.7265477,0.7274363,0.7260998,0.71745056,0.7120966,0.7109585,0.7125594,0.7105603,0.7120596,0.71664655,0.71292925,0.71343315,0.7134508,0.73529136,0.7060732,0.717642,0.75243986,0.7423382,0.7229469,0.71166426,0.7232088,0.72226954,0.7110254,0.7300602,0.72711563,0.7317416,0.7244171,0.72622526,0.6870023,0.7073131,0.71239984,0.69675547,0.6897557,0.71118706,0.6978047,0.7202024,0.7198998,0.7161806,0.7217953,0.719663,0.70958513,0.7006632,0.7133275,0.71704686,0.71054053,0.69751465,0.70482093,0.69569683,0.7676296,0.7680683,0.7628044,0.7518117,0.76741874,0.7537922,0.71404403,0.7294051,0.7366741,0.7269008,0.6754729,0.6557106,0.67311203,0.6556181,0.66016406,0.66847426,0.6709164,0.67098534,0.67537713,0.68233335,0.6777069,0.744805,0.7171349,0.732938,0.7086295,0.7154623,0.71021473,0.7080854,0.7090087,0.7049819,0.7010219,0.7064395,0.70758146,0.7127745,0.72532326,0.7393519,0.74587786,0.73706555,0.7439698,0.73281014,0.7317369,0.68870634,0.70500505,0.69648325,0.6943905,0.695215,0.6957754,0.7047338,0.6939279,0.70156205,0.72450775,0.71806574,0.71336985,0.71711355,0.76467836,0.73649293,0.7566184,0.75183296,0.73310477,0.7536693,0.71598136,0.7369029,0.73126465,0.7186978,0.7333616,0.76944757,0.7364144,0.7655924,0.7683351,0.74649227,0.77678895,0.75612015,0.75580597,0.7398299,0.77160764,0.74489975,0.71207535,0.68256426,0.6873624,0.6601937,0.6991289,0.6716518,0.73191714,0.72729886,0.7264874,0.7274646,0.7261113,0.7178595,0.71224844,0.71099734,0.7124914,0.71074796,0.7123076,0.71626484,0.71298444,0.71351147,0.71362686,0.7342385,0.7064836,0.72006965,0.75270617,0.7426185,0.7225003,0.70975065,0.7221973,0.72365093,0.71159816,0.72954196,0.72640693,0.730943,0.7229295,0.7245185,0.68772876,0.7084354,0.71323174,0.69560754,0.69171345,0.71143246,0.6995843,0.72170717,0.72188026,0.71817267,0.7229613,0.72032547,0.71062064,0.7009024,0.71240246,0.71670854,0.7091329,0.6968328,0.7063151,0.6962323,0.7664592,0.7676362,0.7632853,0.751563,0.7681662,0.75345457,0.71464443,0.72992146,0.73680264,0.72691524,0.67623746,0.6548847,0.6721255,0.6541557,0.6610537,0.66912484,0.67026854,0.6714436,0.6744095,0.6837466,0.6777381,0.74496907
TC-NonFunctional-018,0.73452187,0.7332404,0.757358,0.76065254,0.74798256,0.74756753,0.77902484,0.7232879,0.7258104,0.7381166,0.74213165,0.7323886,0.74393624,0.7374548,0.7533474,0.7371166,0.73463583,0.7399469,0.7392693,0.69957167,0.706853,0.71566653,0.7017355,0.7010548,0.7031119,0.70441407,0.7044901,0.70371974,0.75292957,0.7492553,0.7409725,0.74366,0.73617995,0.7191714,0.7379301,0.7303946,0.7214705,0.7278781,0.70248866,0.7221923,0.7134608,0.7083955,0.71121156,0.7542946,0.73561007,0.7641851,0.73347574,0.72855926,0.7324017,0.73381346,0.75749546,0.7506224,0.75774,0.7512006,0.7115504,0.69565,0.6916715,0.6702001,0.7002852,0.6821876,0.7435529,0.73747826,0.7389555,0.7369157,0.7347729,0.7049348,0.70078623,0.70111614,0.7012685,0.69854057,0.70015216,0.7009028,0.7020507,0.70122755,0.702974,0.76899266,0.73205227,0.74412,0.7646632,0.75968313,0.76490897,0.7424785,0.753556,0.77049947,0.7581742,0.7649204,0.76548815,0.7718183,0.76253176,0.76691365,0.6997517,0.71326303,0.71201205,0.7110577,0.7094661,0.71900535,0.7166872,0.7495005,0.7504033,0.75258565,0.7502893,0.7486819,0.75047016,0.7107604,0.7213942,0.7157094,0.72038007,0.7118332,0.71744734,0.7090701,0.7778498,0.77232075,0.76507413,0.763724,0.75535345,0.7589691,0.73903996,0.7389984,0.7239971,0.7180586,0.72494096,0.74132735,0.7174506,0.7336173,0.7371073,0.776296,0.7755314,0.78016937,0.77851033,0.7869471,0.78852427,0.75283194,0.73402023,0.7349009,0.7600286,0.7627766,0.7511484,0.7506041,0.78115606,0.7269778,0.7267686,0.7401712,0.74348074,0.7347723,0.74455297,0.7385372,0.7558466,0.73973846,0.73706883,0.74180114,0.7403954,0.6993203,0.7086221,0.7158123,0.7013228,0.7037895,0.70586824,0.70653856,0.7046133,0.70640504,0.756057,0.7511048,0.7426082,0.7455746,0.7367828,0.7197773,0.73773354,0.7303505,0.72112864,0.7281825,0.7041361,0.7234578,0.71486455,0.7098221,0.71267116,0.75828284,0.7377908,0.7654155,0.7359466,0.73060703,0.73587227,0.73529303,0.760215,0.75287724,0.76087576,0.7526765,0.710769,0.69477993,0.69094306,0.66872835,0.7003572,0.6827633,0.74519384,0.7393055,0.74069595,0.73894167,0.7368217,0.70738316,0.7013309,0.7016503,0.70166785,0.6992885,0.7008799,0.70125747,0.7024324,0.70180845,0.7035856,0.76995385,0.73430324,0.7482214,0.7675109,0.76204586,0.7663398,0.7426125,0.7545894,0.77339065,0.76118976,0.7673018,0.76797533,0.7731682,0.76401305,0.7681941,0.7004209,0.71512455,0.71480095,0.71079296,0.7128155,0.7206229,0.7196494,0.7515427,0.7529415,0.75501245,0.75270724,0.75046766,0.7519219,0.71239614,0.7234583,0.7171897,0.7198484,0.71267676,0.7205169,0.7113726,0.7785299,0.77454823,0.76834,0.76586807,0.758433,0.76173395,0.74007624,0.7404581,0.72601336,0.7202063,0.726074,0.74097294,0.71725947,0.73314565,0.7379685,0.77623636,0.77464986,0.779794,0.7773576,0.7875601,0.7881325,0.7543618
TC-NonFunctional-019,0.7574071,0.7698963,0.73294854,0.74007034,0.7372522,0.7396549,0.7424947,0.77936244,0.7773101,0.76234066,0.838246,0.822229,0.8335333,0.76970124,0.76555455,0.76905495,0.77636576,0.7919278,0.75960547,0.73199403,0.7424784,0.7463919,0.7345765,0.7330153,0.73079747,0.73473096,0.7319958,0.7391753,0.83981717,0.80962396,0.81859505,0.8199886,0.7785047,0.7595955,0.7776773,0.7734419,0.75921905,0.7673235,0.7798841,0.80330247,0.79390544,0.779494,0.78871,0.81855655,0.8081877,0.78446114,0.7543715,0.7500151,0.7575511,0.74238414,0.7553928,0.7501862,0.76146317,0.7436679,0.733839,0.7222662,0.7095168,0.6887758,0.724581,0.7090459,0.7530943,0.7462363,0.74370545,0.7452774,0.74329436,0.73723286,0.7325296,0.7305001,0.7328896,0.73010397,0.73212576,0.7335693,0.73165077,0.7353333,0.7359723,0.8311757,0.7725583,0.8068168,0.8233373,0.8231914,0.7432739,0.70749915,0.71360624,0.7251716,0.71683055,0.72498083,0.7237157,0.7284925,0.7206195,0.72355896,0.732001,0.7513839,0.757182,0.7608783,0.7407221,0.7537692,0.74294615,0.7840097,0.7787204,0.7721439,0.7743373,0.7734071,0.77585936,0.73041916,0.73956066,0.73179144,0.7464684,0.7388682,0.726586,0.7216398,0.76483727,0.7769191,0.80511683,0.75735873,0.7964901,0.730111,0.77521473,0.73716825,0.7276174,0.7243404,0.7215961,0.71360576,0.70947677,0.70356447,0.7106958,0.7290145,0.7213945,0.73293066,0.73059607,0.73321825,0.7230545,0.7943989,0.75856733,0.77434754,0.73973465,0.7457316,0.743621,0.7472286,0.74981016,0.7804003,0.7759687,0.76136446,0.8378673,0.82340837,0.83252096,0.77267504,0.76910955,0.77306384,0.78032005,0.79364675,0.76242894,0.7325436,0.7449857,0.7489358,0.7351142,0.73858905,0.7362735,0.73871315,0.7350995,0.744717,0.84153867,0.81102926,0.81923723,0.81943125,0.7790561,0.76099086,0.778167,0.77401525,0.75956756,0.76822364,0.78037953,0.8043082,0.7939782,0.7798301,0.788954,0.821627,0.8092918,0.7868899,0.75879645,0.7532134,0.7623447,0.7451979,0.76095253,0.75402194,0.7666891,0.74731314,0.733836,0.7220408,0.7092251,0.68831915,0.7254473,0.71041834,0.75600874,0.7492235,0.746697,0.7483705,0.7464004,0.74163634,0.73498875,0.7329416,0.73514974,0.73273826,0.73482037,0.7357465,0.7340383,0.7377878,0.73856926,0.8304838,0.77391833,0.8108671,0.82522106,0.82440686,0.7477516,0.70905536,0.7176711,0.7327148,0.7228054,0.73111963,0.7303337,0.73230594,0.72404885,0.726542,0.7333629,0.75496507,0.7625949,0.761164,0.74516827,0.757475,0.74706453,0.78749436,0.78220654,0.776366,0.77811885,0.7765295,0.77829784,0.7340948,0.74217623,0.7361272,0.7480495,0.7412003,0.7315285,0.72522986,0.7677335,0.7793181,0.80871296,0.76300085,0.7997744,0.73582065,0.77784806,0.7410275,0.73133844,0.72897154,0.7234583,0.7147199,0.70974874,0.7039603,0.7137106,0.73144096,0.7220286,0.7351203,0.73074293,0.7361498,0.72473496,0.79748297
TC-NonFunctional-020,0.74115694,0.7480876,0.7240915,0.73315877,0.7248809,0.72620666,0.7442951,0.7723607,0.77180296,0.7590388,0.8083182,0.7992171,0.8056518,0.77162766,0.7433008,0.75053155,0.75950575,0.7526786,0.7479669,0.7159455,0.7250552,0.7246566,0.7165546,0.71350896,0.71487427,0.7182131,0.72249734,0.71887916,0.8062795,0.7982255,0.7966055,0.811568,0.7804556,0.7674591,0.77630186,0.77092206,0.761464,0.77069455,0.7800926,0.79746413,0.782768,0.7743639,0.78568137,0.81258047,0.8065108,0.77968514,0.75256234,0.7524333,0.75615674,0.7438342,0.7518912,0.7488464,0.7600893,0.74409825,0.7342075,0.7277239,0.73001444,0.71608156,0.728737,0.7180504,0.7618928,0.7569259,0.7547583,0.7554451,0.7532951,0.7446618,0.7412175,0.7392622,0.7411819,0.73829293,0.7398545,0.74165624,0.7402095,0.7410786,0.74352354,0.8250086,0.7876235,0.83010614,0.8385385,0.8442894,0.76897144,0.7524459,0.7588259,0.77367634,0.7625351,0.769831,0.7719643,0.7746922,0.76576006,0.77219045,0.7514019,0.74515796,0.75181615,0.73584044,0.73375213,0.7534348,0.74299526,0.7533022,0.7574557,0.7551973,0.7558043,0.7530969,0.755296,0.75037724,0.7426709,0.7408524,0.73616385,0.7448225,0.7376456,0.733331,0.7714625,0.7887755,0.80377805,0.7675277,0.79748964,0.7423301,0.7400899,0.7563639,0.74276394,0.741683,0.7224734,0.7114556,0.7129664,0.7023095,0.7009905,0.7182963,0.71532094,0.72520065,0.7229967,0.7369477,0.7334049,0.7825526,0.7412077,0.7499819,0.7281704,0.73617756,0.72884643,0.7312733,0.74835014,0.77254593,0.7695411,0.75747585,0.80733955,0.8002435,0.8046564,0.7727072,0.7461492,0.753432,0.76072633,0.7535322,0.7491863,0.71522355,0.7260322,0.72522867,0.71574974,0.71651715,0.717444,0.720802,0.7233632,0.7218797,0.8073799,0.79844844,0.7964262,0.8101571,0.7796698,0.7673452,0.7752626,0.76999193,0.76021326,0.7698662,0.77928907,0.797048,0.7816634,0.77346027,0.784498,0.81383073,0.80635333,0.7806138,0.75499517,0.75411165,0.7592213,0.7452412,0.75507414,0.751177,0.7631594,0.74594635,0.7334338,0.72689956,0.7294393,0.7148598,0.7285152,0.71838844,0.7631798,0.75834167,0.75612164,0.7569672,0.7548695,0.74718404,0.7420845,0.74010944,0.7418556,0.7393089,0.74091065,0.74222183,0.7409956,0.74196506,0.74445164,0.82320607,0.7864198,0.8324972,0.83784676,0.8433987,0.76989424,0.7519048,0.7600645,0.7771334,0.7656696,0.7727894,0.77520525,0.7762639,0.7675296,0.7732726,0.75182897,0.7464576,0.75398153,0.73519933,0.73713166,0.7552972,0.7457361,0.755882,0.75996214,0.75756943,0.75786066,0.75513494,0.7571479,0.7518996,0.74366844,0.7424219,0.7357899,0.74539006,0.7408194,0.7352816,0.7724131,0.7888068,0.804405,0.76972014,0.7990409,0.74502623,0.741695,0.7585745,0.74542147,0.7447058,0.72349614,0.7110529,0.71205556,0.7013073,0.7024021,0.7196774,0.7156561,0.7262592,0.72297066,0.7388775,0.73408437,0.7836417
TC-NonFunctional-021,0.74020624,0.7202327,0.71658045,0.71542764,0.7162497,0.7137074,0.7085721,0.7244918,0.72809887,0.71620893,0.7302593,0.71937084,0.7275106,0.7362089,0.73445106,0.73442113,0.737626,0.7318846,0.7274959,0.68112075,0.6918783,0.69279957,0.688961,0.68444073,0.6857389,0.6916706,0.6840805,0.6900325,0.74979526,0.74759525,0.7430941,0.74880266,0.72875136,0.71499777,0.7318051,0.71676695,0.7140775,0.7249279,0.7042024,0.7257029,0.7078436,0.70581937,0.7141905,0.7504294,0.7346534,0.75967836,0.7279752,0.7235955,0.7589929,0.7275189,0.73530304,0.7279767,0.75740486,0.727619,0.70514804,0.69058335,0.6808068,0.66248864,0.6928387,0.6772269,0.73527634,0.7317153,0.7305281,0.73247015,0.73013556,0.7056127,0.7029196,0.70136,0.7039749,0.7008683,0.7017568,0.7051357,0.70172256,0.70397615,0.70477426,0.75677633,0.727558,0.73744744,0.761358,0.7546644,0.74494845,0.7305347,0.7361176,0.7439673,0.74147314,0.7458726,0.74571705,0.75348455,0.73949087,0.7422926,0.7050639,0.7221015,0.7276048,0.7072265,0.7093492,0.72888803,0.7183534,0.73268133,0.73747927,0.733895,0.73346925,0.73098445,0.7325287,0.7091197,0.71653974,0.71024156,0.70893997,0.7211081,0.7125324,0.70652705,0.77068555,0.7634131,0.7566062,0.7528571,0.76083666,0.75769776,0.72926915,0.72554696,0.7155321,0.71422344,0.6909748,0.6865921,0.68270767,0.6807634,0.6874108,0.69919956,0.6907431,0.7006124,0.69500864,0.7185741,0.7074873,0.7617883,0.7358353,0.7182362,0.71551,0.71421987,0.71529496,0.71226287,0.7082261,0.72454846,0.72447354,0.7140776,0.7273759,0.71947396,0.72523856,0.7340186,0.7334857,0.7339721,0.73606926,0.7308862,0.7261823,0.67721903,0.68960845,0.689496,0.6855173,0.68313813,0.68391216,0.6901001,0.6796057,0.688341,0.74863946,0.7462665,0.7412435,0.7468183,0.7263136,0.7123761,0.7283226,0.7134498,0.71049327,0.7217028,0.70191216,0.7233253,0.70558155,0.7036614,0.7117994,0.7494087,0.7323928,0.7577988,0.7268196,0.7222891,0.7590461,0.72644126,0.7344438,0.7268008,0.7563019,0.72647697,0.70122147,0.6874672,0.6788975,0.6595056,0.690446,0.6756812,0.7334276,0.7306089,0.7294513,0.73152375,0.7291386,0.70511544,0.7005727,0.6990039,0.7014901,0.6986502,0.69953555,0.7022536,0.6993376,0.7016275,0.70246613,0.7545594,0.72559357,0.7374506,0.75954384,0.7521308,0.7425256,0.7265451,0.73411864,0.7440156,0.74032694,0.74403495,0.7433491,0.75152236,0.7381273,0.74042714,0.70304865,0.7209313,0.72615284,0.7040848,0.70955503,0.7261102,0.7176235,0.7322271,0.7369996,0.7329266,0.73244166,0.72987854,0.7313315,0.7076866,0.71458566,0.70723665,0.7055832,0.71798444,0.71298087,0.7058624,0.7675288,0.760069,0.7546313,0.7507124,0.76055413,0.7557613,0.7276623,0.72460425,0.71392554,0.7127781,0.6903752,0.6839266,0.6801666,0.6778077,0.68645614,0.69855565,0.6886905,0.69985986,0.69251657,0.7173922,0.70528185,0.75996345
TC-NonFunctional-022,0.764615,0.73407984,0.71836144,0.72224945,0.70947176,0.7125583,0.71990526,0.709834,0.72129977,0.7129971,0.71242946,0.7123294,0.72300905,0.75180244,0.75013816,0.75080645,0.75971997,0.75382775,0.7401574,0.69875175,0.7123812,0.7183522,0.70456034,0.7060925,0.70484346,0.70953035,0.7080468,0.7116277,0.7640836,0.7547601,0.75091916,0.7547948,0.73217416,0.71874124,0.74286705,0.7275068,0.7193984,0.72950935,0.70219827,0.7221816,0.7113915,0.7064857,0.71407676,0.76161075,0.74802995,0.78617394,0.75431275,0.7428981,0.74580854,0.73641175,0.75319344,0.74402386,0.74860483,0.74040526,0.726404,0.7145741,0.7054094,0.68389213,0.7193893,0.7047212,0.7468219,0.74210864,0.7398937,0.7404866,0.73989713,0.7113105,0.70759076,0.7054033,0.7070987,0.70518243,0.7063713,0.7077217,0.7058641,0.7080982,0.7091706,0.76558036,0.71738243,0.72676355,0.7590682,0.7552296,0.75501925,0.73142207,0.73366374,0.74210566,0.7366512,0.74336183,0.7344736,0.7362487,0.7271432,0.73056746,0.7133477,0.7317683,0.7413976,0.72374,0.7173163,0.73724884,0.7237328,0.75239635,0.7532259,0.7464481,0.74377096,0.74307656,0.743966,0.72156423,0.72678113,0.72497886,0.7198196,0.72762024,0.7163284,0.7161239,0.76862085,0.76312333,0.7476334,0.74394995,0.740797,0.74814886,0.7440965,0.73399085,0.7210015,0.72124636,0.69730586,0.6914011,0.6952976,0.6892997,0.6919377,0.7134198,0.7008393,0.71628857,0.71086544,0.7191005,0.7037527,0.76175785,0.76255643,0.7338034,0.719247,0.7231217,0.71091175,0.7137418,0.72150135,0.7117528,0.7202773,0.71283066,0.71135837,0.7127481,0.72185636,0.7503262,0.7499974,0.7515097,0.75980103,0.7541435,0.7395398,0.6960644,0.7114731,0.7160543,0.7024351,0.7061218,0.70436865,0.7088787,0.7051648,0.7114172,0.764772,0.7545145,0.7509575,0.75445855,0.7310826,0.717193,0.7402683,0.725421,0.71676123,0.72761273,0.70137215,0.7212251,0.7106517,0.7055426,0.7133541,0.76189625,0.7468328,0.78552514,0.7543746,0.74253535,0.746668,0.7360525,0.753549,0.74378103,0.7485378,0.7399025,0.7231033,0.7122925,0.7037702,0.68168926,0.7178892,0.70440006,0.7457085,0.74214935,0.73998195,0.74072313,0.74003845,0.71190464,0.7064447,0.704244,0.7058064,0.7042675,0.70546913,0.7061902,0.70463264,0.70683676,0.7082027,0.7652532,0.7178201,0.72846437,0.7594708,0.75469816,0.75413454,0.72900915,0.73280627,0.7437605,0.7366401,0.74305093,0.7342665,0.73588717,0.7269588,0.72970945,0.7124026,0.7316221,0.74140793,0.7216771,0.71924716,0.736032,0.7245414,0.75373393,0.7545,0.74713546,0.7443347,0.74323714,0.74415857,0.72110146,0.72589296,0.7235435,0.71769553,0.72567344,0.7180281,0.71662754,0.7667614,0.7610054,0.74774534,0.74418396,0.7414994,0.74756837,0.74410486,0.73428714,0.72103226,0.72140235,0.6975777,0.6897192,0.69324243,0.6870227,0.6917548,0.713627,0.6995403,0.7161971,0.709193,0.7183944,0.7023976,0.76145625
TC-NonFunctional-023,0.7638141,0.72679883,0.6994274,0.70440453,0.6957208,0.6954007,0.7148275,0.7226385,0.7258028,0.7235899,0.7311182,0.72690284,0.7391495,0.7318415,0.73077655,0.7360816,0.7330769,0.7376764,0.7331995,0.697528,0.7095435,0.7146754,0.70053643,0.70017743,0.7022227,0.7032615,0.7001458,0.7027552,0.76513183,0.75589806,0.752042,0.7529779,0.7330283,0.7161763,0.7329025,0.7223718,0.71807534,0.72704345,0.7036085,0.7263818,0.70988375,0.70797324,0.714985,0.77061534,0.75221753,0.7747951,0.7498895,0.74003077,0.7410655,0.7315934,0.7449062,0.7363907,0.74081886,0.73183024,0.7411394,0.7224475,0.71355736,0.68994236,0.72618896,0.70694983,0.7606395,0.75520986,0.75479364,0.754017,0.75397545,0.70133626,0.6960393,0.6952012,0.6957477,0.6942191,0.6954247,0.69634485,0.69518125,0.69713295,0.69898295,0.76267666,0.7230832,0.73994076,0.77155447,0.7702842,0.82759404,0.8098687,0.81016195,0.8225633,0.8042156,0.8157328,0.812466,0.82981694,0.8222307,0.82679886,0.7102596,0.71590865,0.71689314,0.7187192,0.71172696,0.7205065,0.71665245,0.745108,0.7459228,0.7448573,0.738948,0.738554,0.7401533,0.7144551,0.7258551,0.7260733,0.72617984,0.72755635,0.7235028,0.7138326,0.7974421,0.80002666,0.7848642,0.7765419,0.77925855,0.78817993,0.73663867,0.7527735,0.7427061,0.74559873,0.69913316,0.6848252,0.69074535,0.67658025,0.67493916,0.7114497,0.7048475,0.7177,0.7149286,0.73941284,0.72828335,0.7527151,0.7619246,0.7273909,0.70090705,0.70586,0.6970357,0.697335,0.7160459,0.72397715,0.7243339,0.7226567,0.7306526,0.72743225,0.7382865,0.7311334,0.73076975,0.73633367,0.73391384,0.7385077,0.7325636,0.69569397,0.70913005,0.7124568,0.69908947,0.70132494,0.70298284,0.7035925,0.6984551,0.70345,0.76599014,0.7564716,0.7519513,0.75316507,0.73144805,0.71538126,0.730914,0.721143,0.71603024,0.7259756,0.7031502,0.7256174,0.7094225,0.707501,0.7146313,0.77176654,0.7523952,0.77379715,0.7504762,0.74004066,0.7424781,0.732508,0.74559903,0.73627543,0.7409,0.7321216,0.738513,0.71968544,0.712246,0.6879656,0.72440076,0.70665157,0.7603118,0.7558554,0.7554637,0.75467736,0.7544633,0.7018868,0.6950644,0.6941636,0.69462425,0.6934521,0.6946733,0.6951132,0.69416034,0.6961195,0.6981459,0.7624825,0.7229942,0.7418221,0.7721019,0.7695403,0.8274951,0.80895007,0.80978554,0.82305586,0.8037758,0.81427944,0.81141305,0.82958853,0.8226409,0.8263677,0.7095467,0.7158377,0.7176746,0.7179059,0.7133472,0.71931005,0.7175337,0.74689895,0.74730825,0.74627286,0.7398859,0.7393298,0.7408025,0.7151104,0.7257619,0.7251917,0.72512406,0.7269186,0.7255533,0.71443367,0.7965512,0.7984601,0.7841612,0.7751904,0.7789826,0.7872075,0.7364301,0.7532551,0.743059,0.74632716,0.6995456,0.6834121,0.6890119,0.67473125,0.67476815,0.7113108,0.70339334,0.71750015,0.71318555,0.7386688,0.72690785,0.7524639
TC-NonFunctional-024,0.78022486,0.77139133,0.7553377,0.7638571,0.76571906,0.7461333,0.75946057,0.74469393,0.72715724,0.737055,0.74047035,0.7561862,0.76135826,0.7740977,0.7773406,0.7592101,0.7689726,0.7639672,0.75594604,0.73126,0.7516154,0.76198405,0.7520247,0.74928665,0.7477657,0.75383264,0.75369936,0.754875,0.7773353,0.76688445,0.7589149,0.7628037,0.77509725,0.7650744,0.7909017,0.78212565,0.7780406,0.76831007,0.7331612,0.75824124,0.7536018,0.7543038,0.7442863,0.78816813,0.77011144,0.8221971,0.78133583,0.7791474,0.78618544,0.76483786,0.79560184,0.79081243,0.79909515,0.7775354,0.7628789,0.7507508,0.74703145,0.7289045,0.7521455,0.73898023,0.7618674,0.7563933,0.7550272,0.75827897,0.7541794,0.72949815,0.72467583,0.7230753,0.72674924,0.72258985,0.723829,0.7259071,0.7235983,0.7258048,0.72731775,0.7749033,0.75198406,0.742854,0.7745072,0.76487434,0.7711247,0.7467954,0.7534501,0.76832837,0.7660408,0.76997894,0.76340324,0.7677642,0.7574361,0.7619016,0.75862294,0.7768501,0.77428806,0.7464055,0.7559216,0.75911623,0.7431292,0.77059424,0.7707547,0.76635665,0.765726,0.76494026,0.76402855,0.76133823,0.7618325,0.7657907,0.76000214,0.7556894,0.7523646,0.74963987,0.79233056,0.7912767,0.7843598,0.7916526,0.7760794,0.7844997,0.77863085,0.7667621,0.7669061,0.7683376,0.7226796,0.7047309,0.72303796,0.7090122,0.7135967,0.7391287,0.7247739,0.7414713,0.7345152,0.7484021,0.73165417,0.77809465,0.77819955,0.7698752,0.7551161,0.7633046,0.76551545,0.74749726,0.75945467,0.7458509,0.72590655,0.7361108,0.739222,0.75665057,0.75953424,0.7725456,0.77692056,0.7598445,0.7684705,0.763725,0.7553427,0.72860634,0.75049776,0.7597381,0.7489488,0.74844825,0.74643373,0.7523577,0.7500971,0.75371164,0.77760994,0.7668536,0.7583949,0.7621803,0.7732727,0.76324934,0.7875974,0.7793776,0.77530825,0.76625896,0.73172784,0.7566756,0.75184643,0.7523518,0.74293876,0.7881124,0.76972693,0.82095695,0.7815342,0.77926767,0.7874672,0.7646017,0.7959122,0.7909644,0.79909825,0.776901,0.75960255,0.74795973,0.74549484,0.7268428,0.7506837,0.7381267,0.76058036,0.7557297,0.75441563,0.7577428,0.75371146,0.72943014,0.7226739,0.7210848,0.72459614,0.7208231,0.7220342,0.7235807,0.72161824,0.72380614,0.72541106,0.7736099,0.75225854,0.74393356,0.77404743,0.7644292,0.7694171,0.7437561,0.75159943,0.7688097,0.76527804,0.7685919,0.7617915,0.76664275,0.75669026,0.7604587,0.7575343,0.77744466,0.7740867,0.74422014,0.757292,0.75825965,0.74364674,0.7714697,0.7712476,0.7662281,0.7655231,0.7647899,0.7634118,0.76071584,0.76096606,0.76421815,0.75752616,0.75422573,0.7538078,0.7496772,0.79061913,0.7894906,0.78434384,0.79065585,0.7763655,0.7831657,0.77776825,0.7666378,0.7663173,0.7676208,0.7225493,0.70225644,0.7206423,0.7062407,0.7124165,0.7392745,0.72365403,0.74145925,0.7329043,0.7474843,0.72979087,0.7778106
TC-NonFunctional-025,0.78423893,0.7544311,0.73787624,0.7392924,0.73332953,0.73184556,0.7401105,0.73358554,0.7429128,0.74583423,0.735447,0.7414441,0.7408042,0.7300214,0.72665894,0.7205437,0.7337728,0.73622143,0.72505134,0.7159775,0.72855157,0.7314056,0.71681875,0.71979034,0.7172171,0.7169227,0.7265296,0.7221745,0.778746,0.7698989,0.7632032,0.7627988,0.72454774,0.7232768,0.72807235,0.7238474,0.7260092,0.7208806,0.70912445,0.71995544,0.7138896,0.715302,0.71322876,0.73761046,0.7385248,0.74914616,0.72801656,0.7345092,0.72432226,0.718402,0.73386663,0.7333786,0.72540814,0.7202234,0.716648,0.7157315,0.70426655,0.69642586,0.71202976,0.70647776,0.7625437,0.75854313,0.75837517,0.75980484,0.7612661,0.7131555,0.7088183,0.7082166,0.70991784,0.70943487,0.7084044,0.7091945,0.71375674,0.7113168,0.71173435,0.7739154,0.73694855,0.74683857,0.76598406,0.7689753,0.7612409,0.7423085,0.73043275,0.73747456,0.7393295,0.7397131,0.73459697,0.74977934,0.7346093,0.7363508,0.73132694,0.7273786,0.7393122,0.74261206,0.72701967,0.729964,0.731323,0.7429509,0.7357429,0.73927253,0.73416746,0.73042715,0.7317704,0.73285687,0.7282554,0.7332708,0.73552537,0.7415961,0.73041403,0.7337641,0.76702935,0.7573582,0.7575714,0.758629,0.7559377,0.7445508,0.75705636,0.7264211,0.71353835,0.7184202,0.7088033,0.6970464,0.70242107,0.6908761,0.7154178,0.72102433,0.7105848,0.7305839,0.719286,0.71882606,0.709177,0.75495267,0.7825206,0.75485206,0.7396691,0.7412444,0.73477435,0.73308206,0.742118,0.7352015,0.7420126,0.74624,0.73554397,0.7421934,0.74017835,0.7302925,0.7280013,0.721828,0.7354921,0.7376104,0.72571427,0.71437997,0.7285576,0.7301402,0.715391,0.72113925,0.71818364,0.7174388,0.72415537,0.72329366,0.7790261,0.77060646,0.764203,0.76294535,0.7237518,0.72224396,0.7259777,0.72239864,0.72395986,0.7198238,0.7089961,0.71944535,0.7133921,0.71466655,0.7130472,0.73836726,0.73852545,0.7485471,0.72780305,0.7344921,0.72548723,0.7187854,0.73431265,0.7340317,0.72623855,0.7208805,0.71397716,0.7137847,0.7028328,0.6949243,0.710828,0.7063436,0.7627193,0.7585135,0.7584884,0.7599921,0.76121736,0.71369386,0.7079624,0.7073832,0.7089696,0.70874727,0.7077447,0.7081554,0.712589,0.71052086,0.71093684,0.77299124,0.73732185,0.7479949,0.76648545,0.7693765,0.7616336,0.7406641,0.7290147,0.739905,0.7392986,0.73935604,0.7346572,0.74850595,0.7342372,0.7352382,0.731006,0.72809225,0.7403286,0.7422064,0.7286786,0.73028386,0.7322399,0.74560386,0.73774034,0.7413863,0.7356068,0.73223317,0.7335181,0.7332192,0.72881925,0.73402506,0.7360661,0.74172264,0.7324917,0.73450685,0.76590836,0.75726116,0.7583585,0.758772,0.75763273,0.74345434,0.75677323,0.7275467,0.7133762,0.718473,0.70966864,0.69587976,0.7008095,0.6891163,0.71563923,0.7221634,0.71029586,0.7314017,0.71853286,0.718164,0.7087211,0.75576997
TC-NonFunctional-026,0.7631434,0.7654903,0.7660105,0.77452594,0.7578952,0.75903225,0.7609499,0.72829574,0.7450876,0.7388715,0.7348398,0.73955697,0.7488234,0.76319814,0.7771477,0.762646,0.7723728,0.7648039,0.7632499,0.73071766,0.7453647,0.7553815,0.74055004,0.7411229,0.7450154,0.74336255,0.74201214,0.7469815,0.7714639,0.77218246,0.7583445,0.76330924,0.75058115,0.7392071,0.75994647,0.7504906,0.741696,0.74520254,0.7176862,0.7362603,0.7323592,0.72536945,0.7261115,0.7771588,0.76350427,0.80230916,0.76985246,0.76595503,0.77156454,0.76680565,0.7797674,0.7735296,0.77955365,0.7736594,0.7537421,0.743405,0.7326368,0.71579814,0.7456763,0.7340799,0.74220574,0.73514104,0.7368198,0.7359891,0.7340106,0.7286211,0.7234837,0.72412676,0.7252347,0.7223053,0.72586286,0.72420156,0.7233608,0.72468174,0.72567105,0.7861185,0.74500144,0.75246125,0.77890676,0.77353275,0.7546613,0.73262584,0.741596,0.75039685,0.7453976,0.7547555,0.7457444,0.7487987,0.7382367,0.74163806,0.7504853,0.7608657,0.77413434,0.7475039,0.748199,0.7661443,0.7520133,0.7734206,0.7753863,0.7762178,0.77254665,0.77171475,0.77384806,0.7494619,0.751266,0.7599609,0.7499396,0.75101554,0.75199914,0.74732995,0.76977545,0.76200116,0.7525326,0.7497115,0.73586,0.74820036,0.7659266,0.7592329,0.7512514,0.74928933,0.7274225,0.73046535,0.72293496,0.72753906,0.73948276,0.75078857,0.73620284,0.7496968,0.7431033,0.74430436,0.7320356,0.7852465,0.76269007,0.7667856,0.7679112,0.7762115,0.7608382,0.7622371,0.7634863,0.73125154,0.74480736,0.74001664,0.7343296,0.74001807,0.7474194,0.76343066,0.77823603,0.7642443,0.7731781,0.7654526,0.76298946,0.7296151,0.7458986,0.75367475,0.7390246,0.74224234,0.74543345,0.74392337,0.74053097,0.7481626,0.77399534,0.7729917,0.75939405,0.76442325,0.7504692,0.73851883,0.7579945,0.74919945,0.7400692,0.74402463,0.7176632,0.7361256,0.73213553,0.7250972,0.7263105,0.77847326,0.76377636,0.802811,0.7704364,0.7661836,0.7729627,0.76690155,0.7806739,0.77412844,0.78016883,0.7737645,0.7517583,0.7418459,0.73158956,0.7138378,0.74500835,0.733967,0.7418607,0.7356831,0.73734033,0.73671764,0.7346904,0.7301159,0.7230397,0.7236457,0.7246353,0.72206414,0.7255286,0.7234969,0.72284096,0.72430265,0.7253868,0.7861811,0.7458147,0.754578,0.78049374,0.77411807,0.7543288,0.7307163,0.7409326,0.7535361,0.7469282,0.7559728,0.7470658,0.7486206,0.7387854,0.74162817,0.75034845,0.76173496,0.7752603,0.74653465,0.7505996,0.76615536,0.7539124,0.7750203,0.77750486,0.7778485,0.7741224,0.77252287,0.77433515,0.75005996,0.7511634,0.7595109,0.74872667,0.74996996,0.75400406,0.74858534,0.76886225,0.76198715,0.75469935,0.7508719,0.7387509,0.7489212,0.7666574,0.75992954,0.75171703,0.7500233,0.72806394,0.72895354,0.721454,0.72574484,0.7393853,0.75093347,0.7352926,0.7498413,0.7417275,0.7442595,0.73098624,0.7858552
TC-NonFunctional-027,0.7701444,0.76451814,0.73574936,0.7423341,0.74225396,0.7386399,0.73377436,0.7176223,0.7277986,0.7313511,0.72242147,0.73143375,0.74076414,0.76182497,0.75979483,0.7640834,0.76469165,0.7609837,0.7551454,0.7310986,0.7437453,0.75125515,0.7423988,0.74185705,0.7413757,0.7507569,0.74561954,0.7448982,0.75882006,0.762871,0.7573843,0.7589423,0.7598977,0.74415344,0.7641526,0.7477857,0.74112904,0.7451191,0.72334397,0.7395963,0.7291818,0.72597593,0.72737503,0.7825196,0.76267356,0.79940873,0.7694855,0.7719234,0.76096445,0.75574946,0.76846325,0.7659386,0.76203316,0.75213593,0.76427585,0.74909854,0.73676854,0.71673816,0.74789834,0.72995996,0.7354018,0.7300126,0.72907424,0.72900486,0.7284194,0.72821474,0.7244504,0.7233395,0.72453177,0.7225583,0.7235366,0.7271571,0.724249,0.7248052,0.7268076,0.76002395,0.71849597,0.72275424,0.7603278,0.7524193,0.7397226,0.7170398,0.724578,0.73397005,0.72891873,0.7294837,0.7316791,0.73031336,0.72086155,0.7259567,0.7379694,0.7534741,0.75951326,0.74835396,0.7405387,0.7625878,0.7510347,0.7568992,0.76422423,0.75826836,0.75774974,0.7551341,0.7564532,0.7382491,0.74475634,0.74062556,0.7405078,0.7451884,0.74179304,0.7380419,0.7595465,0.7500753,0.73479235,0.7338383,0.7315099,0.732736,0.7672993,0.7406663,0.73843724,0.7402891,0.7157464,0.70301574,0.7206364,0.7069633,0.70710886,0.71515465,0.7057601,0.72492045,0.717974,0.721598,0.7062579,0.7592692,0.7677376,0.76331455,0.7355757,0.74185467,0.7419672,0.73870355,0.7347462,0.71898115,0.72552335,0.7304903,0.71931803,0.7308166,0.7385743,0.7602817,0.758449,0.7639903,0.7635741,0.7601985,0.7540238,0.72758454,0.7423191,0.7482133,0.7393749,0.74111575,0.7407689,0.750012,0.74225205,0.7440059,0.75920105,0.76213866,0.75618315,0.7576598,0.7584222,0.7424999,0.76132554,0.7454597,0.7388089,0.7432318,0.72182465,0.7377719,0.7276434,0.72445023,0.7260612,0.781863,0.76085657,0.799042,0.76930285,0.77110475,0.7616588,0.7553562,0.7684331,0.76545894,0.76157093,0.75172406,0.7609192,0.74661773,0.7356834,0.71418834,0.7461209,0.729105,0.73434114,0.73021734,0.72928184,0.7293912,0.72883296,0.7285905,0.7234311,0.72223777,0.72332025,0.72165847,0.7227304,0.72564346,0.72307384,0.7237747,0.7258889,0.75935286,0.7185771,0.72365886,0.7597601,0.75106084,0.7379693,0.71396893,0.7228894,0.7345406,0.7277067,0.72814786,0.72989327,0.72817135,0.7197963,0.7240892,0.7370634,0.75283545,0.7585709,0.74598026,0.7412739,0.76057035,0.75105983,0.75679374,0.76519215,0.7579318,0.75730145,0.75465024,0.7561151,0.737186,0.7428578,0.73750937,0.73742586,0.74240124,0.7428014,0.73816884,0.75735444,0.7474897,0.7343688,0.7326031,0.732374,0.7313919,0.7665144,0.73967344,0.73736197,0.73916346,0.7152296,0.70052195,0.71813565,0.7040954,0.7061265,0.71473485,0.7037734,0.72412205,0.71550804,0.71982557,0.70393574,0.7579591
TC-Functional-028,0.7659724,0.77727044,0.74785566,0.7573023,0.7538583,0.7543309,0.78514004,0.7709485,0.7741975,0.7609225,0.7957049,0.7731959,0.79561645,0.7811021,0.7673646,0.78503513,0.779828,0.78948647,0.78347695,0.74718547,0.75656784,0.7467426,0.73630536,0.73840904,0.7397625,0.74207497,0.7399223,0.73910975,0.7955887,0.79051775,0.79309684,0.7924226,0.7679009,0.73681366,0.7489561,0.7483622,0.73893344,0.75338244,0.71920013,0.7349,0.731809,0.7262213,0.7376843,0.78580576,0.7482425,0.770819,0.7565315,0.74356204,0.76278424,0.7348534,0.74968386,0.73642415,0.76186633,0.7321032,0.7238414,0.6939404,0.7139246,0.67889595,0.7224919,0.6889576,0.7921002,0.78607476,0.78506696,0.7832808,0.7848116,0.73757523,0.7327209,0.7315154,0.7314942,0.7314975,0.7318638,0.7329076,0.7345406,0.7332863,0.73485523,0.8050402,0.7716055,0.78422564,0.80032516,0.79539406,0.8119621,0.791469,0.80495507,0.80521977,0.78139645,0.796182,0.8104788,0.8076442,0.8112668,0.8150317,0.7443094,0.76039743,0.7549161,0.76966894,0.7602723,0.77479386,0.7746125,0.78862554,0.7904096,0.7886337,0.7894863,0.7894186,0.7875177,0.74715024,0.76808786,0.75455606,0.76303524,0.7523214,0.7578417,0.73903716,0.8308747,0.8282144,0.8153776,0.8056332,0.8095681,0.8064681,0.7794024,0.78908694,0.76468915,0.74921596,0.74759775,0.7328839,0.73596716,0.72122693,0.7107964,0.7489369,0.76563275,0.7619561,0.7737329,0.77798307,0.7983334,0.78431785,0.76378894,0.777311,0.74985373,0.7585932,0.7556722,0.757129,0.786669,0.77368844,0.7737527,0.7614801,0.7957547,0.7742224,0.7954659,0.78109896,0.7691365,0.78673875,0.7813571,0.7902946,0.783451,0.74533844,0.75713897,0.7455995,0.7353194,0.74029464,0.7416861,0.74369895,0.73868,0.7407969,0.7973319,0.79114795,0.79349184,0.7933927,0.7679724,0.7364565,0.7473726,0.7471248,0.73709434,0.75244564,0.72016704,0.735401,0.7324598,0.7268577,0.73822623,0.788423,0.74949825,0.7710987,0.75820225,0.74446404,0.76553774,0.73673356,0.7514291,0.7377124,0.764242,0.7335336,0.72236747,0.6925928,0.7132601,0.6772195,0.721781,0.6890473,0.7924471,0.7872915,0.78618604,0.7847036,0.78620255,0.7388913,0.73240525,0.73116827,0.73101366,0.73132825,0.731758,0.73234487,0.73402345,0.7328902,0.7345771,0.8053118,0.77297986,0.78790295,0.8022381,0.7964742,0.8117779,0.7903655,0.8048316,0.8067592,0.78326654,0.7971553,0.8112413,0.8083239,0.81212795,0.81573266,0.7444514,0.76112854,0.7565918,0.76823986,0.7631584,0.77493507,0.7769512,0.78963894,0.79244524,0.7897796,0.79105437,0.79020363,0.7880426,0.7478169,0.7693087,0.75391036,0.7611691,0.75183177,0.76055276,0.74089396,0.8302903,0.82756215,0.81673443,0.80596423,0.81059027,0.807782,0.77964646,0.78987706,0.7657419,0.75028425,0.7479526,0.7320053,0.7349663,0.71991646,0.7116916,0.7489339,0.7646228,0.761495,0.77250344,0.77875936,0.797513,0.78492796
TC-Functional-029,0.75162446,0.78291196,0.7456481,0.7521278,0.7491397,0.74902785,0.7612517,0.80053294,0.80421996,0.7814692,0.86958003,0.84223235,0.8623332,0.7839155,0.7770933,0.7878134,0.79028976,0.80773044,0.7765497,0.74939203,0.7621265,0.74963355,0.73684585,0.73937094,0.73654777,0.74110806,0.73594147,0.7449713,0.84785897,0.8192563,0.83710027,0.8355949,0.7914059,0.76004475,0.77124465,0.7747202,0.7634983,0.77405137,0.77808774,0.79519475,0.7936715,0.78164816,0.79390454,0.8284699,0.8022149,0.77054137,0.757064,0.7446789,0.7676126,0.7403451,0.75370663,0.74444133,0.77079695,0.7406149,0.7287622,0.7056048,0.71509135,0.68300366,0.72922957,0.7004322,0.7737615,0.76794624,0.7653636,0.76553786,0.7655462,0.74661756,0.74226516,0.7401053,0.7414408,0.74032813,0.7411978,0.74216366,0.74128246,0.7447746,0.7447814,0.84020567,0.78785634,0.8269007,0.8333423,0.83243614,0.7628882,0.7296576,0.74080515,0.7394621,0.72195745,0.73405695,0.7470579,0.74059063,0.74947906,0.75060433,0.7412477,0.75966847,0.7600296,0.77364475,0.7531805,0.7668334,0.7598104,0.7939674,0.79032946,0.7821356,0.7867938,0.78796834,0.786307,0.7404861,0.75869256,0.7476412,0.76116353,0.74703324,0.74030316,0.72594786,0.79050606,0.8112033,0.8363991,0.7818666,0.8269303,0.7548423,0.78673893,0.76935273,0.7526343,0.73729753,0.73953927,0.72617304,0.7287781,0.7164808,0.7124554,0.73076,0.74038863,0.7373849,0.74904007,0.7429879,0.75244576,0.7948723,0.7532942,0.7876848,0.7529133,0.7581737,0.756024,0.7574517,0.7687223,0.8016208,0.80293596,0.7804532,0.8698745,0.8434479,0.8620163,0.78754747,0.7811009,0.79201317,0.79486537,0.8097514,0.7793684,0.75049603,0.76514626,0.7527311,0.73825645,0.7459713,0.7429371,0.7463672,0.74031377,0.75164247,0.8502038,0.8213748,0.8380077,0.8360221,0.79247725,0.761884,0.77193123,0.7757242,0.7641468,0.7755343,0.77925956,0.797003,0.79430693,0.78271425,0.7949437,0.83199435,0.80409676,0.7733441,0.76171106,0.748074,0.77283186,0.74403036,0.75937307,0.7482071,0.7763267,0.7448269,0.7293561,0.7059289,0.7154016,0.6829053,0.7307243,0.70266473,0.777195,0.77146816,0.76882803,0.7691977,0.76916814,0.7512302,0.7448762,0.7427255,0.7438898,0.7431058,0.74407023,0.74465185,0.7438705,0.7474085,0.7474992,0.83999646,0.7895393,0.8317654,0.83622515,0.8345789,0.76752245,0.7317986,0.7453234,0.7471242,0.72849804,0.7406552,0.7538378,0.7453653,0.75318974,0.7542518,0.7432929,0.76342803,0.76652133,0.7744272,0.7581972,0.7711047,0.7646928,0.7973916,0.7945026,0.78662187,0.7914031,0.79143476,0.7891822,0.74499696,0.7622504,0.7524234,0.7628856,0.7501608,0.74570185,0.73045254,0.79393494,0.81372625,0.8405145,0.7878306,0.83033025,0.7613071,0.7897394,0.7736477,0.7570777,0.74254775,0.7417407,0.72798413,0.72977155,0.71753514,0.71619964,0.73339325,0.7412571,0.7397488,0.7494534,0.74684113,0.7546483,0.7988558
TC-Functional-030,0.7431277,0.7594444,0.73664606,0.7463671,0.73597544,0.7386792,0.7587093,0.7967173,0.790331,0.7745483,0.8339909,0.80849695,0.82419676,0.78277814,0.7571958,0.7681184,0.7725482,0.76712143,0.7651911,0.7319056,0.7400001,0.7268568,0.7200249,0.7195277,0.7201707,0.72414553,0.7255857,0.72325575,0.82475054,0.81975496,0.82461095,0.8362493,0.7813144,0.7548792,0.75925195,0.7606877,0.75353056,0.76431006,0.7746676,0.7867958,0.7789018,0.7717619,0.7861971,0.81479585,0.79468954,0.75632435,0.7407625,0.7355449,0.74729186,0.73335224,0.74009424,0.7318873,0.7527545,0.7327729,0.7251334,0.70624995,0.7287624,0.702441,0.7277785,0.70307946,0.778758,0.7738068,0.7722957,0.771677,0.772061,0.75443864,0.7509587,0.7494083,0.7502365,0.7493527,0.74947417,0.7513053,0.75081253,0.75116724,0.7535955,0.838318,0.80950975,0.85265756,0.84790003,0.85183847,0.77230227,0.75879705,0.7654898,0.76741153,0.7518406,0.7612285,0.77444375,0.7659439,0.7713858,0.77723783,0.762771,0.7593887,0.7602367,0.7509301,0.7531804,0.7703479,0.7636318,0.7680565,0.77456164,0.7718314,0.77481204,0.7733223,0.7719171,0.75542784,0.7575598,0.7508409,0.745504,0.7537108,0.7485828,0.7376214,0.78809625,0.8051154,0.82088727,0.7806489,0.82569027,0.7560882,0.75394464,0.77593565,0.75964546,0.7471837,0.7331488,0.72108275,0.72290874,0.7105182,0.7036601,0.71432126,0.72618186,0.72085834,0.73111856,0.7330013,0.74455297,0.78223634,0.74323577,0.7613686,0.7408838,0.74944496,0.7398651,0.7435116,0.762835,0.79645896,0.7874582,0.7722753,0.83315265,0.8093344,0.8234221,0.7840808,0.76014334,0.7712281,0.7745485,0.7684829,0.76644653,0.7314215,0.7414105,0.7277258,0.7197577,0.72315997,0.72362274,0.7274799,0.72718126,0.7269517,0.82574916,0.8202294,0.8244773,0.8350746,0.7806864,0.75490284,0.75812846,0.75994176,0.7521979,0.7638289,0.7741236,0.78653955,0.7778866,0.77109885,0.7852142,0.816412,0.79482853,0.75763905,0.7434791,0.7373503,0.7508204,0.73540384,0.7435256,0.73434967,0.7561455,0.7351565,0.7242837,0.7056688,0.72852814,0.70131874,0.7277679,0.7041335,0.7804693,0.77580106,0.77421534,0.7738119,0.77412295,0.75716305,0.75172365,0.75015485,0.7508559,0.75025845,0.7504808,0.7518657,0.75150406,0.75198346,0.75440884,0.835974,0.8077962,0.85517657,0.84732884,0.85083234,0.77370644,0.75890124,0.7671318,0.7712743,0.75520104,0.76446795,0.77773184,0.7682985,0.7737049,0.7788763,0.76365894,0.76077664,0.7628022,0.7505463,0.7566729,0.77219266,0.7668116,0.7707436,0.7775718,0.7742357,0.7772732,0.77567226,0.7737592,0.75754905,0.7590276,0.7527826,0.7457159,0.7546097,0.752226,0.7401395,0.78912646,0.8049556,0.8216951,0.7832768,0.8270353,0.7592814,0.75574756,0.77864105,0.7622672,0.75004274,0.7344898,0.7212161,0.7225478,0.7100664,0.7057876,0.7160001,0.7265466,0.7220912,0.73111343,0.7352484,0.7455324,0.78372025
TC-Functional-031,0.74839616,0.7587289,0.7425648,0.756226,0.7403862,0.74661374,0.74513197,0.7625132,0.76473176,0.7581627,0.77785003,0.7689631,0.7827084,0.76434326,0.75805557,0.767708,0.7714057,0.76941115,0.76624537,0.72731316,0.736932,0.7295566,0.7298302,0.7267753,0.72684777,0.73180974,0.7265146,0.73167557,0.7910987,0.791592,0.7910115,0.79183435,0.7670146,0.74545306,0.75938034,0.7553011,0.74600947,0.7560796,0.7386954,0.7493173,0.75150776,0.74418986,0.75109327,0.77620935,0.7526851,0.7542233,0.7387448,0.7315851,0.74068177,0.71544325,0.7372365,0.7258311,0.7437428,0.71420103,0.71760565,0.7003585,0.7095975,0.6848608,0.72277665,0.7000766,0.75612307,0.7495451,0.7489797,0.7473402,0.7479317,0.7342886,0.73008037,0.7291038,0.72917664,0.7287431,0.72887677,0.73109716,0.7298524,0.7307732,0.7317933,0.79761314,0.7647182,0.78303313,0.7951338,0.7917412,0.75456905,0.73186994,0.7401727,0.7376743,0.7236994,0.73254514,0.74345565,0.7332404,0.7374772,0.73995495,0.74434763,0.75723046,0.76795167,0.75761724,0.7515292,0.77048665,0.76262754,0.8045007,0.80995774,0.80708396,0.8072351,0.80794644,0.8040961,0.7357625,0.74845153,0.7424083,0.7364758,0.74203444,0.73960745,0.7290834,0.77840143,0.7835766,0.77535063,0.7485914,0.77205765,0.7437582,0.76198626,0.7552238,0.74047613,0.73154896,0.72460777,0.71708345,0.7169917,0.71024,0.69694406,0.7016625,0.7094301,0.7061066,0.7145245,0.7098892,0.71648717,0.7745686,0.75179136,0.7650149,0.7511837,0.763646,0.7488681,0.7561114,0.7534604,0.76669145,0.76649857,0.76039875,0.7794368,0.77022123,0.78295016,0.7696109,0.7632155,0.774559,0.7775879,0.7734866,0.77021515,0.7298889,0.74156404,0.73402745,0.7318508,0.73433155,0.7349715,0.737697,0.73218405,0.73940057,0.7963755,0.79482067,0.7944133,0.7945451,0.77071613,0.7485187,0.76152945,0.7573402,0.74797994,0.75908846,0.7417151,0.75297844,0.754292,0.7470471,0.7538277,0.78181636,0.7561493,0.7586789,0.74391866,0.7357326,0.746458,0.71945554,0.7434014,0.7308119,0.750147,0.7191998,0.71912974,0.7011411,0.7103206,0.6858584,0.72507364,0.702592,0.7592736,0.75400794,0.7532835,0.7519126,0.7524408,0.73977464,0.73365146,0.73263884,0.73255265,0.7324492,0.73267734,0.7343406,0.7333102,0.73432523,0.73548865,0.80010724,0.7695885,0.7888917,0.80035645,0.7958223,0.75974864,0.73468405,0.7451676,0.7462834,0.73117733,0.7404845,0.7516833,0.7382985,0.7419118,0.74432695,0.74730086,0.7621893,0.77517164,0.75984466,0.7576093,0.77616394,0.769095,0.80984885,0.8161947,0.8136475,0.8131232,0.8130079,0.8084905,0.740379,0.75237167,0.7483928,0.7398039,0.7448852,0.7450506,0.73358047,0.78299654,0.78900903,0.7820067,0.7566425,0.77839375,0.75193936,0.76740366,0.76001185,0.74556893,0.7375568,0.7269401,0.7199774,0.7187102,0.71245503,0.70193744,0.70522916,0.71113294,0.7093937,0.7160106,0.71432763,0.71927273,0.77918375
TC-Functional-032,0.74293596,0.7491095,0.75204605,0.7584736,0.7540188,0.7535949,0.7526887,0.7555265,0.755246,0.7495085,0.76211584,0.7541604,0.7660923,0.75472164,0.75904125,0.7556833,0.7652416,0.76660246,0.75728846,0.72676206,0.736106,0.7266416,0.7237176,0.7200278,0.7195831,0.7203053,0.7179459,0.7216334,0.793048,0.790172,0.7834407,0.7842076,0.75804794,0.73918796,0.7491106,0.7491511,0.7409192,0.74647796,0.7321293,0.7410903,0.7451649,0.73826796,0.74162614,0.7763133,0.7568427,0.7573141,0.7337044,0.7296232,0.7350459,0.70848244,0.7435667,0.7321784,0.7473815,0.71622545,0.7077881,0.69416827,0.6978936,0.6752678,0.71353185,0.6939414,0.75543404,0.7498131,0.7482051,0.7473026,0.74735314,0.73492706,0.7327857,0.73071027,0.73153543,0.7306423,0.73074484,0.7315098,0.7311442,0.7315104,0.7329287,0.7942957,0.7675345,0.77262795,0.79149246,0.7841898,0.76269794,0.7368947,0.7430388,0.75332034,0.7441792,0.75104994,0.75436074,0.7479822,0.74403346,0.747584,0.71475494,0.7384769,0.749339,0.74007726,0.734129,0.74332345,0.7381987,0.8020983,0.80229974,0.800923,0.79835916,0.7991598,0.7988659,0.7263106,0.7392541,0.7355173,0.7343884,0.7385253,0.7296941,0.72142625,0.7763417,0.7803387,0.77361405,0.77622306,0.78114784,0.76730865,0.76153195,0.7418933,0.7385044,0.72946507,0.725822,0.7304859,0.7212951,0.7252157,0.7249601,0.7288988,0.72803354,0.7286722,0.72990036,0.73788804,0.733423,0.75641555,0.74487525,0.7529032,0.7578025,0.7631403,0.7595614,0.7596031,0.7585349,0.75810254,0.75545603,0.75000906,0.76240194,0.75484025,0.76575863,0.75824594,0.7623765,0.7603607,0.7694446,0.7695276,0.75967646,0.72732913,0.7385394,0.72910553,0.7247624,0.7255739,0.72499156,0.72445846,0.7211556,0.7272526,0.79603875,0.79244035,0.78486013,0.785051,0.7599024,0.740957,0.7498275,0.75002885,0.74159455,0.74795216,0.7342155,0.7432655,0.74711645,0.740205,0.7434404,0.78048515,0.7589201,0.7603655,0.73724246,0.7323142,0.7393744,0.7110057,0.747509,0.7354277,0.75169826,0.719359,0.708133,0.6943609,0.6983255,0.6754711,0.7149997,0.69567794,0.75714993,0.7523235,0.7506118,0.7501532,0.75013745,0.7391474,0.73489386,0.73279035,0.73351866,0.7329496,0.73309994,0.7333756,0.7331679,0.7336581,0.7351913,0.7950511,0.77030665,0.77644897,0.7945049,0.78632337,0.76541954,0.7378123,0.7457674,0.75825197,0.74924695,0.75614995,0.75927556,0.7510768,0.7468176,0.7500828,0.7167703,0.74224967,0.7549802,0.7408429,0.7392228,0.74697894,0.7428515,0.8054687,0.80633336,0.8053565,0.8023881,0.80265164,0.8018756,0.7298994,0.7418413,0.739705,0.73626906,0.7403706,0.73396415,0.72498393,0.77828866,0.7827199,0.7771551,0.7812272,0.7841061,0.7729928,0.7654426,0.7449365,0.7419811,0.733638,0.72704625,0.73186076,0.7220042,0.726296,0.7273081,0.730935,0.728089,0.7304019,0.72973025,0.740662,0.7346436,0.75938725
TC-Functional-033,0.73765695,0.7517518,0.7322382,0.7487613,0.72897387,0.73504543,0.7319894,0.7285596,0.73517364,0.7364111,0.7458339,0.74001265,0.7557347,0.7436415,0.75196004,0.75364405,0.7553549,0.7662165,0.74013275,0.72627336,0.73893887,0.7375678,0.7355406,0.7341851,0.72834694,0.7366344,0.72817385,0.7370947,0.77000463,0.7520523,0.7622182,0.76043105,0.76063514,0.7366643,0.7616957,0.7555522,0.7449604,0.7554683,0.7187342,0.7367424,0.74122465,0.73115456,0.7393114,0.76085925,0.7295548,0.75762415,0.7414427,0.719099,0.73302853,0.707711,0.74419713,0.7255201,0.7458061,0.7118825,0.7145872,0.6921347,0.7011217,0.67281944,0.72042537,0.69305676,0.74231607,0.7378551,0.73978794,0.73636824,0.7374709,0.7163558,0.7135994,0.71431583,0.7129531,0.71263564,0.7121813,0.7146311,0.7132822,0.7136099,0.7149953,0.76956093,0.7243346,0.7413918,0.75721854,0.75282705,0.7436213,0.7168661,0.7306301,0.7275279,0.712747,0.7192366,0.73224366,0.7225205,0.72703063,0.73049134,0.72032094,0.73461187,0.7479283,0.7489654,0.72393405,0.74362355,0.7334558,0.79710937,0.7968621,0.78936696,0.7931326,0.7958205,0.79093117,0.71945584,0.7368795,0.7344973,0.7376629,0.7278439,0.72176397,0.71040994,0.7667186,0.77300066,0.7594196,0.7353964,0.74471855,0.7283997,0.7617346,0.7386433,0.7276075,0.71272635,0.7207762,0.7039021,0.71118045,0.69468886,0.69283974,0.70002383,0.7093342,0.7010728,0.7125962,0.7095071,0.7139166,0.7500207,0.7418587,0.7590307,0.74173784,0.75638485,0.73821914,0.74507314,0.74096066,0.7344893,0.73832285,0.7403069,0.7484883,0.7415436,0.7566482,0.74955505,0.7566856,0.7592378,0.7615585,0.7699974,0.74416506,0.72951216,0.74319637,0.7418121,0.7377228,0.7419528,0.73619014,0.7427025,0.7346641,0.7452377,0.7758386,0.7568997,0.7662501,0.76496947,0.7643938,0.7403662,0.76430106,0.7585218,0.74791586,0.7594841,0.72275746,0.7405906,0.7451501,0.73540807,0.7433133,0.76732606,0.7341723,0.7619502,0.7466446,0.72316575,0.73875844,0.71183497,0.7502502,0.73025566,0.75190794,0.7166233,0.71701777,0.6933556,0.70208496,0.6739099,0.7232352,0.69607323,0.74663544,0.74307,0.744727,0.7416055,0.7425754,0.7219227,0.7171172,0.7177566,0.7163192,0.7163188,0.7159702,0.71793145,0.71672094,0.7172816,0.7186821,0.7738181,0.730784,0.7483456,0.76483154,0.75880146,0.74907154,0.7200654,0.7361785,0.73650634,0.71989,0.7266079,0.7398119,0.72736907,0.7310735,0.73430765,0.7237063,0.74030006,0.7565016,0.751755,0.7295055,0.749795,0.7394215,0.80201,0.8028772,0.79633117,0.7992419,0.800636,0.79578567,0.72529745,0.7411944,0.74200475,0.7416632,0.7325194,0.72732246,0.71557885,0.77267134,0.78000754,0.767463,0.74359405,0.7516542,0.73690957,0.7666359,0.7435399,0.7329591,0.7192554,0.72278345,0.70651263,0.71281284,0.6966913,0.69763637,0.7034578,0.71062326,0.70421815,0.7136786,0.713452,0.71655524,0.7551302
