,TC-ExampleInstrumentedTest-1,TC-AllattamentoFragment-001,TC-AllattamentoFragment-002,TC-AllattamentoFragment-003,TC-AllattamentoFragment-004,TC-AllattamentoFragment-005,TC-AllattamentoFragment-006,TC-CreaFamilyActivity-001,TC-CreaFamilyActivity-002,TC-CreaFamilyActivity-003,TC-CreaFamilyActivity-004,TC-CreaFamilyActivity-005,TC-CreaFamilyActivity-006,TC-CreaFamilyActivity-007,TC-CreaFamilyActivity-008,TC-CreaFamilyActivity-009,TC-CreaFamilyActivity-010,TC-CrescitaFragment-001,TC-CrescitaFragment-002,TC-CrescitaFragment-003,TC-CrescitaFragment-004,TC-CrescitaFragment-005,TC-CrescitaFragment-006,TC-EditNoteFragment-001,TC-EditNoteFragment-002,TC-EditNoteFragment-003,TC-EditNoteFragment-004,TC-EditNoteFragment-005,TC-EditNoteFragment-006,TC-EditNoteFragment-007,TC-EditNoteFragment-008,TC-EditNoteFragment-009,TC-EditNoteFragment-010,TC-FamilyActivity-001,TC-FamilyActivity-002,TC-FamilyActivity-003,TC-FamilyActivity-004,TC-GRAPHALLATTAMENTO-001,TC-GRAPHALLATTAMENTO-002,TC-GRAPHALLATTAMENTO-003,TC-GRAPHALLATTAMENTO-004,TC-GRAPHALLATTAMENTO-005,TC-GRAPHALLATTAMENTO-006,TC-GRAPH-001,TC-GRAPH-002,TC-GRAPH-003,TC-GRAPH-004,TC-GRAPH-005,TC-GRAPHSONNOFRAGMENT-001,TC-GRAPHSONNOFRAGMENT-002,TC-GRAPHSONNOFRAGMENT-003,TC-GRAPHSONNOFRAGMENT-004,TC-HomeActivity-001,TC-HomeActivity-002,TC-HomeActivity-003,TC-HomeActivity-004,TC-HomeActivity-005,TC-HomeFragment-001,TC-HomeFragment-002,TC-HomeFragment-003,TC-HomeFragment-004,TC-HomeFragment-005,TC-HomeFragment-006,TC-HomeFragment-007,TC-HomeFragment-008,TC-HomeFragment-009,TC-HomeFragment-010,TC-JoinFamilyActivity-001,TC-JoinFamilyActivity-002,TC-JoinFamilyActivity-003,TC-JoinFamilyActivity-004,TC-JoinFamilyActivity-005,TC-LoginActivity-001,TC-LoginActivity-002,TC-LoginActivity-003,TC-LoginActivity-004,TC-LoginActivity-005,TC-LoginActivity-006,TC-LoginActivity-007,TC-LoginActivity-008,TC-MenuNoteFragment-001,TC-MenuNoteFragment-002,TC-MenuNoteFragment-003,TC-MenuNoteFragment-004,TC-MenuNoteFragment-005,TC-MenuNoteFragment-006,TC-MonitorFragment-001,TC-MonitorFragment-002,TC-MonitorFragment-003,TC-MonitorFragment-004,TC-MonitorFragment-005,TC-MonitorFragment-006,TC-NoteFragment-001,TC-NoteFragment-002,TC-NoteFragment-003,TC-NoteFragment-004,TC-NoteFragment-005,TC-NoteFragment-006,TC-NoteFragment-007,TC-ProfileActivity-001,TC-ProfileActivity-002,TC-ProfileActivity-003,TC-ProfileActivity-004,TC-ProfileActivity-005,TC-ProfileActivity-006,TC-ProfileActivity-007,TC-ProfileActivity-008,TC-ProfileActivity-009,TC-ProfileActivity-010,TC-SettingsFragment-001,TC-SettingsFragment-002,TC-<Module>-###,TC-ExampleUnitTest-1,TC-ExampleInstrumentedTest-1,TC-AllattamentoFragment-001,TC-AllattamentoFragment-002,TC-AllattamentoFragment-003,TC-AllattamentoFragment-004,TC-AllattamentoFragment-005,TC-AllattamentoFragment-006,TC-CreaFamilyActivity-001,TC-CreaFamilyActivity-002,TC-CreaFamilyActivity-003,TC-CreaFamilyActivity-004,TC-CreaFamilyActivity-005,TC-CreaFamilyActivity-006,TC-CreaFamilyActivity-007,TC-CreaFamilyActivity-008,TC-CreaFamilyActivity-009,TC-CreaFamilyActivity-010,TC-CrescitaFragment-001,TC-CrescitaFragment-002,TC-CrescitaFragment-003,TC-CrescitaFragment-004,TC-CrescitaFragment-005,TC-CrescitaFragment-006,TC-EditNoteFragment-001,TC-EditNoteFragment-002,TC-EditNoteFragment-003,TC-EditNoteFragment-004,TC-EditNoteFragment-005,TC-EditNoteFragment-006,TC-EditNoteFragment-007,TC-EditNoteFragment-008,TC-EditNoteFragment-009,TC-EditNoteFragment-010,TC-FamilyActivity-001,TC-FamilyActivity-002,TC-FamilyActivity-003,TC-FamilyActivity-004,TC-GRAPHALLATTAMENTO-001,TC-GRAPHALLATTAMENTO-002,TC-GRAPHALLATTAMENTO-003,TC-GRAPHALLATTAMENTO-004,TC-GRAPHALLATTAMENTO-005,TC-GRAPHALLATTAMENTO-006,TC-GRAPH-001,TC-GRAPH-002,TC-GRAPH-003,TC-GRAPH-004,TC-GRAPH-005,TC-GRAPHSONNOFRAGMENT-001,TC-GRAPHSONNOFRAGMENT-002,TC-GRAPHSONNOFRAGMENT-003,TC-GRAPHSONNOFRAGMENT-004,TC-HomeActivity-001,TC-HomeActivity-002,TC-HomeActivity-003,TC-HomeActivity-004,TC-HomeActivity-005,TC-HomeFragment-001,TC-HomeFragment-002,TC-HomeFragment-003,TC-HomeFragment-004,TC-HomeFragment-005,TC-HomeFragment-006,TC-HomeFragment-007,TC-HomeFragment-008,TC-HomeFragment-009,TC-HomeFragment-010,TC-JoinFamilyActivity-001,TC-JoinFamilyActivity-002,TC-JoinFamilyActivity-003,TC-JoinFamilyActivity-004,TC-JoinFamilyActivity-005,TC-LoginActivity-001,TC-LoginActivity-002,TC-LoginActivity-003,TC-LoginActivity-004,TC-LoginActivity-005,TC-LoginActivity-006,TC-LoginActivity-007,TC-LoginActivity-008,TC-MenuNoteFragment-001,TC-MenuNoteFragment-002,TC-MenuNoteFragment-003,TC-MenuNoteFragment-004,TC-MenuNoteFragment-005,TC-MenuNoteFragment-006,TC-MonitorFragment-001,TC-MonitorFragment-002,TC-MonitorFragment-003,TC-MonitorFragment-004,TC-MonitorFragment-005,TC-MonitorFragment-006,TC-NoteFragment-001,TC-NoteFragment-002,TC-NoteFragment-003,TC-NoteFragment-004,TC-NoteFragment-005,TC-NoteFragment-006,TC-NoteFragment-007,TC-ProfileActivity-001,TC-ProfileActivity-002,TC-ProfileActivity-003,TC-ProfileActivity-004,TC-ProfileActivity-005,TC-ProfileActivity-006,TC-ProfileActivity-007,TC-ProfileActivity-008,TC-ProfileActivity-009,TC-ProfileActivity-010,TC-SettingsFragment-001,TC-SettingsFragment-002,TC-<Module>-###,TC-ExampleUnitTest-1
TC-Navigation-001,0.7570208,0.7582007,0.7384001,0.73978317,0.7304278,0.73327,0.7258846,0.78725225,0.7560446,0.7647488,0.7626678,0.7688905,0.7684633,0.7718688,0.7671405,0.77058387,0.7687661,0.7759439,0.7670052,0.79876065,0.7757791,0.77520794,0.7959856,0.74467075,0.75268966,0.73732156,0.739545,0.73061454,0.7270054,0.73144937,0.7279967,0.7306334,0.7311871,0.7711955,0.7940403,0.8109062,0.8114842,0.7512777,0.73624235,0.75009257,0.73744655,0.7376975,0.738786,0.7577177,0.71218526,0.7333298,0.7597779,0.73874086,0.7532791,0.73350954,0.7344102,0.73282987,0.798352,0.7928794,0.7928207,0.79135597,0.7916039,0.767127,0.76287365,0.76131946,0.7608763,0.760486,0.76016873,0.76243615,0.7595313,0.76241165,0.7626482,0.7749517,0.77817076,0.76367295,0.75973725,0.74819756,0.76395476,0.7656451,0.76565677,0.74593276,0.7475663,0.7496706,0.74061924,0.7380265,0.75417894,0.77666545,0.7544012,0.77657545,0.7411983,0.75037485,0.7550092,0.7558735,0.73377216,0.7506647,0.7585683,0.7382245,0.72710824,0.77753747,0.7592861,0.7458433,0.77317417,0.77309144,0.7556729,0.7900268,0.7833552,0.78263944,0.78112257,0.78165644,0.7810252,0.78651345,0.77997077,0.7826573,0.7851902,0.762001,0.7065499,0.79319865,0.77038705,0.7541431,0.7551576,0.7374438,0.7370976,0.7288296,0.73152554,0.7258085,0.78850734,0.7560582,0.7656365,0.75964016,0.7647637,0.7648217,0.7678804,0.7630276,0.76706415,0.76499766,0.77497846,0.7673956,0.79749084,0.7732164,0.7730379,0.7940135,0.74053514,0.7501945,0.7357234,0.73882365,0.72868454,0.7253245,0.7289935,0.72604525,0.7286759,0.72946876,0.7695019,0.79282016,0.8092075,0.80908847,0.7507535,0.7332297,0.74778783,0.73582125,0.7353921,0.7382482,0.7573662,0.71217537,0.73119694,0.75851536,0.73845494,0.7503785,0.73132837,0.7323141,0.7302027,0.79770815,0.7908668,0.79029715,0.7890652,0.7894832,0.7678323,0.7622778,0.76046133,0.76016927,0.7598735,0.7597704,0.7615652,0.75899863,0.76179373,0.762228,0.7725296,0.77976596,0.76334846,0.7607779,0.74753135,0.75904334,0.76324433,0.75963193,0.74022174,0.74518865,0.7458027,0.7379277,0.7334993,0.75245947,0.776379,0.75363886,0.7752354,0.73895824,0.7487422,0.75206476,0.75397444,0.7318883,0.7484825,0.7573358,0.73642474,0.725683,0.77583575,0.75759965,0.7459491,0.7734228,0.7727538,0.75540745,0.7845631,0.77894634,0.7779211,0.7769347,0.7771554,0.77672064,0.7816608,0.7755009,0.77840793,0.78092206,0.7597257,0.7047862,0.78422433,0.7669161
TC-Navigation-002,0.76575696,0.75017405,0.73735493,0.74387085,0.7408328,0.7427953,0.73597187,0.7755755,0.7540107,0.7554399,0.76325285,0.76645106,0.76566344,0.76896167,0.76505876,0.7666962,0.7653532,0.7877321,0.76872116,0.79789674,0.79462945,0.7688041,0.8000703,0.74008036,0.74764514,0.73509336,0.7429169,0.7348371,0.73145413,0.7349658,0.7333106,0.7338948,0.7345081,0.77514094,0.7967105,0.8030535,0.8050335,0.7351339,0.72965336,0.7378484,0.7255516,0.7200088,0.72166777,0.75959694,0.7183667,0.7429284,0.76326275,0.74480796,0.73249614,0.71818566,0.71845025,0.71807885,0.7805687,0.7767651,0.7758176,0.7743339,0.775349,0.77551526,0.7746119,0.7723248,0.7724652,0.7722536,0.7717949,0.77359605,0.77183074,0.77302223,0.77329975,0.7760529,0.7837562,0.7730483,0.7653401,0.75582016,0.76797605,0.7655513,0.7701616,0.7641829,0.7648444,0.7665376,0.75816244,0.75344884,0.75021416,0.76354086,0.7455735,0.75633204,0.73872185,0.74217206,0.7449858,0.7478922,0.72915924,0.73770416,0.7472048,0.7292049,0.73570126,0.7779895,0.7695949,0.74912333,0.77199113,0.7795257,0.75809956,0.77956396,0.77623224,0.77468336,0.77360517,0.7745982,0.7738385,0.778904,0.77316767,0.77403677,0.7766262,0.76389945,0.7139462,0.7949858,0.76887655,0.76399744,0.74765897,0.7366866,0.74132925,0.7394819,0.74131507,0.7362339,0.7774126,0.75474143,0.7569877,0.7617603,0.7633872,0.76314497,0.7658612,0.7620398,0.7642268,0.762639,0.7859234,0.76874834,0.7959721,0.79183817,0.76613826,0.79737175,0.7362747,0.74466765,0.7330993,0.7414979,0.7325821,0.7294762,0.7322457,0.731014,0.73166305,0.7324732,0.77379173,0.79578847,0.8015765,0.80298686,0.7355702,0.726959,0.73634064,0.7246078,0.71850115,0.7218832,0.759072,0.7186894,0.74076676,0.76178896,0.74452674,0.7297837,0.7165884,0.7167956,0.7152487,0.78013104,0.7748913,0.77334046,0.7720489,0.77322483,0.77539825,0.7732706,0.77092874,0.77115166,0.7710082,0.7706577,0.77204466,0.77060986,0.7717634,0.77218163,0.77366877,0.7853714,0.7724257,0.7665044,0.7556579,0.7636362,0.7631974,0.7645285,0.75901985,0.76268923,0.7628996,0.75605404,0.7496309,0.74859387,0.7630419,0.74412906,0.7549119,0.7365136,0.7405602,0.74267733,0.7462374,0.7279725,0.73597246,0.7461843,0.7277523,0.7341912,0.7758555,0.7672568,0.7477295,0.7710559,0.77808225,0.75713015,0.77606434,0.7732548,0.771358,0.770722,0.7714257,0.77094245,0.7753903,0.7700368,0.77126485,0.77386665,0.7621572,0.71269375,0.78598344,0.7656702
TC-Navigation-003,0.75340253,0.7398302,0.71840155,0.730481,0.7143375,0.72224116,0.718632,0.76392,0.74867153,0.7523663,0.7438277,0.74458665,0.7429182,0.74642694,0.7436368,0.74386156,0.7435525,0.7777767,0.75680155,0.7882713,0.77218056,0.7588066,0.79464334,0.73322433,0.7405737,0.7400241,0.7398568,0.7349526,0.73214126,0.7361616,0.7348872,0.7343316,0.7357446,0.7633787,0.7889709,0.78756946,0.7889739,0.7084123,0.7094112,0.71774566,0.70567966,0.7043102,0.7013535,0.74334073,0.70354176,0.73650867,0.74880916,0.7305396,0.71991444,0.7054704,0.70862234,0.707842,0.7573126,0.7523231,0.7556563,0.75143594,0.7527529,0.7408419,0.73809576,0.73842967,0.73641497,0.7364463,0.7357321,0.7380269,0.7367926,0.73715925,0.7379168,0.7636105,0.77639216,0.7660605,0.7486908,0.7448272,0.75270575,0.75723016,0.7541548,0.7446989,0.740549,0.7478868,0.7312931,0.7344798,0.7709299,0.7687452,0.7679081,0.7603588,0.7634585,0.7601407,0.7393215,0.74654543,0.72573656,0.73731947,0.75401217,0.72992086,0.73282367,0.76888883,0.7558424,0.7445791,0.7619901,0.7758668,0.75341374,0.7537091,0.74819255,0.7521316,0.74736065,0.74901164,0.74756694,0.75260323,0.7479603,0.74770826,0.75158805,0.7381506,0.7005132,0.79356515,0.7825856,0.7512682,0.7367651,0.7176189,0.72822845,0.71300143,0.7214384,0.71905464,0.7655656,0.74968064,0.7543063,0.7421883,0.7417488,0.7403245,0.7434384,0.7407737,0.741208,0.74076885,0.7768467,0.7565936,0.786062,0.76994115,0.75592667,0.79152334,0.7292844,0.7376483,0.73744893,0.73835653,0.7327868,0.73033184,0.73361206,0.7326739,0.73221785,0.73377347,0.7626872,0.7885082,0.78532845,0.78631365,0.7092204,0.70645076,0.7159934,0.7045176,0.7025644,0.701127,0.74280155,0.7044271,0.73365194,0.7470322,0.729941,0.7168003,0.7032977,0.70683366,0.7040155,0.7565218,0.75032127,0.7530546,0.74910426,0.75054395,0.74097633,0.7371521,0.73745656,0.7357109,0.73567444,0.7349962,0.73690164,0.7359138,0.7362503,0.7371233,0.76146746,0.7776962,0.7652182,0.74970514,0.7444478,0.74783057,0.75406647,0.7485107,0.73912513,0.73821425,0.7434027,0.7282572,0.72959036,0.76869357,0.76753455,0.76595354,0.758569,0.7609891,0.7583279,0.73686045,0.7450971,0.724179,0.7360738,0.75330126,0.72842515,0.73102206,0.7670627,0.753363,0.74316543,0.76101416,0.7744619,0.7519561,0.75038713,0.74576724,0.749009,0.7449877,0.74627507,0.74517536,0.7496898,0.74521756,0.7452701,0.74901223,0.7367127,0.6993171,0.7829002,0.7790589
TC-Navigation-004,0.736717,0.74178624,0.7190506,0.72194,0.71948516,0.7175478,0.7155107,0.79937744,0.7412412,0.7392255,0.76550364,0.7751659,0.7757058,0.77939856,0.77433753,0.7758207,0.7756355,0.7664559,0.7492237,0.7769971,0.7636219,0.7641147,0.77974814,0.72960997,0.7388527,0.73039883,0.73647237,0.72579086,0.7242761,0.7290282,0.72509265,0.7259396,0.7282151,0.76819855,0.78899926,0.79325306,0.79779077,0.7375167,0.73334897,0.7399786,0.73734117,0.729299,0.728508,0.7602197,0.7211121,0.74403167,0.7649448,0.74552536,0.7355164,0.7219391,0.71929324,0.7208513,0.7853706,0.7787366,0.7788704,0.78025734,0.7766949,0.7645809,0.76060873,0.7591305,0.7608052,0.7578416,0.7583749,0.7609275,0.7577486,0.7591767,0.7608086,0.7732017,0.8006028,0.76842445,0.76975703,0.7583854,0.7508341,0.743567,0.74625266,0.7528995,0.7455523,0.75336516,0.73981416,0.74059594,0.75104165,0.75100213,0.7522366,0.75045824,0.7464189,0.7436934,0.7365218,0.74213713,0.7189027,0.7263894,0.7394605,0.7164319,0.7123644,0.74750304,0.7382695,0.73073685,0.74684685,0.75333476,0.7402631,0.7696818,0.7644964,0.7646127,0.767033,0.7624286,0.76314455,0.7690918,0.7616919,0.76238847,0.76701665,0.74220115,0.7011043,0.7839118,0.7680865,0.733724,0.73768437,0.717568,0.71886826,0.7172784,0.71549106,0.7150922,0.7995101,0.73952466,0.73863566,0.76184624,0.76957774,0.77052844,0.77389866,0.7688563,0.7708173,0.7704077,0.7644815,0.7489097,0.7745948,0.7595606,0.7612821,0.7767611,0.7246603,0.73518276,0.72822833,0.7345177,0.72298926,0.7216293,0.7256758,0.7222455,0.723118,0.72545403,0.7659297,0.7869196,0.78985906,0.79299754,0.736486,0.7292864,0.73735,0.734305,0.72641045,0.72706246,0.7592329,0.7202979,0.74082065,0.7629417,0.74370384,0.73148406,0.7192632,0.7166898,0.71749896,0.7839209,0.7756953,0.77535355,0.77682847,0.77348477,0.7646133,0.759013,0.7573282,0.7590047,0.7562144,0.7569679,0.75912493,0.7562472,0.75764817,0.75937307,0.7693463,0.8006912,0.76656866,0.7685294,0.7554726,0.74500495,0.74014205,0.73964626,0.7468469,0.7423134,0.7483824,0.7366127,0.73562163,0.7486414,0.7498103,0.7502521,0.7483925,0.7435004,0.7416533,0.7332516,0.74023783,0.71684563,0.7242128,0.7383756,0.71430326,0.7101301,0.7450309,0.73552465,0.7300879,0.7463387,0.7523329,0.73902386,0.7636498,0.75904584,0.7588748,0.7614284,0.75689244,0.757758,0.76327896,0.7562165,0.7572419,0.76161104,0.73969305,0.69913167,0.7721891,0.76382095
TC-Navigation-005,0.7387009,0.75154424,0.7342764,0.7433467,0.7355348,0.7291631,0.73030716,0.77259064,0.75111884,0.75906366,0.7635828,0.7798008,0.7775662,0.7801432,0.77711725,0.7786663,0.7784954,0.76926285,0.75098455,0.7729523,0.76173997,0.75392485,0.7755032,0.74307334,0.75155765,0.73640454,0.7327566,0.72853684,0.72385365,0.7274116,0.7253689,0.7263187,0.7287908,0.7618018,0.77982306,0.7856853,0.7868587,0.74983555,0.73718697,0.75357485,0.74376357,0.7411199,0.74044126,0.7685894,0.7294681,0.743624,0.7726122,0.75468457,0.7326078,0.72593987,0.72628796,0.7374065,0.7955163,0.789175,0.7895014,0.7871264,0.7909936,0.7814641,0.7781136,0.7771703,0.7758372,0.77825797,0.7768995,0.778423,0.7766596,0.77809924,0.77918816,0.7692025,0.76553255,0.7612517,0.76132905,0.7606664,0.7542017,0.74988306,0.74856436,0.7376068,0.7485622,0.7489917,0.7379792,0.7378773,0.75046194,0.77545524,0.750857,0.7704094,0.7389574,0.7516249,0.7462432,0.75130177,0.7223644,0.7388778,0.7502993,0.7214651,0.7144451,0.7570556,0.7393422,0.7229966,0.75265336,0.74914557,0.74184614,0.7771996,0.77134645,0.7716934,0.7688942,0.7736407,0.7709322,0.7749306,0.770502,0.77129126,0.7755909,0.77170885,0.7279866,0.7791188,0.76481843,0.73635083,0.7484153,0.7331654,0.7411452,0.7342464,0.72782284,0.72985816,0.77251047,0.7494844,0.7583915,0.76046664,0.7747524,0.77287304,0.77529913,0.77213645,0.7742208,0.77394,0.768275,0.751177,0.77131975,0.7590673,0.7513056,0.7731035,0.7389171,0.74887955,0.7345286,0.7318634,0.72617614,0.7219148,0.7248653,0.72314477,0.7242058,0.72678393,0.76099813,0.7788597,0.7833343,0.783071,0.7484606,0.73328507,0.7502731,0.74133396,0.73786557,0.7396443,0.7683274,0.7286612,0.7409148,0.7721001,0.75366557,0.7295953,0.72388715,0.7243014,0.7352299,0.7943616,0.7870017,0.786836,0.78466,0.788605,0.7817744,0.77723724,0.77602965,0.7749512,0.7771307,0.7761423,0.7773866,0.7758288,0.77720535,0.77837694,0.7661941,0.7659985,0.76016104,0.76056814,0.7576691,0.7491383,0.74687886,0.74275106,0.73144186,0.7456174,0.7447654,0.7347895,0.73297036,0.7485632,0.7750975,0.74986506,0.76931846,0.73683465,0.7501907,0.743716,0.7506099,0.72039974,0.7375417,0.7504611,0.7197119,0.7125121,0.75524217,0.73657477,0.7224859,0.7524809,0.74833757,0.7415239,0.7720401,0.7668803,0.766868,0.76463574,0.76876944,0.7665071,0.7702163,0.76580787,0.76700354,0.7710948,0.76959676,0.726225,0.77141607,0.7626395
TC-Pathfinder-006,0.7681668,0.7659197,0.7414663,0.74588484,0.73257315,0.738484,0.736741,0.766676,0.7466083,0.7585779,0.7497697,0.76354164,0.76722544,0.76684403,0.7630955,0.7656556,0.7657572,0.7991454,0.7932556,0.8208322,0.8035354,0.7860047,0.8114511,0.7451098,0.757487,0.74284947,0.7404922,0.73415637,0.7362801,0.7352753,0.7335768,0.7349009,0.73699236,0.7741847,0.78334177,0.79635864,0.79808986,0.7538599,0.7459027,0.756081,0.7434093,0.7375035,0.74643934,0.77927125,0.7291721,0.76740587,0.78701276,0.76097596,0.7691738,0.7428509,0.74612963,0.74562883,0.76620007,0.76168346,0.7634535,0.7606286,0.76130176,0.76123154,0.7552017,0.7546481,0.7535404,0.75305885,0.7561568,0.7549208,0.7532902,0.7555219,0.7567133,0.7715985,0.7566925,0.7542049,0.7614437,0.7502227,0.76529676,0.7669946,0.7547058,0.7482104,0.7487378,0.7615985,0.73947227,0.7426794,0.7488164,0.7723285,0.75423884,0.7726251,0.74368566,0.75532955,0.7517947,0.763224,0.73799515,0.7447075,0.7621833,0.7407148,0.728269,0.77415043,0.7749193,0.7392841,0.7658689,0.77085555,0.739478,0.7843399,0.77826196,0.7796058,0.7759227,0.7772146,0.78276646,0.7820812,0.77639216,0.7784942,0.7833635,0.7568686,0.71528935,0.8214278,0.78863937,0.7666831,0.7652202,0.74268275,0.74514717,0.7327726,0.73835576,0.7385497,0.77072656,0.7499106,0.76211965,0.7487274,0.7619463,0.7663368,0.76563835,0.7615733,0.76504207,0.7644521,0.7999383,0.79463613,0.8209925,0.80245835,0.78426677,0.81058127,0.7422681,0.7564622,0.74242324,0.74085253,0.7332527,0.73520094,0.733832,0.7324958,0.7339518,0.73610055,0.77342623,0.784119,0.7959163,0.79744905,0.7549269,0.7461846,0.75693643,0.74493074,0.7389649,0.74892545,0.7805213,0.7303892,0.7672689,0.78747964,0.7623125,0.768611,0.74263644,0.7460451,0.7447067,0.76758254,0.7624241,0.763697,0.76113975,0.7619936,0.7641804,0.7570126,0.7561581,0.7553046,0.754843,0.7577895,0.7563987,0.75509095,0.75728905,0.7586006,0.7705901,0.7605486,0.75594497,0.76541626,0.7524537,0.76157767,0.7662922,0.75036085,0.744889,0.748766,0.7594722,0.73994994,0.74137276,0.7482408,0.7736305,0.7558101,0.77296364,0.7436409,0.7546357,0.7505001,0.76271284,0.7370056,0.74445695,0.7621578,0.73988974,0.7288654,0.7730522,0.7742011,0.73926556,0.7666215,0.77122164,0.74031085,0.78145593,0.77643335,0.777282,0.77437377,0.7752626,0.78062975,0.77986765,0.7744313,0.7768401,0.7813031,0.7562489,0.71539354,0.81349146,0.7848229
TC-Pathfinder-007,0.7309395,0.7623283,0.74648374,0.74628747,0.7412832,0.7465443,0.73884565,0.7904643,0.73431355,0.7437288,0.74353737,0.7498605,0.7498438,0.75669706,0.7500498,0.75070745,0.7507809,0.7850764,0.772051,0.79231685,0.78265995,0.77103436,0.7882976,0.73059607,0.73552734,0.7218366,0.72695184,0.7192632,0.71625966,0.7247512,0.7187596,0.7184429,0.72046244,0.747863,0.7595149,0.77223825,0.7725551,0.7332135,0.72635126,0.7337254,0.7260834,0.7241347,0.729101,0.7462782,0.707426,0.7338918,0.7499305,0.7326333,0.7411287,0.7228293,0.72305113,0.72314006,0.75076663,0.7460372,0.7470418,0.74516463,0.74564946,0.7544564,0.75125074,0.7503269,0.74971926,0.7495488,0.7493408,0.7546323,0.75003934,0.7507566,0.752077,0.74751586,0.7804017,0.7395209,0.7283928,0.7217444,0.73939615,0.73474383,0.73031956,0.7175826,0.7230472,0.72763854,0.7224015,0.71914685,0.7419225,0.75908315,0.7380365,0.74953324,0.72626626,0.73208743,0.7526926,0.75672424,0.7310761,0.74343586,0.7546997,0.72923285,0.70922965,0.7450535,0.74299955,0.72077584,0.73206776,0.7437012,0.7180809,0.7610577,0.7559396,0.75697213,0.75458723,0.75533354,0.7551096,0.7658425,0.7556218,0.7551951,0.7596582,0.72537494,0.68952274,0.78575253,0.75905836,0.7294636,0.76030475,0.746921,0.7445308,0.7403258,0.74591273,0.7397924,0.7937926,0.73659617,0.7458907,0.7417685,0.7473763,0.7480129,0.75411713,0.747439,0.7488784,0.748495,0.7845761,0.7727941,0.79137135,0.7808347,0.769256,0.7870492,0.72766733,0.73476124,0.72104937,0.7268893,0.7181591,0.71543306,0.7228936,0.7175083,0.7174059,0.7194649,0.74738836,0.760141,0.77141243,0.7716828,0.73465943,0.726512,0.7342255,0.7266265,0.7247262,0.7304973,0.7478521,0.70873666,0.73330593,0.7504569,0.7343727,0.74001503,0.72156477,0.7217612,0.7210961,0.7515497,0.7462162,0.74674124,0.745077,0.7458341,0.75639284,0.752046,0.750952,0.7505846,0.7504078,0.75023454,0.75489724,0.7507977,0.7515645,0.75297934,0.7467395,0.78373694,0.74004996,0.73192734,0.7238433,0.73593014,0.7328678,0.7259275,0.71323574,0.72182,0.7251177,0.72063744,0.7162516,0.74099845,0.760247,0.73825276,0.74986374,0.72538847,0.7315279,0.75144625,0.75599873,0.73006326,0.74262285,0.75473213,0.72839296,0.7094053,0.7442861,0.7419425,0.7205541,0.7325784,0.7434453,0.7180748,0.7590573,0.75472134,0.7552574,0.7535012,0.753979,0.7539761,0.7637174,0.7540512,0.75414455,0.7583387,0.72431237,0.6898135,0.7794648,0.7553893
TC-Navigation-008,0.7088301,0.7196643,0.7099513,0.70619524,0.71321565,0.7075786,0.7085316,0.74224627,0.727113,0.73740685,0.7244984,0.7286341,0.72876656,0.7303647,0.7317804,0.7288095,0.7287086,0.7268653,0.7322992,0.7489191,0.71757644,0.7368931,0.75379163,0.7293186,0.7349392,0.732572,0.73276675,0.7283798,0.72781485,0.7300072,0.7333147,0.72902083,0.73021674,0.72473764,0.74915874,0.7558341,0.75756174,0.72655797,0.73159,0.7329458,0.7183193,0.7159217,0.7177305,0.74686813,0.76314586,0.74601835,0.7474838,0.7734537,0.72487175,0.7079454,0.71164095,0.7110381,0.7294111,0.72368044,0.72500634,0.72304165,0.7243882,0.7173842,0.71377933,0.7129952,0.7121337,0.7127845,0.7134328,0.71450424,0.7163498,0.71389383,0.7145238,0.7375608,0.73267114,0.7264159,0.73756665,0.7578031,0.7505888,0.7379678,0.7419611,0.7420944,0.7370929,0.7528428,0.7284312,0.7458107,0.73958796,0.7415689,0.73660874,0.73184085,0.7363294,0.7395284,0.7254988,0.738749,0.7184643,0.7120016,0.73447317,0.7107534,0.68997425,0.7422925,0.70944464,0.71388066,0.7283838,0.7348363,0.72044766,0.7276306,0.7241708,0.725441,0.7238856,0.7252151,0.72595704,0.7286812,0.72942996,0.72488785,0.7277471,0.75413656,0.7674993,0.72731835,0.7306781,0.70886266,0.7189984,0.71153045,0.70708704,0.71422005,0.7090981,0.71026444,0.74381506,0.7281464,0.73860776,0.7228348,0.7254879,0.72564757,0.72711235,0.72841966,0.7258028,0.7255613,0.72745806,0.73308605,0.74809664,0.71671295,0.73558724,0.75177425,0.7263598,0.73361164,0.7313524,0.73179805,0.72719836,0.7267535,0.7286037,0.7318478,0.7279498,0.7291548,0.72666645,0.750023,0.75576305,0.7564524,0.72628516,0.73065376,0.7329376,0.7188701,0.7157397,0.71935534,0.74718034,0.7640794,0.74469274,0.7472974,0.7731327,0.7231108,0.7069478,0.710907,0.7091236,0.73040456,0.7243179,0.72521,0.7233837,0.7249054,0.71897674,0.71449137,0.71376324,0.7130127,0.7135364,0.71421254,0.71513355,0.71695393,0.7146097,0.71527505,0.7374657,0.73514295,0.7273537,0.7387209,0.7585517,0.74862826,0.73632014,0.73928297,0.7383882,0.73593426,0.7495428,0.7268439,0.74263966,0.73870003,0.7424755,0.7358823,0.7321626,0.7351179,0.73917663,0.7251937,0.7391829,0.71797585,0.7127777,0.73547924,0.7103518,0.68907654,0.7413901,0.70766836,0.71400476,0.7285938,0.7337277,0.720199,0.72709024,0.72367245,0.7246288,0.72334296,0.72434586,0.7252952,0.72787905,0.728248,0.7244846,0.7271435,0.75365144,0.76711977,0.7264396,0.7323312
TC-Navigation-009,0.76249063,0.7899549,0.7682187,0.7724323,0.7659137,0.7697836,0.7600631,0.79839945,0.76990014,0.769404,0.7855449,0.79265887,0.79110795,0.7939297,0.7907624,0.7948079,0.79154575,0.78805333,0.7729701,0.8051015,0.78597,0.79035044,0.8047938,0.7705259,0.77618676,0.767734,0.7676999,0.7646005,0.76084775,0.7641147,0.7628707,0.76635,0.7649004,0.7798911,0.80225766,0.81810725,0.8187815,0.7904202,0.7814144,0.79016995,0.796008,0.79324555,0.79564434,0.79778177,0.75069195,0.77399975,0.7981456,0.77790546,0.7850461,0.7679968,0.7702335,0.77096415,0.7999506,0.7944157,0.7947476,0.7932721,0.7938395,0.79647875,0.7921252,0.7909905,0.7907144,0.7908061,0.78989154,0.79181325,0.78998446,0.7934729,0.79217565,0.78445196,0.78828454,0.7792391,0.7713789,0.76230425,0.7786596,0.77319765,0.773767,0.76671314,0.76916724,0.77006054,0.7631591,0.762241,0.77264756,0.7830676,0.7697972,0.77934253,0.7680103,0.77118117,0.7709295,0.77333343,0.7500991,0.7628603,0.7723973,0.7503307,0.74066865,0.78754497,0.7718776,0.7539821,0.7783839,0.7865,0.7660432,0.8015814,0.7956444,0.7957786,0.7943959,0.79513586,0.79343367,0.7979014,0.7931334,0.7971354,0.7971055,0.78410745,0.73016584,0.8015605,0.7705663,0.7598388,0.78618157,0.76693255,0.7695283,0.7641698,0.76725805,0.7591818,0.79869044,0.7686065,0.7694075,0.7824727,0.78768194,0.78637916,0.78886676,0.7857482,0.7899506,0.78681356,0.78643167,0.7728361,0.80309963,0.78259754,0.78733164,0.8017793,0.76636124,0.77308637,0.76507324,0.76582086,0.7616896,0.75823236,0.760871,0.7599349,0.7633592,0.7624076,0.7785709,0.8006603,0.81584305,0.815467,0.7885074,0.7764294,0.7864664,0.79275554,0.78885996,0.79289234,0.797493,0.7502957,0.771553,0.79696465,0.77671146,0.7812853,0.76516104,0.76744807,0.76803184,0.7995329,0.79230535,0.79206717,0.7906568,0.7914732,0.7960684,0.7907294,0.7894888,0.7893614,0.7893834,0.7886137,0.7902485,0.7886461,0.79181755,0.7909919,0.78175616,0.78939176,0.77831763,0.7711255,0.7605131,0.7730026,0.7702976,0.76701343,0.76010525,0.7653279,0.7647085,0.75931764,0.75627154,0.7701052,0.7817746,0.7680431,0.77726865,0.7655519,0.7692846,0.7674422,0.77175975,0.74777526,0.76083827,0.7715486,0.7483938,0.7384422,0.785566,0.7695173,0.7534589,0.7783146,0.785702,0.7654004,0.79546577,0.79088044,0.79062045,0.78962845,0.7900643,0.7886384,0.79275554,0.7880761,0.7921993,0.79245764,0.7809046,0.72735775,0.79336643,0.7684859
TC-Pathfinder-010,0.70452005,0.7443142,0.73826706,0.73930806,0.73241615,0.7361491,0.7298645,0.778931,0.72766536,0.73368096,0.73398536,0.7283205,0.7275026,0.7309807,0.7284327,0.7281766,0.7283828,0.7704823,0.7534518,0.773891,0.7587283,0.7550007,0.7752847,0.712645,0.7126998,0.7042105,0.709181,0.70386994,0.70049334,0.7050772,0.7040543,0.7026373,0.70436543,0.71561503,0.7392865,0.7547477,0.7538699,0.7228782,0.71725184,0.72095513,0.72186613,0.7192992,0.725019,0.7292522,0.693586,0.71588147,0.7309608,0.71508014,0.73207897,0.7216322,0.723,0.7210686,0.7413454,0.7367513,0.73756,0.73661315,0.7363545,0.74195385,0.73895705,0.737978,0.73799115,0.73774827,0.73710346,0.73965704,0.7383208,0.73825336,0.7392551,0.7185845,0.76126885,0.7215416,0.69824463,0.69162965,0.72264147,0.72464305,0.7179535,0.7019362,0.7122983,0.71350884,0.70845413,0.7076873,0.7323569,0.7444942,0.72209674,0.73105675,0.7136617,0.71629685,0.7330083,0.7445414,0.71359944,0.73176926,0.7498897,0.719391,0.69314957,0.72579604,0.7155182,0.6980242,0.7147087,0.72606933,0.7015918,0.7369982,0.73099613,0.7319529,0.73085153,0.7306126,0.7295445,0.73501575,0.7306526,0.72933537,0.73332274,0.7138522,0.67385304,0.74014884,0.7165391,0.70303774,0.7414183,0.73783594,0.73709816,0.73072433,0.73496574,0.7292996,0.78115374,0.72878146,0.7348238,0.73131216,0.72459483,0.724165,0.727139,0.724615,0.72481894,0.72481835,0.7696136,0.75321245,0.77255374,0.75635654,0.7527952,0.7732977,0.7096208,0.7120064,0.7025573,0.7079568,0.7022736,0.6992356,0.70309496,0.7023668,0.7012022,0.70307076,0.71605915,0.73992133,0.7540387,0.75324714,0.72278273,0.71525615,0.71952736,0.72040325,0.7178173,0.7240066,0.7306921,0.6946265,0.71465385,0.73114616,0.7164429,0.7298341,0.7193098,0.7207058,0.7183958,0.7420466,0.73650604,0.736915,0.73605543,0.7360582,0.7427516,0.7389457,0.7379511,0.738103,0.737802,0.73714644,0.7393678,0.7382763,0.73822814,0.7393528,0.7179247,0.7642154,0.7216853,0.70085055,0.6926414,0.7191481,0.7224915,0.7136265,0.6964228,0.70967746,0.7098063,0.705623,0.7031866,0.730822,0.745342,0.7214073,0.73113567,0.71200264,0.7153636,0.731361,0.74343437,0.7123992,0.7304647,0.7496997,0.71830714,0.6931435,0.7252929,0.71415,0.69819367,0.71551883,0.7256905,0.7014864,0.734651,0.72988296,0.73039645,0.72968125,0.72916025,0.7283797,0.7333285,0.729156,0.7283394,0.73218954,0.7119074,0.67304325,0.7371163,0.71496886
TC-Navigation-011,0.7443947,0.7447816,0.7244679,0.7271372,0.72047484,0.71950084,0.7178329,0.7463478,0.72024965,0.72693115,0.71798384,0.72863454,0.72787523,0.73140854,0.7272828,0.72933424,0.728271,0.7578246,0.74789846,0.7780205,0.7591911,0.75538886,0.77367055,0.7249166,0.732715,0.74083173,0.74662066,0.74228525,0.73970115,0.7435126,0.7415441,0.7424259,0.742584,0.73964643,0.7580332,0.77188843,0.77485365,0.72798467,0.75233066,0.73389155,0.71576715,0.7128209,0.713002,0.7384179,0.72209907,0.7696357,0.7406535,0.7451353,0.74042296,0.7175162,0.7193917,0.7177198,0.74012,0.7371061,0.7380302,0.7360909,0.73758394,0.7339047,0.7307273,0.73012435,0.72964656,0.73000956,0.72971237,0.73186195,0.7297838,0.731281,0.7315464,0.7442894,0.7410197,0.723072,0.72303766,0.7282351,0.74963295,0.7488647,0.74044424,0.73523027,0.73107314,0.75243723,0.7216237,0.73759663,0.74669296,0.74778223,0.75061053,0.74558187,0.7590363,0.7600197,0.7410503,0.743238,0.726439,0.730353,0.73950505,0.7230256,0.70308495,0.74452806,0.74311674,0.7172804,0.7432325,0.73939216,0.7214998,0.74542105,0.7412351,0.74155,0.73951757,0.7413516,0.7408874,0.7462608,0.7400017,0.7415437,0.7440065,0.7367459,0.7195151,0.77271914,0.75170386,0.74356097,0.74473685,0.726643,0.72754633,0.7212985,0.72049433,0.72024983,0.7503991,0.7234379,0.730314,0.71784455,0.72713155,0.7271957,0.7301461,0.72583884,0.7285974,0.72704387,0.75848556,0.7492152,0.77773845,0.75849533,0.75407875,0.773228,0.72291934,0.73296356,0.7403996,0.7461689,0.7415209,0.73904794,0.74225944,0.7407087,0.7416465,0.7419614,0.7402275,0.75974804,0.77226436,0.7752053,0.7290188,0.753165,0.7344246,0.7178824,0.714475,0.71645975,0.74005324,0.72412395,0.770049,0.74146414,0.7471127,0.74023867,0.71765506,0.7195464,0.71649456,0.7415226,0.7381495,0.7385125,0.7369176,0.7385148,0.7367367,0.7323641,0.7314364,0.7311723,0.7315338,0.73139757,0.7331115,0.73139125,0.7328075,0.73328,0.74392855,0.745248,0.7247157,0.7268083,0.7310017,0.74716544,0.7479172,0.73713285,0.7323993,0.7301935,0.75016916,0.72099423,0.73595786,0.74656785,0.74908787,0.75201803,0.74607545,0.75871533,0.7599969,0.7402748,0.74334025,0.72578526,0.7298494,0.73986834,0.7228025,0.70398945,0.7442519,0.74225485,0.71767485,0.74441385,0.73979115,0.7217971,0.7442014,0.7409696,0.7408324,0.7393968,0.7408364,0.7406065,0.7454097,0.7394701,0.74126315,0.743698,0.7364104,0.72010773,0.76889765,0.75006866
TC-Navigation-012,0.7605776,0.7586696,0.742907,0.74954885,0.74356395,0.7378413,0.73839104,0.7733254,0.7622123,0.77061164,0.7614925,0.76344466,0.7632599,0.765244,0.76404065,0.76371425,0.763348,0.77109724,0.7703683,0.78772575,0.7689089,0.7704699,0.7924601,0.7574706,0.76436347,0.75268483,0.7535676,0.7478736,0.74642485,0.74876845,0.7490413,0.7480601,0.74958336,0.7669654,0.7867867,0.7931098,0.7940415,0.76406866,0.75701207,0.76874715,0.75539696,0.7552818,0.75429034,0.7743592,0.7362807,0.7468169,0.769409,0.75821126,0.75491,0.7455643,0.74643797,0.7512026,0.78782654,0.7833035,0.78251636,0.7815814,0.78205836,0.7632286,0.75948095,0.7575687,0.75740176,0.75775385,0.7580482,0.7590164,0.75880384,0.75894326,0.7597922,0.7727684,0.7638731,0.7611108,0.7721543,0.7644955,0.7759882,0.7667381,0.7642232,0.7625079,0.75818,0.7543022,0.7500954,0.74501055,0.75597167,0.7763,0.74852526,0.76671124,0.74550927,0.7571673,0.76424694,0.77740836,0.7502679,0.75367206,0.7741772,0.74581873,0.71643114,0.7712437,0.7458364,0.73611796,0.7505857,0.76240575,0.7380774,0.77897114,0.7744885,0.77333736,0.7725866,0.77328616,0.77359235,0.7764199,0.77383816,0.7727816,0.77567524,0.78656876,0.7421918,0.7631419,0.7430053,0.75954384,0.75694126,0.7432847,0.7492784,0.7440383,0.7380307,0.73898065,0.7743375,0.76256675,0.7713722,0.7594334,0.7596591,0.7595459,0.7613706,0.76016974,0.7601649,0.75965226,0.7703301,0.77051085,0.7867679,0.7669272,0.7684782,0.7899405,0.7544543,0.7622722,0.75160265,0.75259215,0.74639463,0.74510837,0.74699324,0.74746406,0.74667835,0.74832535,0.7671943,0.78646326,0.7922672,0.7921081,0.76318896,0.7544081,0.7672487,0.7541939,0.7533634,0.75445694,0.77470493,0.7369399,0.74536973,0.76945925,0.7580939,0.7525521,0.7445791,0.7454424,0.7496238,0.7880409,0.7830221,0.7817646,0.78098357,0.7816516,0.7643631,0.75994635,0.758119,0.75804275,0.75823337,0.75861156,0.7594272,0.7593178,0.7593938,0.7603196,0.77169913,0.7659179,0.76187426,0.77259874,0.7637479,0.7720587,0.7646679,0.76001495,0.75745094,0.7563313,0.7506075,0.7474114,0.74089146,0.75464654,0.77652466,0.74793243,0.7664933,0.744579,0.756444,0.76291895,0.77784014,0.7486789,0.7539153,0.7749008,0.7446315,0.7151347,0.76987183,0.7438047,0.7360162,0.75088316,0.76193106,0.7380049,0.77614474,0.7721083,0.77076644,0.7703784,0.77074397,0.7711871,0.7738247,0.77123195,0.77062786,0.7734494,0.7855942,0.7409883,0.757702,0.74328595
TC-Navigation-013,0.7260415,0.74812776,0.7313169,0.73428774,0.74369097,0.7322156,0.73233914,0.75049406,0.73200876,0.7369277,0.73555505,0.7382733,0.73785174,0.74073076,0.7377982,0.73828346,0.7383722,0.7554295,0.73317456,0.7539661,0.74431604,0.7428811,0.7556344,0.72649044,0.7343704,0.76278746,0.76086015,0.7606455,0.76135963,0.76448256,0.76329124,0.7632953,0.76439285,0.75840724,0.7751894,0.7812151,0.7827954,0.7217341,0.7620204,0.7317204,0.71759576,0.71702176,0.7126829,0.7463314,0.7261236,0.7818489,0.7524416,0.7468175,0.71853507,0.7141398,0.71292454,0.7112019,0.735864,0.731485,0.7330407,0.7305391,0.7321675,0.7374641,0.7342197,0.73372924,0.7327014,0.73355764,0.73339915,0.7352933,0.73361236,0.7343322,0.73524195,0.7472638,0.74329114,0.73547566,0.7269718,0.7296162,0.7471585,0.74087197,0.7458912,0.7380026,0.738498,0.75359887,0.72927296,0.74210316,0.76351786,0.7482933,0.76597404,0.7427173,0.8016349,0.8016298,0.7473831,0.75162435,0.72888887,0.7347477,0.7470958,0.72088677,0.7090706,0.7430792,0.73354447,0.7240097,0.7281314,0.7388391,0.72558254,0.73255724,0.729825,0.73138,0.7284919,0.730338,0.73012185,0.73442376,0.7297434,0.72972137,0.73308456,0.7481836,0.7304951,0.74811447,0.7339783,0.7260667,0.74714625,0.73339754,0.73482203,0.74444973,0.73382163,0.7339681,0.75215894,0.7335206,0.73855186,0.7341051,0.7349737,0.73466986,0.73738706,0.7344234,0.73518485,0.73515147,0.7556245,0.7340656,0.75318444,0.743379,0.7416517,0.7539656,0.7242153,0.7335688,0.7618797,0.75965977,0.7594882,0.7603408,0.7631112,0.7621579,0.7622221,0.763288,0.76033735,0.77638555,0.7810234,0.7817174,0.7224221,0.7610769,0.73238134,0.7188811,0.71766704,0.71547043,0.7469587,0.7277488,0.7803605,0.7525363,0.7480047,0.7175558,0.7136601,0.7125723,0.7092661,0.73687446,0.7322158,0.7332617,0.73097515,0.7327279,0.73936266,0.7355303,0.7349709,0.7340909,0.7348614,0.7348557,0.7364807,0.73500746,0.7356545,0.7366161,0.7469774,0.74627787,0.73654664,0.7287097,0.73118997,0.7452124,0.7394575,0.74336255,0.73474675,0.7377956,0.7511372,0.7278812,0.73997813,0.76368374,0.7491956,0.7665887,0.7432472,0.8011738,0.8017294,0.74714196,0.7525592,0.72869545,0.7362002,0.748493,0.7209513,0.7084769,0.7428289,0.732339,0.7238566,0.7286663,0.7389563,0.7254566,0.7319943,0.7296558,0.7308025,0.72844136,0.72987396,0.72989595,0.7338747,0.72928435,0.72952205,0.7327268,0.7478763,0.7303405,0.7466955,0.735286
TC-Navigation-015,0.7502411,0.74350786,0.72188675,0.72719705,0.72240746,0.724854,0.7208658,0.7501189,0.7270532,0.7225484,0.73921585,0.7510485,0.7487058,0.7512089,0.74724776,0.7495207,0.7483134,0.75952053,0.75839615,0.7832475,0.77075946,0.7684305,0.7816114,0.73244375,0.7384267,0.7438239,0.7523182,0.75017655,0.7461026,0.7482947,0.74663895,0.74830115,0.7482954,0.75979036,0.76833224,0.7758345,0.77691066,0.72382826,0.74651104,0.72765917,0.71238697,0.7101952,0.71166646,0.7436923,0.734098,0.76618296,0.74193907,0.75668514,0.73588026,0.7155697,0.71693367,0.71499026,0.747972,0.74399006,0.7437276,0.742752,0.7463119,0.73990464,0.7370894,0.73552316,0.7356701,0.7371791,0.73561656,0.7368302,0.7348919,0.7367586,0.7367682,0.75944835,0.74911827,0.7406033,0.7480777,0.75812405,0.7643444,0.7521609,0.751848,0.7594685,0.7501254,0.76626754,0.73865956,0.7527778,0.741117,0.73778987,0.7413448,0.73329645,0.7509699,0.7489294,0.7365117,0.7465035,0.7293868,0.71748495,0.73523843,0.7164765,0.7125445,0.75896245,0.7482954,0.7368198,0.75418025,0.7547167,0.73512655,0.7564342,0.752983,0.7519278,0.751596,0.7556054,0.7527262,0.7564082,0.75084966,0.75285614,0.7548822,0.75197566,0.74127257,0.77706885,0.75394076,0.7496494,0.7428905,0.7232039,0.727172,0.7230032,0.7259838,0.7230375,0.75238484,0.72910964,0.7249682,0.7385265,0.74888694,0.7470742,0.7490565,0.7451914,0.7478506,0.74633414,0.75852346,0.7587321,0.7813068,0.76882815,0.76609933,0.77904975,0.729819,0.7373688,0.74248374,0.75103354,0.74853563,0.7446968,0.74635124,0.7451518,0.74671113,0.74679285,0.76061726,0.7690741,0.77582884,0.7764169,0.7249124,0.7461348,0.72855276,0.7138488,0.71103644,0.7143544,0.7437775,0.73583704,0.76508516,0.7409173,0.75797033,0.7346049,0.7148363,0.7162794,0.71270955,0.7483306,0.74372196,0.74283904,0.74211997,0.74576384,0.7407108,0.7369756,0.73526907,0.7354827,0.73702663,0.73571587,0.7365496,0.73495114,0.73666304,0.73687994,0.75821036,0.7513126,0.7407615,0.75009906,0.7601931,0.7613379,0.7503233,0.7481557,0.7557897,0.74870384,0.7628654,0.7371363,0.7502041,0.7404358,0.73766696,0.74075264,0.73282886,0.74975944,0.7486217,0.73533726,0.74563026,0.72885936,0.7170731,0.7346003,0.71605384,0.7118716,0.7578714,0.74699366,0.7356336,0.7538764,0.75323135,0.7341839,0.75550294,0.7524723,0.75105107,0.7511134,0.75467753,0.7522426,0.75539124,0.7501909,0.7523407,0.75427514,0.7513654,0.7413777,0.7730601,0.7524924
TC-Navigation-016,0.76896906,0.7447839,0.7264339,0.7327874,0.728835,0.7315939,0.7276449,0.7598773,0.74234724,0.7451039,0.75356853,0.7573866,0.7586633,0.759984,0.75695014,0.7588354,0.75684917,0.7737357,0.78218,0.8057223,0.7890961,0.7764994,0.80652416,0.75093,0.7545715,0.7391372,0.74874157,0.74089897,0.7402208,0.7408881,0.73991305,0.74112684,0.7405302,0.76428723,0.7770579,0.7837242,0.78390306,0.7478569,0.73448783,0.74869454,0.7340534,0.729302,0.7367719,0.7657814,0.73601747,0.73567086,0.756775,0.75790393,0.74920565,0.726354,0.7298343,0.72935367,0.7730619,0.7686707,0.7684355,0.76774955,0.7683484,0.7562891,0.75319743,0.7514931,0.75184405,0.7514804,0.7528757,0.7529607,0.751855,0.75330186,0.75272644,0.7675016,0.7572233,0.7561556,0.7760366,0.7694745,0.7755688,0.7659009,0.76536787,0.77121246,0.7575281,0.7595687,0.75101644,0.7469349,0.736508,0.74986637,0.7313987,0.7432312,0.72446704,0.72813594,0.7406147,0.7549159,0.7352723,0.7275936,0.7491915,0.7295115,0.7200999,0.7756361,0.75804424,0.7413596,0.7627736,0.77059853,0.741827,0.77969104,0.775522,0.774713,0.7747799,0.77537,0.7777809,0.7794641,0.77473307,0.7763772,0.7773173,0.77434194,0.73568857,0.77995574,0.7493414,0.76773864,0.74306405,0.7259365,0.731631,0.7288385,0.7305877,0.72831136,0.7614582,0.743715,0.7468207,0.75267565,0.75508916,0.7566511,0.7575227,0.7546198,0.7568186,0.7546221,0.7716452,0.781963,0.8033462,0.7863487,0.77342397,0.8027261,0.7474162,0.7516732,0.7368394,0.7469317,0.73838747,0.7377121,0.73790985,0.737301,0.7385116,0.7381672,0.7629992,0.7763121,0.7829162,0.782381,0.7472614,0.7321464,0.74786174,0.73342186,0.72824895,0.736815,0.76505077,0.73670155,0.7340477,0.7551737,0.7574007,0.74652195,0.72515535,0.72869277,0.72712225,0.77285147,0.767627,0.7668456,0.766359,0.7671275,0.7560454,0.75216115,0.7504567,0.7508489,0.75056034,0.7518552,0.7517573,0.75091267,0.7521963,0.7518666,0.7653011,0.7588757,0.7561232,0.7768113,0.7699286,0.771101,0.7634082,0.75997543,0.7663307,0.75551087,0.7551315,0.74860895,0.74297565,0.7348211,0.7492305,0.7294697,0.7419547,0.722494,0.7265067,0.73868346,0.7539818,0.7339252,0.7267404,0.74829006,0.7283113,0.71836394,0.7733051,0.7555964,0.7396069,0.7616302,0.76848435,0.74050426,0.7768091,0.77301455,0.77184963,0.7722903,0.7726447,0.77506256,0.7764441,0.77197844,0.77386034,0.77481836,0.77296185,0.73424506,0.7730479,0.7467902
TC-Navigation-017,0.71470994,0.70485073,0.69241655,0.6892333,0.69437575,0.6948071,0.6838155,0.7118593,0.701599,0.7007122,0.70385814,0.7128167,0.71238905,0.7160848,0.7113792,0.7126435,0.7132568,0.7124156,0.73951435,0.74839324,0.72096455,0.73614025,0.7488363,0.7220322,0.72653586,0.71828693,0.72963923,0.7233231,0.7211349,0.7253263,0.7217081,0.7225138,0.7242236,0.71071327,0.7227901,0.7268183,0.72949487,0.71400344,0.7115209,0.71384215,0.7024512,0.69769144,0.70340955,0.7263996,0.7433542,0.7217799,0.72063506,0.7547543,0.723182,0.6950679,0.69772375,0.69579643,0.70552075,0.70075107,0.70057833,0.7004417,0.7018965,0.70490783,0.7005179,0.698992,0.6993864,0.6996115,0.6994975,0.7018914,0.6988823,0.69984245,0.701128,0.7247807,0.7119639,0.70822,0.72758967,0.74324304,0.7417575,0.72355455,0.7227683,0.73565036,0.72010624,0.7353684,0.7130346,0.72252786,0.7178046,0.71217453,0.71790147,0.7068197,0.71609646,0.7099925,0.6948269,0.7052397,0.6980557,0.67238814,0.6906542,0.6808243,0.68085366,0.73513615,0.7111829,0.7197895,0.7308971,0.7279507,0.7117141,0.71691376,0.71401733,0.7131268,0.71411383,0.71539915,0.7149756,0.72091234,0.7136489,0.71451575,0.7182867,0.73374134,0.7471384,0.73916936,0.7236746,0.7148472,0.7047464,0.6937208,0.6900008,0.69576716,0.6961202,0.6864904,0.7138377,0.70440024,0.70336103,0.70337594,0.71173275,0.711297,0.7146438,0.7102426,0.7116315,0.7120758,0.71240884,0.7401789,0.7469605,0.71961457,0.73406816,0.74596566,0.7195107,0.7248592,0.7166494,0.72851545,0.722042,0.7199938,0.7235945,0.7204472,0.72123015,0.7228751,0.7111714,0.72326535,0.7269037,0.72844905,0.7147512,0.71118766,0.71517223,0.7041844,0.6987797,0.70563745,0.72647244,0.7453835,0.7205169,0.71970785,0.7551009,0.7223608,0.6947979,0.69755954,0.6936293,0.706511,0.70101976,0.70030713,0.7003701,0.70202124,0.70559454,0.7011324,0.6997123,0.7001349,0.7003882,0.70025486,0.702323,0.69965225,0.7004931,0.70184624,0.72411084,0.7138328,0.7086638,0.72908753,0.7452104,0.739749,0.7220734,0.71970683,0.7324004,0.7197792,0.7324344,0.7119852,0.720713,0.7169401,0.712232,0.71616566,0.70689476,0.71512276,0.70967484,0.69454324,0.7055151,0.6979452,0.6732516,0.6905977,0.68091184,0.6800309,0.7340274,0.7099612,0.7187128,0.73055136,0.72595394,0.7107127,0.71713346,0.71418506,0.7129251,0.714134,0.7152537,0.7151255,0.7204732,0.7136503,0.7147771,0.7182102,0.73374736,0.7469716,0.7374368,0.7241001
TC-Navigation-018,0.7318664,0.748668,0.7310903,0.7390859,0.7277291,0.72878706,0.7231144,0.7813946,0.75401443,0.7560453,0.7623267,0.7615229,0.7594802,0.76315963,0.7624182,0.7608054,0.76012224,0.7586905,0.7450964,0.7724248,0.7496782,0.75688195,0.77970797,0.7404642,0.7453015,0.7421403,0.7408967,0.7391266,0.7363919,0.7407494,0.7422408,0.73900545,0.7404019,0.75457686,0.78423834,0.79389566,0.7942796,0.7434004,0.7425984,0.74429035,0.75955087,0.7560815,0.75417626,0.7631285,0.7201716,0.7521663,0.7667203,0.74526787,0.7503668,0.74475205,0.746563,0.7480705,0.7737715,0.7679607,0.7696066,0.767309,0.76722527,0.75537205,0.7512424,0.7507268,0.7500638,0.74970376,0.7484913,0.7515165,0.75165015,0.75015914,0.7508174,0.75753653,0.7746957,0.75950325,0.740423,0.73666036,0.75644034,0.75347066,0.7519434,0.7486074,0.7489618,0.75290257,0.74542034,0.74982667,0.7680832,0.76198244,0.7621944,0.75362235,0.7593366,0.7550094,0.74496293,0.74904764,0.7316626,0.74058855,0.7536371,0.7347187,0.7199616,0.76125455,0.73969114,0.72974205,0.7529328,0.7623927,0.7486589,0.77598107,0.7699592,0.77166677,0.7694271,0.76927114,0.76716256,0.77288365,0.7709104,0.76780915,0.77079785,0.7569055,0.71471137,0.7624753,0.75003976,0.7289475,0.74396473,0.7292445,0.7361297,0.7255643,0.7263487,0.72176546,0.7814352,0.752188,0.75567436,0.7592443,0.75671476,0.7547665,0.7581707,0.7574985,0.7561057,0.7554555,0.7569257,0.7444406,0.7700932,0.7463827,0.7537359,0.7762624,0.73599434,0.7416303,0.7389237,0.73863983,0.7361263,0.73366153,0.7373278,0.73892707,0.7360888,0.7377091,0.754186,0.78293383,0.7917249,0.7912978,0.74178994,0.73706377,0.740443,0.7560041,0.75129074,0.7513714,0.76204973,0.719842,0.74862576,0.7646756,0.74344486,0.74566674,0.7411575,0.7432297,0.7444244,0.77293605,0.7653897,0.76652336,0.76428354,0.7644323,0.7543334,0.74957865,0.74915355,0.74863935,0.74819374,0.7470208,0.7497452,0.74995565,0.7485143,0.74936044,0.75491756,0.77505994,0.75830567,0.73955804,0.73455155,0.75036263,0.74967706,0.7450886,0.74142885,0.7448367,0.74684,0.74077666,0.74266934,0.76490635,0.7596873,0.7593454,0.75068945,0.75608325,0.75257254,0.7408929,0.746918,0.7291571,0.7382028,0.7526022,0.73235774,0.7172327,0.75929576,0.7368634,0.7289506,0.75267565,0.76117724,0.74728036,0.7700615,0.7652551,0.76655996,0.7647463,0.76435024,0.76253504,0.7678952,0.7657088,0.76326,0.7662555,0.7534679,0.71164644,0.75515115,0.7482359
TC-Navigation-019,0.729135,0.7352791,0.7229129,0.72321844,0.7232994,0.72435254,0.7235654,0.80501944,0.76815045,0.74508715,0.7947868,0.76978827,0.77040327,0.7730784,0.7689807,0.77243656,0.7703366,0.7506329,0.7244146,0.7693597,0.747067,0.7449473,0.7732058,0.7192617,0.72819626,0.73735154,0.7370293,0.7342603,0.7326058,0.73549443,0.73299825,0.736176,0.7357159,0.7590092,0.78927195,0.7993543,0.79814893,0.73667306,0.7587251,0.7415184,0.725385,0.71818054,0.7204182,0.74005556,0.7311783,0.7635119,0.73987335,0.74843854,0.7253555,0.7111341,0.71147436,0.7106493,0.7990047,0.79494,0.79473865,0.79343426,0.7936785,0.7809979,0.779262,0.7781234,0.7778389,0.77781963,0.77855086,0.7797961,0.7774092,0.78040874,0.7801331,0.7582711,0.7847049,0.7690506,0.73827505,0.74355924,0.7861255,0.77919143,0.7736045,0.7434752,0.73888147,0.75830275,0.7317388,0.7453987,0.76078695,0.7644566,0.73794806,0.735418,0.7436565,0.7477077,0.7783396,0.7713774,0.76508266,0.7631702,0.7654345,0.75633454,0.6916913,0.73955107,0.71788144,0.71556944,0.741879,0.7573932,0.7282699,0.75395614,0.7529518,0.7524513,0.75133604,0.75135636,0.75259256,0.7568774,0.750493,0.7542968,0.7557136,0.7456603,0.73151845,0.75362176,0.7312645,0.7294376,0.7353362,0.7246483,0.7243159,0.7252205,0.7254992,0.7257713,0.806935,0.76912457,0.7457659,0.79347897,0.76680505,0.7675878,0.7699455,0.76603776,0.7697031,0.76761085,0.7503934,0.72575945,0.7691481,0.7457539,0.74356633,0.7719779,0.71780837,0.7280662,0.73745644,0.73729247,0.73451155,0.73283106,0.7352007,0.73316723,0.7361884,0.73583865,0.75943667,0.7893276,0.7993507,0.79722255,0.7380569,0.7590235,0.74240845,0.7277046,0.72006977,0.72414964,0.7415253,0.7333574,0.76284444,0.7409743,0.7507805,0.725381,0.71139646,0.7116945,0.7093466,0.7993736,0.79452133,0.79386413,0.792743,0.7930863,0.7824533,0.78002477,0.7786932,0.77855015,0.7785651,0.7794401,0.7803455,0.7782576,0.7810129,0.78097486,0.75762635,0.7873743,0.7704418,0.73961204,0.74459493,0.78483915,0.77856743,0.7712655,0.74093527,0.73891944,0.7565696,0.7310731,0.7441486,0.76117456,0.76552624,0.7390233,0.73594445,0.744114,0.74817705,0.7782948,0.77202237,0.76454675,0.7643712,0.7668191,0.75634193,0.69132006,0.7396342,0.7176193,0.7153137,0.7421905,0.75750184,0.7286285,0.7530678,0.7516104,0.7508218,0.75009155,0.7498442,0.75124943,0.75509,0.7490444,0.7528317,0.75432515,0.7458468,0.73190296,0.7515982,0.73363554
TC-Navigation-020,0.76154345,0.7555406,0.730064,0.73562574,0.72972226,0.73310375,0.7276448,0.7994511,0.7557892,0.75579447,0.78204775,0.7938248,0.7944381,0.7967392,0.793411,0.79462457,0.7949654,0.7722071,0.76110196,0.79608387,0.776764,0.7775732,0.7934149,0.74860954,0.75659746,0.74049276,0.7464767,0.7382405,0.736218,0.738564,0.73711514,0.73731863,0.7399839,0.7841493,0.79629767,0.80888,0.80973804,0.7707095,0.75938773,0.76997733,0.75832975,0.7533303,0.75726193,0.78189,0.74351376,0.75512826,0.7780017,0.7677126,0.7607793,0.7440682,0.74312353,0.74226475,0.82123697,0.81647354,0.8150959,0.8140044,0.81411624,0.782603,0.7785889,0.77618253,0.776146,0.77589345,0.7763083,0.7773318,0.77588093,0.7768936,0.7788361,0.78963417,0.7890626,0.7765064,0.78773844,0.77870923,0.78127456,0.77025056,0.7694365,0.77080435,0.76589215,0.76731753,0.7593683,0.7583967,0.73336977,0.7498406,0.7320861,0.7487323,0.7259879,0.7336708,0.7590394,0.7657329,0.7447917,0.74443984,0.75802773,0.73828304,0.70831925,0.7585623,0.74717337,0.7321498,0.75743186,0.755783,0.7387784,0.8086592,0.8055532,0.80337477,0.8024615,0.80265903,0.8035898,0.8073081,0.80245024,0.8026267,0.8075782,0.78013897,0.73375404,0.78161454,0.75953853,0.7600167,0.75370646,0.7301052,0.73463607,0.72962844,0.73243827,0.7283842,0.79978514,0.7547949,0.75539255,0.7793391,0.7891165,0.7902411,0.7921367,0.7887929,0.7906712,0.790599,0.7710002,0.76179886,0.79482406,0.77420914,0.7756151,0.7912289,0.74536943,0.75425345,0.7395361,0.74601746,0.73661405,0.73460597,0.73642105,0.7353454,0.7357253,0.738358,0.7822139,0.79452896,0.8068982,0.80704916,0.7694636,0.7565391,0.76817155,0.7566667,0.75154996,0.756773,0.78162086,0.7432201,0.7535675,0.7772143,0.7671688,0.7582308,0.74275225,0.74182326,0.7404016,0.8208724,0.8149505,0.8131119,0.8122102,0.8124565,0.7834182,0.777944,0.77532077,0.7753706,0.775183,0.77586764,0.77656984,0.7753501,0.7763662,0.7783718,0.7868969,0.7899395,0.7758738,0.7875892,0.7775285,0.7767917,0.76802695,0.76425755,0.7659931,0.7638276,0.76338255,0.756801,0.7542315,0.7324126,0.7497742,0.73180556,0.7480532,0.72466224,0.7329674,0.7570287,0.76479554,0.7429941,0.7435102,0.75766087,0.73697287,0.7071811,0.75687134,0.7452954,0.7317941,0.7573958,0.75526744,0.73863095,0.8041494,0.80104053,0.7987013,0.79822683,0.7981483,0.79919076,0.8025423,0.7979308,0.7985841,0.80318713,0.77872086,0.7324135,0.77333546,0.7571445
TC-Navigation-021,0.7226262,0.7351093,0.7296244,0.7287332,0.7316814,0.72978115,0.73331636,0.76493657,0.7633466,0.74357605,0.76300424,0.72954357,0.7287794,0.7321277,0.7296912,0.7310006,0.7295277,0.7661977,0.7402052,0.7781881,0.757873,0.7384002,0.7866207,0.7179556,0.723678,0.7277777,0.72586155,0.723002,0.7200978,0.7243993,0.72285986,0.7239734,0.7237516,0.72638464,0.76613635,0.76966083,0.76910126,0.7287812,0.7428775,0.73732626,0.7220616,0.7171238,0.7141609,0.72382236,0.71294653,0.733335,0.72170115,0.72710013,0.7072339,0.6977048,0.69927454,0.70121914,0.75889295,0.75625944,0.75641406,0.755389,0.7557716,0.7553617,0.7557389,0.7549799,0.75485194,0.7549149,0.7551302,0.7571783,0.755871,0.7571806,0.7565745,0.73335755,0.7549206,0.75583494,0.7237443,0.7293063,0.76976717,0.76548195,0.7578149,0.7252093,0.7239469,0.7371143,0.7180385,0.72774625,0.7679912,0.77789533,0.74204767,0.74212974,0.7414871,0.7477532,0.7761112,0.791001,0.7460007,0.7696717,0.7911333,0.7445463,0.69422233,0.7381649,0.7078234,0.69848096,0.73002917,0.7494128,0.7172268,0.7295394,0.7278037,0.7277504,0.7267471,0.72713155,0.72701216,0.73162997,0.7272884,0.7285607,0.73010653,0.73459613,0.7183487,0.72727036,0.7237981,0.72296,0.7344177,0.73062986,0.72916406,0.7327379,0.73023415,0.73423505,0.76755434,0.7656516,0.7452518,0.7625181,0.7274114,0.7267025,0.7297401,0.72748536,0.7288822,0.727525,0.7654222,0.74063975,0.776823,0.7564018,0.7362051,0.78478545,0.71663415,0.72352564,0.72715765,0.7255701,0.7227372,0.72009116,0.72382045,0.72260225,0.7237057,0.7236918,0.7280599,0.76719207,0.7702242,0.76879406,0.7296314,0.74251693,0.736798,0.7231927,0.7175917,0.71685636,0.7255339,0.71544546,0.7326142,0.72291785,0.72938776,0.70677584,0.69771886,0.6992216,0.6994077,0.7590884,0.7566805,0.75638455,0.75555205,0.75602424,0.75683105,0.7566438,0.7558281,0.7558501,0.7558174,0.7560806,0.75780207,0.756779,0.7579055,0.75743127,0.7332904,0.75845116,0.7573348,0.7252017,0.730564,0.76807463,0.76460737,0.7554635,0.72234756,0.7231927,0.73485637,0.71669245,0.72580993,0.7678053,0.77940863,0.7429168,0.74273473,0.74137515,0.74800235,0.77580583,0.79244566,0.74534446,0.77047807,0.7935132,0.7446968,0.69338703,0.73792994,0.7066534,0.69793075,0.7301449,0.7490709,0.7168653,0.7289624,0.72726065,0.7268862,0.72624934,0.72628266,0.72636163,0.7305806,0.7263442,0.72775954,0.72941005,0.7345247,0.7189069,0.7261967,0.7263384
TC-Navigation-022,0.7535013,0.7604413,0.737907,0.743913,0.73961896,0.7377823,0.7353602,0.7632163,0.74671614,0.7503216,0.7566257,0.766827,0.7667602,0.7693549,0.76716596,0.768394,0.76681215,0.7798697,0.77110946,0.7970661,0.7822009,0.76942754,0.7968556,0.7479296,0.7550608,0.7390543,0.74167514,0.7342982,0.73153055,0.7348996,0.73390996,0.73453975,0.73490363,0.75863194,0.77516997,0.78480214,0.78574157,0.7643331,0.7521796,0.768793,0.7541861,0.7502184,0.7502035,0.7689959,0.731775,0.7375647,0.76443905,0.75263333,0.74260664,0.72989476,0.73119557,0.73375714,0.78543127,0.78157073,0.7808205,0.7794262,0.7800263,0.7720287,0.76982707,0.7682036,0.76769334,0.76792574,0.7683792,0.7698143,0.7688945,0.77000767,0.76996833,0.7697221,0.7579998,0.7589172,0.7701668,0.76224256,0.7586892,0.7513249,0.75221294,0.746506,0.7464422,0.7447296,0.73966986,0.7352147,0.7415992,0.76600087,0.74079347,0.76100767,0.73301214,0.74358726,0.7507798,0.7713394,0.72301555,0.74398977,0.7691468,0.722276,0.7105812,0.7596696,0.7435005,0.72157145,0.7486624,0.7490764,0.7306664,0.7776974,0.773952,0.77292097,0.77150637,0.7722688,0.77258265,0.77621114,0.77275306,0.77328765,0.77521324,0.7687129,0.7205011,0.76631147,0.75065124,0.7516382,0.7576813,0.7367945,0.741787,0.738731,0.7359115,0.7348612,0.76349723,0.7461674,0.75037915,0.7539859,0.76243305,0.76266617,0.76496685,0.7627257,0.7643421,0.76274025,0.7780805,0.7706311,0.7946564,0.7792209,0.76624656,0.7938662,0.7445339,0.7524958,0.73706365,0.7403076,0.73196846,0.7294426,0.73226655,0.7315173,0.7322583,0.7329143,0.7573403,0.7739034,0.78276336,0.7828677,0.76251376,0.74862576,0.7656426,0.75175625,0.74731886,0.74938893,0.76891345,0.7317147,0.73581207,0.7638909,0.75197625,0.7396693,0.7283702,0.7295557,0.73153514,0.7847067,0.7803683,0.77913624,0.7779151,0.778671,0.7725799,0.7691685,0.7674198,0.7670702,0.76718915,0.76780206,0.7690023,0.76826566,0.7692497,0.7694215,0.76705515,0.7591768,0.7582917,0.7697285,0.7603283,0.75359875,0.7485187,0.74645686,0.74081635,0.743461,0.74019647,0.73646545,0.7304876,0.73975545,0.7658049,0.73973274,0.7599529,0.7310859,0.7422683,0.7484566,0.7714833,0.7209861,0.7428278,0.76967406,0.7208913,0.70878005,0.7575278,0.7406796,0.7208144,0.7483018,0.74805826,0.72987187,0.7729951,0.7699592,0.76863897,0.76769257,0.768103,0.7685327,0.7719079,0.76845497,0.7693415,0.77134347,0.7668306,0.71888626,0.75905573,0.74888575
TC-Navigation-023,0.728964,0.7239262,0.7162211,0.7221794,0.7168321,0.7238026,0.7206314,0.7802069,0.75864404,0.743665,0.7699739,0.7358182,0.7348679,0.737653,0.7340195,0.7355734,0.7338775,0.75992435,0.72945225,0.77561027,0.7590019,0.7379008,0.7814691,0.713722,0.71996784,0.729418,0.7330715,0.7298198,0.7268373,0.72989845,0.72790813,0.7286584,0.7284603,0.74322915,0.7802746,0.7866059,0.7857345,0.7096016,0.73033726,0.71791816,0.69960606,0.69418806,0.69510585,0.7184882,0.7112352,0.7425717,0.71996397,0.7297544,0.7053546,0.69327563,0.6963649,0.69243646,0.7688706,0.7664163,0.7678594,0.76510906,0.76645494,0.7571218,0.7579712,0.75758713,0.75658596,0.756882,0.7566073,0.7580285,0.7561488,0.7573512,0.75707126,0.7441202,0.7750628,0.766512,0.7234516,0.7302321,0.78381914,0.78415,0.77778494,0.74962556,0.73866105,0.75617325,0.73009765,0.74208295,0.7634188,0.76201034,0.73831546,0.72954386,0.740732,0.73905027,0.7675637,0.7646308,0.75984204,0.7596005,0.7657287,0.7572781,0.703492,0.75146,0.7301133,0.71861947,0.74945325,0.76829195,0.73370194,0.7344934,0.7333295,0.734714,0.7318532,0.73331106,0.7326464,0.73695064,0.7311319,0.73240966,0.73403907,0.7315321,0.7187556,0.75430787,0.729441,0.73008376,0.72478795,0.7187803,0.7235732,0.7189263,0.72575736,0.7234084,0.78358805,0.7615478,0.7462531,0.7700742,0.7342908,0.7336569,0.73598456,0.7325029,0.73432326,0.73249364,0.759558,0.73059916,0.77514327,0.7583984,0.73669577,0.7801068,0.71268934,0.7206127,0.72913283,0.7329581,0.7301794,0.7273442,0.7298006,0.7282332,0.7289591,0.72890544,0.74459314,0.78129786,0.7871852,0.7863061,0.7119616,0.73136723,0.7192012,0.7024319,0.69651103,0.69902426,0.71986985,0.71412134,0.74244773,0.7206967,0.73255014,0.70548797,0.69369507,0.6969431,0.69053644,0.76965976,0.76683736,0.76773477,0.7652544,0.76665616,0.75852036,0.75855595,0.7580235,0.7571826,0.757559,0.7573502,0.7583768,0.75681496,0.7579112,0.7578053,0.74450564,0.7789572,0.7678918,0.7263501,0.7329482,0.78306055,0.7836486,0.7759252,0.74757355,0.738742,0.7543577,0.729642,0.7410954,0.7638616,0.76329476,0.73908687,0.730067,0.74079907,0.73975277,0.7679569,0.7648573,0.7596073,0.7606576,0.76663303,0.7575182,0.70362854,0.7516044,0.72966224,0.71791255,0.74935025,0.76783997,0.73360485,0.7355794,0.73428637,0.735141,0.73282695,0.7339149,0.7335727,0.7373513,0.7318808,0.733274,0.7350392,0.7321409,0.7198846,0.75178593,0.73094964
TC-Navigation-024,0.762724,0.7406226,0.7216195,0.7305484,0.7263546,0.7290318,0.72253054,0.76827556,0.74850297,0.75293225,0.76264393,0.7590283,0.7584275,0.7606889,0.7574422,0.759094,0.75709397,0.7747066,0.76506495,0.7948656,0.7875765,0.76352924,0.7988766,0.7382006,0.74124,0.7273531,0.74130905,0.7313082,0.72836053,0.7306168,0.72923857,0.73016083,0.7298272,0.7653375,0.78535515,0.7949536,0.79540145,0.73513687,0.7243052,0.73596746,0.7241943,0.7184316,0.7206797,0.75440615,0.71828204,0.7298296,0.7513533,0.7420564,0.7311282,0.712723,0.71611035,0.7171236,0.7857661,0.78148067,0.78108513,0.78226817,0.781005,0.7626033,0.76086,0.75895387,0.7606782,0.7590456,0.75888026,0.7598827,0.7585082,0.75977844,0.7595221,0.76810074,0.7675025,0.76501596,0.7654598,0.7548056,0.7683462,0.76510924,0.7665017,0.766521,0.752469,0.7517692,0.7450569,0.73961717,0.73742473,0.7480946,0.72884643,0.7404644,0.72256845,0.7242638,0.73978513,0.7494021,0.7283993,0.7347053,0.751059,0.72981083,0.72121304,0.7693445,0.75796497,0.7358663,0.7601468,0.76923066,0.743904,0.7806448,0.7762068,0.775409,0.7778076,0.7759889,0.77556586,0.7788576,0.7740919,0.7751061,0.77632123,0.7631695,0.7152213,0.7713132,0.7443358,0.761273,0.73870647,0.7212347,0.72894263,0.7258742,0.72804105,0.7231321,0.76954556,0.74903965,0.75398237,0.76133704,0.75608915,0.7559667,0.75768477,0.75450224,0.7565582,0.754326,0.7726723,0.7651005,0.79291165,0.7849057,0.76083356,0.7959353,0.73492706,0.73894835,0.7255158,0.7394779,0.72925735,0.7264689,0.72810817,0.72710824,0.72806966,0.7280058,0.76427835,0.7845232,0.7939244,0.79420453,0.7347575,0.72152644,0.73444873,0.72272974,0.7168045,0.72060984,0.75386417,0.71911424,0.72855663,0.74984145,0.74194735,0.728317,0.71119815,0.7147008,0.71435964,0.78553474,0.7801709,0.7792249,0.78058267,0.77949274,0.76240706,0.7596384,0.75771403,0.7593917,0.757918,0.75780153,0.7585071,0.7573855,0.75856185,0.75850856,0.76602256,0.7691667,0.7645973,0.7663266,0.75494075,0.7640767,0.7625013,0.76119506,0.7614768,0.7500974,0.74761236,0.742348,0.735381,0.73588735,0.7475571,0.7272533,0.7389288,0.7204573,0.722936,0.7377822,0.748217,0.72717774,0.7332318,0.750057,0.7285764,0.7198633,0.7673957,0.75573146,0.7344558,0.75924224,0.76774716,0.7427449,0.777629,0.7737411,0.7726102,0.7751879,0.77328455,0.7730658,0.7759366,0.77144885,0.7727459,0.7740917,0.7615806,0.71395415,0.76431,0.7420555
TC-Navigation-025,0.719255,0.72676396,0.7117539,0.7135558,0.7034697,0.7102636,0.71231735,0.78860986,0.7673163,0.7485884,0.7694009,0.73806393,0.73566926,0.7383298,0.7349559,0.7357773,0.73563683,0.74741465,0.72058517,0.7641971,0.73414576,0.73983014,0.77385485,0.7165525,0.7252906,0.73446864,0.73075914,0.7325523,0.7290548,0.7321314,0.7299185,0.73059577,0.7319783,0.7411706,0.78217626,0.7878574,0.78657186,0.709477,0.7304195,0.715974,0.7052912,0.7044357,0.6998712,0.72168624,0.70734435,0.7459295,0.7257971,0.72828424,0.71358585,0.7022555,0.70227855,0.70459735,0.77031815,0.766494,0.76755244,0.7657827,0.7682814,0.74259007,0.74028933,0.73960924,0.7389898,0.7403847,0.73920596,0.7407994,0.73876697,0.739994,0.7407366,0.7387461,0.7757209,0.7586701,0.7182436,0.72936845,0.7717006,0.7713611,0.7597474,0.7314795,0.7289187,0.7472772,0.71838284,0.73435426,0.7791541,0.7704823,0.7554174,0.73972076,0.75731313,0.7549442,0.77427506,0.77201235,0.7579056,0.7646828,0.7734344,0.75531906,0.6999766,0.7432518,0.71252435,0.7163373,0.74069524,0.76122195,0.73135823,0.7399007,0.737354,0.73804134,0.7362454,0.73924804,0.7370542,0.74108255,0.7353618,0.7360586,0.7396749,0.7328429,0.71965516,0.7461315,0.7406073,0.7184684,0.72514534,0.7125703,0.7136179,0.704123,0.71116036,0.7137448,0.79086554,0.7687323,0.7499851,0.7681889,0.7353791,0.7330302,0.73544675,0.73228645,0.73320574,0.73305297,0.74750876,0.72148407,0.7635261,0.73292977,0.7381575,0.77217317,0.7143074,0.7241589,0.7337916,0.7305277,0.7320341,0.7287564,0.73125815,0.72945327,0.73017395,0.7316212,0.74263453,0.78273463,0.7877559,0.78570926,0.7108258,0.729509,0.71591365,0.70617723,0.7045537,0.70205337,0.72264576,0.70962936,0.7442693,0.72594625,0.7299074,0.7119808,0.7012103,0.7013945,0.70190334,0.7704208,0.76575625,0.76634496,0.76480734,0.7673662,0.74385583,0.7409237,0.7402213,0.7397952,0.74104655,0.7399941,0.7412691,0.7394942,0.74064964,0.7414819,0.7384256,0.7784332,0.7598513,0.7198999,0.7303185,0.7690631,0.76960266,0.7567339,0.72778916,0.7278259,0.7441644,0.716634,0.7313915,0.7782937,0.7706017,0.755421,0.73915124,0.75644565,0.7544829,0.77285504,0.77170944,0.7568381,0.7648655,0.77415884,0.7546747,0.69894516,0.7429873,0.7115954,0.71617085,0.74097836,0.7610221,0.73082745,0.73823994,0.7356549,0.7360354,0.73472726,0.7372621,0.73542815,0.7390928,0.7335458,0.73449117,0.7380067,0.73227155,0.7192931,0.7418344,0.74170136
TC-Navigation-026,0.7557572,0.7489884,0.7214246,0.7306917,0.7188677,0.72370857,0.72158736,0.7794623,0.7537459,0.7562398,0.75998497,0.76530254,0.7660151,0.7671195,0.76376104,0.7647121,0.7635811,0.76591,0.75943357,0.78689325,0.7657332,0.7685248,0.79339546,0.74566877,0.75213176,0.7440551,0.7479855,0.7435407,0.7433614,0.74442667,0.7424086,0.7428173,0.7436157,0.7689607,0.7882521,0.7976461,0.7977128,0.7405685,0.73511565,0.7430563,0.73432404,0.73350066,0.7332765,0.7619152,0.72446585,0.7440117,0.7603154,0.7488549,0.7433161,0.72847986,0.72913367,0.72936225,0.7848613,0.7791851,0.7795675,0.778048,0.7787286,0.75221974,0.7476898,0.7461913,0.74578977,0.7458633,0.7469275,0.7472418,0.745435,0.7465519,0.74704325,0.7719786,0.77551806,0.7634347,0.7650118,0.76037985,0.7686527,0.76313734,0.7615808,0.7622002,0.7537173,0.7603705,0.7456577,0.7462776,0.7588886,0.75753045,0.75560427,0.7529796,0.7522885,0.750959,0.7468547,0.75649416,0.73300123,0.7379915,0.7567379,0.73273885,0.7199576,0.7657564,0.74893785,0.7395598,0.75493944,0.76742625,0.7441997,0.78273463,0.77731,0.7774263,0.77619267,0.77704966,0.7790159,0.7804334,0.7751939,0.7756338,0.7782344,0.76367104,0.7214116,0.777145,0.76325244,0.7535895,0.74592197,0.7206188,0.7288745,0.71795106,0.722804,0.7219012,0.7799224,0.7532732,0.7567588,0.757366,0.76126105,0.7620423,0.76293504,0.7597169,0.76083887,0.7596499,0.7646988,0.7593915,0.7849576,0.7632261,0.7657778,0.78999263,0.741846,0.7492777,0.74214864,0.74666077,0.7414499,0.74127495,0.7419092,0.7402568,0.74075335,0.74176574,0.76824564,0.78718317,0.7955676,0.79509354,0.7400827,0.731575,0.74111605,0.73231363,0.731022,0.7321094,0.7614175,0.72507125,0.74178123,0.7589735,0.7481321,0.73975754,0.72631,0.7271954,0.7262155,0.7843019,0.77738243,0.7772447,0.7758953,0.77675116,0.7523999,0.7469505,0.7454992,0.7452149,0.74523044,0.746252,0.74643236,0.7448139,0.74584496,0.74652857,0.76976377,0.7764139,0.7627259,0.7652352,0.75941,0.7633747,0.75984883,0.75591636,0.7562386,0.7510878,0.7553124,0.74230784,0.74101937,0.75671023,0.7562191,0.753688,0.75106,0.74988234,0.74919677,0.7440277,0.75533205,0.731229,0.7366177,0.75597763,0.73092306,0.7181363,0.7637749,0.7466946,0.7388163,0.7545401,0.766209,0.7429461,0.7783524,0.773645,0.7734598,0.77265006,0.77321434,0.7751771,0.77650356,0.7714512,0.77219605,0.77480316,0.761779,0.7194942,0.76823294,0.76129556
TC-Navigation-027,0.7295997,0.7342672,0.72049904,0.71899617,0.71565586,0.7219325,0.7175311,0.78709775,0.766109,0.75222945,0.7690961,0.73746556,0.7367435,0.74108815,0.7349679,0.7378243,0.7363156,0.74891746,0.72773015,0.77745837,0.74489397,0.74528784,0.7818117,0.71689487,0.72705185,0.7337687,0.7293631,0.7262917,0.7231356,0.72873336,0.72333,0.7256747,0.72619283,0.7425622,0.78283846,0.7913903,0.79073143,0.7218318,0.7365836,0.7249038,0.70781136,0.7067431,0.70642245,0.7151252,0.7034011,0.7344592,0.7180662,0.7225475,0.72189707,0.7052747,0.7079243,0.7022375,0.7835649,0.78089154,0.78047884,0.779593,0.7799679,0.75198597,0.7501908,0.7486713,0.74865746,0.7485208,0.7483451,0.7511463,0.74694276,0.74965864,0.7498707,0.7458114,0.7707865,0.7565354,0.72123957,0.7253961,0.78980464,0.79170096,0.7854109,0.7458832,0.74398303,0.7577963,0.7377064,0.7461262,0.7644388,0.7732845,0.74236214,0.745691,0.74231404,0.74701047,0.7762563,0.77362835,0.7619836,0.76981163,0.7760908,0.76174843,0.6915297,0.751618,0.71827054,0.72388476,0.7503272,0.7662241,0.73363936,0.74847233,0.74657446,0.74524766,0.7444257,0.7449996,0.7444509,0.7510982,0.7420255,0.74477464,0.746772,0.73694956,0.7195315,0.74962234,0.73244,0.7295331,0.7341005,0.7223961,0.7197807,0.71688914,0.72320676,0.71955454,0.78998446,0.7686368,0.75430954,0.768172,0.73533165,0.7347938,0.7387964,0.7328225,0.7359171,0.734328,0.7492596,0.72926414,0.7774967,0.7438762,0.74443203,0.7808371,0.7153536,0.7273783,0.73377687,0.72964126,0.7266752,0.7236923,0.72855985,0.7237646,0.72602797,0.72664046,0.743722,0.78336877,0.79219663,0.7906908,0.7232829,0.73702425,0.7254947,0.70997596,0.7081704,0.70975095,0.7166977,0.70584863,0.73396957,0.7188229,0.7253375,0.72186327,0.70522004,0.7078961,0.70059776,0.784099,0.78098583,0.780137,0.7794759,0.7799901,0.7538612,0.75133747,0.749628,0.7497391,0.7497298,0.7497019,0.7519983,0.7482009,0.7507907,0.7511706,0.7458884,0.7745646,0.7585293,0.72393835,0.72788453,0.788427,0.79142535,0.7829027,0.7431997,0.7437532,0.75599974,0.737104,0.74446934,0.76451737,0.77454954,0.7436309,0.74610394,0.74223197,0.7474246,0.7756663,0.77363855,0.76123846,0.7704829,0.77693504,0.7614665,0.69135165,0.75169265,0.71839905,0.72429353,0.75125617,0.7666161,0.73423415,0.7472615,0.74540627,0.743845,0.7434515,0.7436992,0.74334836,0.74941576,0.7408582,0.7436511,0.74572694,0.73695636,0.71980464,0.74723774,0.7340903
TC-Navigation-028,0.7595195,0.7524632,0.7298116,0.73222,0.7233653,0.72705084,0.72028804,0.7831551,0.7509031,0.76175284,0.75989544,0.7635603,0.7634424,0.76543665,0.7639638,0.7644768,0.7622878,0.7684376,0.7667135,0.8017776,0.77251583,0.7770804,0.79813254,0.7433201,0.7511264,0.7364481,0.7386488,0.73118955,0.7283583,0.73092824,0.7313968,0.73052853,0.730567,0.76196843,0.78384817,0.802688,0.8016672,0.7521671,0.73718566,0.7513203,0.73774695,0.7379171,0.7386807,0.7519278,0.71448547,0.7254851,0.7490197,0.73800504,0.7531241,0.73414874,0.7360623,0.73167276,0.79994714,0.796215,0.7959633,0.79447395,0.7949226,0.7581887,0.7545624,0.752761,0.7523506,0.75224996,0.7522553,0.75329316,0.75331044,0.75361294,0.7535507,0.76839453,0.7683339,0.75534165,0.7596107,0.7502492,0.77001494,0.7690984,0.7700862,0.7553911,0.75420433,0.7527563,0.74644434,0.7454323,0.74271506,0.7612927,0.74235356,0.7616533,0.7320609,0.73862135,0.7529119,0.7616223,0.7351442,0.7469664,0.7627659,0.7368852,0.7128061,0.7724431,0.74946177,0.74005413,0.7628181,0.76527137,0.74239886,0.7907094,0.78636515,0.78535014,0.7838398,0.7846687,0.7845552,0.78762996,0.7855377,0.78455496,0.7859753,0.7652449,0.7150413,0.771268,0.75046754,0.75701237,0.749693,0.7289915,0.73012924,0.72226113,0.7255736,0.7201156,0.7837605,0.75080884,0.76205945,0.7568491,0.75939095,0.7596219,0.761333,0.75965875,0.7607515,0.7583925,0.76701224,0.7666459,0.8002237,0.76987815,0.77464396,0.7955399,0.739658,0.7487731,0.7348055,0.7377468,0.72922605,0.7265415,0.7285111,0.7291964,0.7285727,0.72889715,0.7604291,0.78236526,0.80120254,0.7997383,0.75109786,0.7341088,0.7490273,0.73579407,0.73548204,0.737848,0.75147605,0.7146408,0.7237386,0.7475979,0.7377112,0.75012946,0.7321841,0.73421526,0.72926027,0.7992802,0.79439676,0.7936977,0.79242384,0.7930294,0.75868994,0.75389755,0.75194514,0.7516595,0.75161207,0.7517747,0.75249124,0.75263333,0.7529676,0.75314003,0.76599014,0.76970553,0.75502115,0.7603409,0.7497945,0.76503396,0.7664442,0.7640643,0.74963397,0.75144655,0.748266,0.7434691,0.7402336,0.7408525,0.7607144,0.74125177,0.76013124,0.72969055,0.7370988,0.7499751,0.75990635,0.7330071,0.74512494,0.7615841,0.7350552,0.71138644,0.7705442,0.74775606,0.7399347,0.7628186,0.76453567,0.74188715,0.7855263,0.7818462,0.7805955,0.7796095,0.78008735,0.78006446,0.78283525,0.7807313,0.78025764,0.78181046,0.7631352,0.71305454,0.7639112,0.7476832
TC-Navigation-029,0.7322273,0.7383728,0.7313205,0.7309753,0.72827286,0.7284158,0.7285832,0.7966957,0.77455544,0.75341916,0.7818692,0.75120807,0.7510808,0.7530109,0.7494222,0.7533276,0.7505406,0.7538081,0.73248965,0.77288157,0.7500956,0.74898005,0.77958274,0.72890276,0.7350843,0.74058425,0.7449625,0.74116313,0.7388464,0.7410786,0.7389877,0.74264354,0.7409931,0.75280005,0.79124415,0.80647635,0.80546296,0.7318654,0.7486711,0.7365899,0.7203854,0.7154871,0.7164017,0.7297121,0.71710026,0.75109303,0.7306114,0.73653996,0.72731245,0.7130856,0.7139354,0.71448934,0.78615713,0.7826472,0.7826355,0.7817881,0.78230894,0.75998366,0.7586968,0.75746965,0.7574965,0.7575691,0.7578514,0.7587363,0.756739,0.7602416,0.75889224,0.7560257,0.78138953,0.76911277,0.7324216,0.7380605,0.7863589,0.78430307,0.77701056,0.74674964,0.740593,0.7589939,0.73249483,0.7456865,0.7733549,0.7767921,0.74751556,0.745349,0.7461089,0.74932265,0.7883124,0.7798246,0.7717142,0.7783794,0.77908695,0.7694764,0.70151454,0.75262004,0.72579694,0.7242956,0.75135183,0.7686309,0.73798215,0.7600819,0.7578532,0.7570247,0.7565932,0.75702524,0.7577587,0.76075625,0.75517213,0.75930727,0.75949484,0.75221485,0.73066366,0.75244796,0.7353109,0.73288715,0.7389717,0.733917,0.73246324,0.7301972,0.7305461,0.73131055,0.8000772,0.77703875,0.7555789,0.7814976,0.74934363,0.7495965,0.7511658,0.7475737,0.7517235,0.74892795,0.75446904,0.73445344,0.77344805,0.7499759,0.7484516,0.779315,0.7278726,0.7357042,0.74112916,0.7455913,0.74185306,0.73956615,0.7413373,0.73964906,0.74312645,0.74177957,0.754539,0.79256296,0.80753195,0.8064263,0.73393977,0.74939996,0.73751754,0.722756,0.71733963,0.7200399,0.7318277,0.72003865,0.75144637,0.73223454,0.7398259,0.727344,0.71332246,0.7142177,0.7130065,0.7873687,0.7834116,0.78287965,0.78228545,0.7829134,0.7621727,0.76020014,0.7587935,0.7589626,0.75907195,0.7594645,0.7600183,0.7583017,0.7615199,0.76048434,0.75691646,0.78568304,0.7710899,0.73559463,0.7406701,0.78536046,0.7837229,0.77530515,0.74448556,0.7405742,0.75733924,0.7319453,0.74421924,0.77378756,0.7783043,0.74901736,0.7458588,0.7463409,0.75011027,0.78836757,0.78006965,0.77138364,0.77908814,0.78005284,0.7696353,0.70183,0.75329643,0.72594,0.7246876,0.7521357,0.7690163,0.7383629,0.7601393,0.757724,0.7566305,0.7565577,0.756695,0.7576038,0.7603101,0.75493777,0.75901735,0.7595167,0.7523597,0.7315798,0.75074553,0.7379675
TC-Navigation-030,0.7724822,0.76347625,0.7390833,0.7442495,0.73645526,0.7401257,0.73303485,0.7910859,0.762915,0.7640588,0.7742727,0.7841597,0.7838371,0.7858875,0.78295666,0.7840807,0.7837704,0.7772335,0.77214605,0.80444866,0.78272116,0.78584296,0.80257905,0.7613944,0.7666774,0.7505126,0.7591579,0.7512343,0.74808216,0.7502681,0.74902916,0.74926686,0.7509682,0.78403383,0.80116963,0.8193242,0.81938535,0.7681354,0.7529128,0.7686611,0.7513006,0.7502154,0.7524302,0.77674687,0.7345557,0.74858767,0.7721472,0.76088715,0.76285744,0.7392741,0.74138725,0.742138,0.80956,0.8042604,0.8041438,0.8028885,0.8041372,0.77381486,0.76935446,0.7677855,0.767416,0.767872,0.7678072,0.76873386,0.7675348,0.76855594,0.76980054,0.78864866,0.78182745,0.77434987,0.7830368,0.77348435,0.774715,0.76914734,0.76881605,0.7637472,0.75796044,0.75842696,0.74919784,0.747061,0.7501812,0.7675768,0.74690634,0.7647553,0.7374632,0.7443363,0.76497984,0.7690265,0.74726826,0.7562453,0.76781434,0.74741644,0.721919,0.77732456,0.7622748,0.74553686,0.7719744,0.77248466,0.75212693,0.8071171,0.8018143,0.8011443,0.800076,0.80170774,0.80161154,0.8047297,0.80049264,0.8003737,0.80438644,0.7843423,0.73104304,0.792676,0.7691293,0.77102435,0.761852,0.739376,0.7432055,0.7364466,0.73975253,0.7341668,0.79235864,0.7631277,0.76501334,0.77221006,0.7807394,0.78098077,0.7826273,0.7795151,0.7813344,0.78063536,0.7766359,0.7731391,0.8036364,0.78111583,0.7840072,0.8008446,0.75833553,0.7646964,0.7496247,0.7588365,0.74967223,0.7466399,0.7482825,0.74737847,0.74781245,0.7496356,0.7827046,0.8005222,0.81817615,0.81810963,0.7677476,0.75035495,0.767078,0.7503282,0.7488421,0.75264907,0.7771268,0.735252,0.7476748,0.7718463,0.76118445,0.7605184,0.7379321,0.7401053,0.73998797,0.80975723,0.8034508,0.80280936,0.80179894,0.803191,0.77490616,0.76932293,0.7675344,0.76732445,0.7677519,0.767899,0.7685138,0.7675221,0.76853466,0.76990217,0.7870145,0.78385794,0.77427083,0.7842338,0.773345,0.7701521,0.7666625,0.7636521,0.75878197,0.7559261,0.75454235,0.7466697,0.7427489,0.7488088,0.76744866,0.74654764,0.76375186,0.73592156,0.7434687,0.76296043,0.76805586,0.745728,0.7550614,0.7671014,0.746236,0.72105813,0.77596605,0.76071,0.74534976,0.77191716,0.77206486,0.7518235,0.8033641,0.7984817,0.7975258,0.7969406,0.79821885,0.79828036,0.80109894,0.7969658,0.79734874,0.8011913,0.7827783,0.7299347,0.7852191,0.76709855
TC-Pathfinder-031,0.68404543,0.7216098,0.7205501,0.71931946,0.713627,0.7184389,0.7257235,0.7425245,0.7350988,0.7288017,0.7327825,0.6909888,0.6910583,0.6938926,0.6920479,0.6925732,0.69130397,0.74586153,0.7189207,0.7451689,0.7351903,0.7092004,0.7523429,0.683834,0.6877692,0.69224876,0.6894632,0.6876561,0.6861708,0.69024926,0.68866336,0.689094,0.6887474,0.7014293,0.7338715,0.7372102,0.7325901,0.6868304,0.7051841,0.69252867,0.6795833,0.6730622,0.67384344,0.6859335,0.6822243,0.7063977,0.68455744,0.69414675,0.68472743,0.67089903,0.67543066,0.674281,0.72525775,0.72376865,0.7243576,0.7231852,0.72248125,0.72601426,0.7263786,0.72561,0.7253565,0.7247494,0.725109,0.72696865,0.7260724,0.72677594,0.7264254,0.6888846,0.7238277,0.7157228,0.66363007,0.6714977,0.72675854,0.73176765,0.71033937,0.67530537,0.6703447,0.6840128,0.6677101,0.6776963,0.7397847,0.74982786,0.7110531,0.7108201,0.71040833,0.71767753,0.75919044,0.75425506,0.73905814,0.7575313,0.76100963,0.74255276,0.677992,0.70845616,0.6895206,0.6731485,0.6983431,0.7221911,0.6883299,0.69751996,0.69576097,0.6962179,0.69436234,0.69369274,0.6945726,0.698543,0.69478464,0.69554996,0.69706815,0.6770495,0.6768527,0.7101593,0.6997384,0.685009,0.72156477,0.72260034,0.7203511,0.7150263,0.72056687,0.72745,0.74689555,0.73964727,0.73169124,0.73384607,0.69134104,0.69150364,0.69396895,0.6921246,0.69278336,0.6914513,0.7464866,0.7203576,0.74576914,0.7355679,0.70846367,0.75189793,0.6832584,0.6898437,0.692556,0.69016886,0.68857527,0.6872471,0.6907709,0.6894487,0.68989146,0.68969,0.70437336,0.73684806,0.73919415,0.7347358,0.6899165,0.70759374,0.69444996,0.6829052,0.6768907,0.6788572,0.6890082,0.68632,0.70736635,0.6865614,0.6989149,0.68591875,0.67108005,0.6756083,0.67249185,0.7269392,0.7260407,0.72625244,0.72533834,0.7248105,0.7280699,0.72822165,0.72755766,0.72746724,0.72685343,0.7270218,0.72861814,0.7278861,0.7285319,0.72831416,0.6912472,0.72882503,0.71833056,0.66886926,0.6766428,0.72679216,0.73151016,0.71021503,0.6733716,0.6713774,0.6831056,0.66703653,0.6766562,0.7404394,0.75243413,0.7125578,0.71265733,0.71130455,0.7185753,0.760084,0.755332,0.73971915,0.7588525,0.76291645,0.74341,0.6788981,0.70958567,0.6897837,0.6730064,0.69924736,0.72222906,0.6882385,0.7004654,0.6989098,0.6989366,0.6975848,0.69672084,0.6977097,0.7013616,0.6975659,0.6984188,0.6999988,0.6780954,0.6792511,0.7132188,0.7018225
TC-Pathfinder-032,0.70179886,0.73687494,0.7240281,0.7246828,0.7157743,0.72161865,0.7210751,0.7477639,0.71602905,0.7272785,0.72361434,0.71736723,0.717815,0.7200297,0.7189234,0.7185345,0.71705246,0.75996953,0.75022733,0.76958513,0.75897527,0.74213284,0.7673256,0.70549464,0.70866334,0.69307697,0.6992173,0.69295347,0.6908425,0.6941347,0.6935593,0.69258434,0.6926282,0.715224,0.7292305,0.7436974,0.73980045,0.7150074,0.7072472,0.71565175,0.70677125,0.7029966,0.7062975,0.715735,0.6887951,0.69714755,0.71217215,0.7065264,0.7142243,0.6986083,0.7021953,0.6988292,0.7390559,0.7364094,0.7363959,0.7352934,0.73504865,0.72960114,0.72805524,0.72657603,0.72637236,0.72612697,0.7264408,0.7279564,0.72775525,0.7274977,0.72757345,0.7106409,0.72795415,0.71116817,0.6962396,0.6925352,0.7140676,0.7150383,0.7055476,0.69413555,0.69405127,0.6925887,0.6915704,0.68831265,0.71256435,0.7331475,0.704793,0.720963,0.69567955,0.70396495,0.7310926,0.7400129,0.71071595,0.73033035,0.7457806,0.7164563,0.683147,0.7177196,0.70882344,0.68573016,0.70113516,0.7120758,0.68727297,0.7367785,0.733419,0.73324776,0.7315005,0.7316042,0.73228586,0.7355266,0.7333199,0.7319787,0.73355377,0.70150554,0.6704936,0.72716844,0.7102824,0.70100135,0.73472124,0.72408897,0.7233018,0.71509445,0.72149605,0.72139484,0.7501215,0.71814644,0.7286802,0.7222929,0.71520126,0.71601915,0.71780276,0.7165085,0.71656847,0.71489453,0.75896585,0.7505216,0.7685025,0.7576413,0.7401862,0.7655715,0.7031215,0.7085185,0.6922748,0.69892764,0.6921214,0.69018966,0.692958,0.69254434,0.6918007,0.6920325,0.71592796,0.7303638,0.74374497,0.74022055,0.7158998,0.70699483,0.71546066,0.70681083,0.7035936,0.7076441,0.71729046,0.6907692,0.6972675,0.71259975,0.7087642,0.7131597,0.69723856,0.7008281,0.6967447,0.7400664,0.73748404,0.7371196,0.73622805,0.7362101,0.73083127,0.72852755,0.727155,0.72711337,0.7268074,0.72698385,0.72831094,0.72821474,0.72799146,0.7282199,0.7107708,0.73106164,0.711825,0.6999296,0.69529414,0.7109543,0.7128614,0.70232314,0.6895784,0.6927177,0.6896307,0.6892109,0.6845145,0.7116566,0.73433024,0.70450836,0.721331,0.6947398,0.70342886,0.73004115,0.73999137,0.7102837,0.7295157,0.7461017,0.7160644,0.68325126,0.7172341,0.7076986,0.6854422,0.70171916,0.71143025,0.6867357,0.7361748,0.7334648,0.73294294,0.7317317,0.73159236,0.7323352,0.73536825,0.7330055,0.73210275,0.7337134,0.7008556,0.671218,0.72566354,0.70880073
