,TC-ProfileFragment-001,TC-ProfileFragment-002,TC-ProfileFragment-003,TC-ProfileFragment-004,TC-ProfileFragment-005,TC-ExampleInstrumentedTest-001,TC-ExampleUnitTest-1,TC-HomeFragment-001,TC-HomeFragment-002,TC-HomeFragment-003,TC-HomeFragment-004,TC-HomeFragment-005,TC-HomeFragment-006,TC-HomeFragment-007,TC-HomeFragment-008,TC-LoginActivity-001,TC-LoginActivity-002,TC-LoginActivity-003,TC-LoginActivity-004,TC-LoginActivity-005,TC-LoginActivity-006,TC-LoginActivity-007,TC-LoginActivity-008,TC-MainActivity-001,TC-MainActivity-002,TC-MainActivity-003,TC-ProfileFragment-001,TC-ProfileFragment-002,TC-ProfileFragment-003,TC-ProfileFragment-004,TC-ProfileFragment-005,TC-RegistrationActivity-001,TC-RegistrationActivity-002,TC-RegistrationActivity-003,TC-RegistrationActivity-004,TC-RegistrationActivity-005,TC-RegistrationActivity-006,TC-RegistrationActivity-007,TC-RegistrationActivity-008,TC-RegistrationActivity-009,TC-RegistrationActivity-010,TC-Speedometer-001,TC-Speedometer-002,TC-Speedometer-003,TC-Speedometer-004,TC-Speedometer-005,TC-Speedometer-006,TC-Speedometer-007,TC-StatisticsFragment-001,TC-StatisticsFragment-002,TC-StatisticsFragment-003,TC-StatisticsFragment-004,TC-StatisticsFragment-005,TC-StatisticsFragment-006,TC-StatisticsFragment-007,TC-ExampleInstrumentedTest-001,TC-HomeFragment-001,TC-HomeFragment-002,TC-HomeFragment-003,TC-HomeFragment-004,TC-HomeFragment-005,TC-HomeFragment-006,TC-HomeFragment-007,TC-HomeFragment-008,TC-LoginActivity-001,TC-LoginActivity-002,TC-LoginActivity-003,TC-LoginActivity-004,TC-LoginActivity-005,TC-LoginActivity-006,TC-LoginActivity-007,TC-LoginActivity-008,TC-MainActivity-001,TC-MainActivity-002,TC-MainActivity-003,TC-ProfileFragment-001,TC-ProfileFragment-002,TC-ProfileFragment-003,TC-ProfileFragment-004,TC-ProfileFragment-005,TC-RegistrationActivity-001,TC-RegistrationActivity-002,TC-RegistrationActivity-003,TC-RegistrationActivity-004,TC-RegistrationActivity-005,TC-RegistrationActivity-006,TC-RegistrationActivity-007,TC-RegistrationActivity-008,TC-RegistrationActivity-009,TC-RegistrationActivity-010,TC-Speedometer-001,TC-Speedometer-002,TC-Speedometer-003,TC-Speedometer-004,TC-Speedometer-005,TC-Speedometer-006,TC-Speedometer-007,TC-StatisticsFragment-001,TC-StatisticsFragment-002,TC-StatisticsFragment-003,TC-StatisticsFragment-004,TC-StatisticsFragment-005,TC-StatisticsFragment-006,TC-StatisticsFragment-007,TC-ExampleUnitTest-1,TC-ExampleInstrumentedTest-001,TC-HomeFragment-001,TC-HomeFragment-002,TC-HomeFragment-003,TC-HomeFragment-004,TC-HomeFragment-005,TC-HomeFragment-006,TC-HomeFragment-007,TC-HomeFragment-008,TC-LoginActivity-001,TC-LoginActivity-002,TC-LoginActivity-003,TC-LoginActivity-004,TC-LoginActivity-005,TC-LoginActivity-006,TC-LoginActivity-007,TC-LoginActivity-008,TC-MainActivity-001,TC-MainActivity-002,TC-MainActivity-003,TC-ProfileFragment-001,TC-ProfileFragment-002,TC-ProfileFragment-003,TC-ProfileFragment-004,TC-ProfileFragment-005,TC-RegistrationActivity-001,TC-RegistrationActivity-002,TC-RegistrationActivity-003,TC-RegistrationActivity-004,TC-RegistrationActivity-005,TC-RegistrationActivity-006,TC-RegistrationActivity-007,TC-RegistrationActivity-008,TC-RegistrationActivity-009,TC-RegistrationActivity-010,TC-Speedometer-001,TC-Speedometer-002,TC-Speedometer-003,TC-Speedometer-004,TC-Speedometer-005,TC-Speedometer-006,TC-Speedometer-007,TC-StatisticsFragment-001,TC-StatisticsFragment-002,TC-StatisticsFragment-003,TC-StatisticsFragment-004,TC-StatisticsFragment-005,TC-StatisticsFragment-006,TC-StatisticsFragment-007,TC-ExampleUnitTest-1,TC-HomeFragment-001,TC-HomeFragment-002,TC-HomeFragment-003,TC-HomeFragment-004,TC-HomeFragment-005,TC-HomeFragment-006,TC-HomeFragment-007,TC-HomeFragment-008,TC-StatisticsFragment-001,TC-StatisticsFragment-002,TC-StatisticsFragment-003,TC-StatisticsFragment-004,TC-StatisticsFragment-005,TC-StatisticsFragment-006,TC-StatisticsFragment-007,TC-HomeFragment-001,TC-HomeFragment-002,TC-HomeFragment-003,TC-HomeFragment-004,TC-HomeFragment-005,TC-HomeFragment-006,TC-HomeFragment-007,TC-HomeFragment-008,TC-ProfileFragment-001,TC-ProfileFragment-002,TC-ProfileFragment-003,TC-ProfileFragment-004,TC-ProfileFragment-005,TC-StatisticsFragment-001,TC-StatisticsFragment-002,TC-StatisticsFragment-003,TC-StatisticsFragment-004,TC-StatisticsFragment-005,TC-StatisticsFragment-006,TC-StatisticsFragment-007
TC-ACCESS-001,0.80077267,0.780487,0.77170753,0.766212,0.75831616,0.77505887,0.78524184,0.78112423,0.7763251,0.78705037,0.7757093,0.7907333,0.79276395,0.7930155,0.7803611,0.7945206,0.77039266,0.7663927,0.767239,0.7514283,0.7576295,0.7780889,0.7705494,0.7708143,0.74558353,0.78115165,0.8044238,0.78313863,0.7752154,0.7685782,0.76061505,0.81832814,0.807436,0.80528057,0.80374306,0.8025217,0.8059356,0.80708694,0.8024628,0.80629283,0.80858266,0.7375629,0.75093675,0.7088064,0.71171594,0.7284108,0.7100043,0.71602356,0.7417242,0.7201464,0.7475382,0.74575794,0.72616816,0.7226893,0.73635125,0.7654043,0.7751391,0.769889,0.78358215,0.7712339,0.7843873,0.7868697,0.78857607,0.77573436,0.7892824,0.7598668,0.7565944,0.75696194,0.74242306,0.7485239,0.77106375,0.7657858,0.76466876,0.7378299,0.776102,0.7981143,0.7777528,0.7719921,0.75968504,0.7558509,0.8095686,0.79774326,0.7959852,0.7948454,0.7936267,0.7964296,0.79753596,0.793946,0.79726624,0.7988511,0.7301018,0.7462709,0.703291,0.704253,0.7225122,0.70332265,0.7051055,0.7377231,0.71370524,0.7417054,0.736749,0.7225261,0.71614206,0.7305154,0.7773013,0.7730524,0.778688,0.7747609,0.7868367,0.77378285,0.7891193,0.7916064,0.7913176,0.78069174,0.7933832,0.76870054,0.76585543,0.7659792,0.750937,0.7562851,0.7765129,0.7695007,0.7693722,0.74404323,0.77993906,0.8029942,0.7825347,0.77372324,0.76789033,0.7582574,0.8181996,0.8076439,0.80619174,0.8041223,0.8029932,0.80621475,0.8074245,0.80309105,0.8066853,0.80856746,0.7360794,0.75135267,0.7108197,0.7105471,0.7278559,0.708292,0.71448433,0.74009603,0.72029215,0.74748135,0.74512875,0.7258685,0.7217688,0.7347398,0.78219736,0.7785818,0.7744979,0.78600633,0.77338034,0.7886326,0.79122895,0.7918988,0.7791401,0.7377285,0.71632254,0.74478436,0.74280375,0.724609,0.72056377,0.7329658,0.7801538,0.77499497,0.787221,0.7764468,0.7903043,0.7935874,0.7931851,0.7809297,0.8031614,0.7823322,0.7744063,0.7658038,0.7576205,0.7406344,0.7197601,0.7442522,0.74377936,0.72586775,0.72114635,0.73461145
TC-ACCESS-002,0.8240311,0.8074432,0.8204827,0.79588413,0.8063923,0.7784288,0.77790546,0.7778816,0.7764254,0.7827782,0.774351,0.8023887,0.7874985,0.7875494,0.7775173,0.85402536,0.8381311,0.81114936,0.8180891,0.8071295,0.8177775,0.82441956,0.8218686,0.7790197,0.7474154,0.7775835,0.8267386,0.8095083,0.823152,0.7971188,0.8078679,0.82104176,0.8151152,0.81222916,0.8102972,0.8107339,0.81318617,0.8136406,0.810672,0.8139185,0.8142381,0.727769,0.74377775,0.7046366,0.7137568,0.7272103,0.7067696,0.7150625,0.74493253,0.7278528,0.7538262,0.75273955,0.73412526,0.7305536,0.7425199,0.7695466,0.77305114,0.7708746,0.7799604,0.7704419,0.7961969,0.7829486,0.78360057,0.7741413,0.84859926,0.8285513,0.80133706,0.8079707,0.79789126,0.80856967,0.81737804,0.8169233,0.77316153,0.74045825,0.77267647,0.82091445,0.803937,0.81947255,0.78851044,0.80382764,0.81360257,0.80516636,0.802857,0.80139387,0.8015632,0.8035096,0.804029,0.80178267,0.80456793,0.8047586,0.72064483,0.7393926,0.6994717,0.70716757,0.72164124,0.7007839,0.7053405,0.7408778,0.72073764,0.7489414,0.7444229,0.72998697,0.7249266,0.7367554,0.7713163,0.77695686,0.77582854,0.77506953,0.78284913,0.7727597,0.80126756,0.7864214,0.7860268,0.77785635,0.8533404,0.8372204,0.81079507,0.8170606,0.8069005,0.8168391,0.82303697,0.8208029,0.7775761,0.74563885,0.7761057,0.82567316,0.80874753,0.8219551,0.79665446,0.80564725,0.8208944,0.8147423,0.8125265,0.8103655,0.8107654,0.8130847,0.813601,0.8108365,0.8137929,0.81404144,0.726332,0.74375135,0.706315,0.7126899,0.72659266,0.70498437,0.71354955,0.74349976,0.727821,0.7537272,0.7522187,0.7338875,0.729643,0.7411776,0.7751149,0.7762161,0.7753705,0.78245103,0.7728825,0.8016999,0.78688246,0.78723896,0.77719975,0.7416749,0.7245121,0.75165045,0.75036263,0.73296684,0.7288466,0.7397046,0.77775306,0.7760138,0.7835356,0.77542096,0.8025231,0.789049,0.7882857,0.77872366,0.8264967,0.8094229,0.8229636,0.7949153,0.80560076,0.7447617,0.7278543,0.7511134,0.75123024,0.7342619,0.729548,0.7413572
TC-JOURNEY-001,0.8012467,0.7922156,0.7908181,0.7823384,0.77856445,0.7939285,0.78876084,0.78589094,0.7922037,0.79314566,0.7847413,0.7756942,0.79690564,0.7968682,0.7943287,0.7762902,0.74984515,0.75559413,0.7518345,0.7409274,0.74367785,0.75992686,0.75610185,0.78579855,0.7557588,0.8073887,0.80325305,0.79368925,0.7933145,0.7841952,0.78018004,0.783507,0.77691835,0.7757027,0.7736638,0.7738997,0.7765572,0.77722853,0.77383584,0.77823234,0.7777756,0.77155465,0.80426574,0.7733494,0.77178246,0.7769811,0.75875926,0.7785276,0.7601501,0.7383993,0.760682,0.7571027,0.75426894,0.7303607,0.754764,0.7935072,0.7850728,0.7910106,0.79379344,0.7825755,0.7738335,0.79636467,0.79683334,0.7937527,0.77708197,0.7483698,0.7561234,0.7511915,0.74122113,0.7433129,0.76152027,0.7577798,0.788609,0.75633335,0.80829996,0.80300236,0.79268134,0.7948414,0.78271556,0.77949274,0.7808199,0.7757682,0.7748595,0.77343655,0.773384,0.775561,0.77623665,0.7735013,0.77735823,0.77678347,0.77044475,0.8030044,0.7718077,0.7696028,0.77549744,0.75727296,0.77372175,0.7623002,0.73974764,0.7609333,0.754611,0.7559323,0.7288641,0.7555554,0.7936114,0.79321784,0.7848254,0.7922251,0.79387856,0.7831462,0.7751105,0.7970879,0.7964682,0.79530185,0.77572167,0.7497701,0.7566788,0.7521653,0.74182916,0.7437028,0.75952256,0.7554846,0.7855325,0.75491166,0.8067155,0.80268615,0.7937139,0.7923839,0.78436214,0.7787373,0.78340125,0.77642596,0.7758264,0.7734045,0.7736062,0.7762395,0.77684087,0.7736958,0.7778456,0.77692634,0.7710098,0.80517393,0.7752985,0.77121544,0.77678347,0.7577245,0.7780646,0.75919485,0.73913634,0.76100093,0.75710887,0.7540114,0.72982097,0.753361,0.7869397,0.7852074,0.79182935,0.7932733,0.7840438,0.77519006,0.7972296,0.7973373,0.79481274,0.7567424,0.7352444,0.75837094,0.7541877,0.75246197,0.72814405,0.7517306,0.7853662,0.7925737,0.7938204,0.7854513,0.77577025,0.7982073,0.7977092,0.7956945,0.802995,0.79376674,0.7930377,0.7819047,0.7777703,0.7604079,0.73966336,0.7589842,0.75682384,0.75498486,0.7302424,0.7544161
TC-JOURNEY-002,0.7569686,0.780635,0.76103497,0.7727011,0.7539311,0.75454146,0.75330937,0.76064813,0.75118136,0.7665603,0.7480903,0.7430004,0.76572514,0.76936674,0.765922,0.74719673,0.7284772,0.73632413,0.73546195,0.7176919,0.7223997,0.7411698,0.7343276,0.74169797,0.72459835,0.7833504,0.759008,0.7826868,0.76349074,0.7746813,0.7559132,0.7518245,0.7498333,0.7470257,0.74656963,0.74689066,0.74884474,0.7509225,0.74725235,0.7495782,0.7503308,0.73037255,0.7613847,0.74188346,0.7506434,0.7410617,0.7327999,0.7439224,0.72587115,0.71790564,0.7340604,0.72295725,0.74477446,0.708645,0.7321694,0.75223327,0.7588143,0.74927086,0.7665067,0.7454803,0.74054766,0.76398957,0.76810575,0.76443565,0.7472875,0.72387797,0.73482275,0.7327452,0.7157227,0.7199005,0.74038327,0.734686,0.74416894,0.72402275,0.7820831,0.7578689,0.7796545,0.763108,0.77128613,0.75366586,0.7484665,0.7465449,0.7442683,0.74409354,0.7440733,0.7457721,0.7474086,0.744506,0.7467793,0.74713296,0.7280728,0.7590618,0.73870695,0.7467178,0.7377138,0.72933245,0.7369431,0.72725856,0.7174096,0.73207605,0.7189051,0.74375397,0.7059155,0.73085725,0.75547475,0.7541142,0.7598586,0.75130093,0.7670602,0.74646246,0.74219257,0.7653049,0.7687265,0.7663392,0.7468782,0.7280834,0.7371383,0.7355231,0.7181679,0.722036,0.74038273,0.73348516,0.74166286,0.7237833,0.7825031,0.7581432,0.78245014,0.7623487,0.7747053,0.7542176,0.7516093,0.74908036,0.7469877,0.74602085,0.74626267,0.7481754,0.7502012,0.7467775,0.74898815,0.74931777,0.72969157,0.76206934,0.7438377,0.7502955,0.7406028,0.7317635,0.74320793,0.7246518,0.71793705,0.7339276,0.7223633,0.7444035,0.7078069,0.73075956,0.7525428,0.760462,0.7509156,0.7668309,0.74739695,0.74261916,0.7659237,0.7700191,0.7664387,0.7227521,0.7150215,0.7316969,0.72042894,0.7427316,0.70669043,0.7294819,0.76179564,0.75283813,0.768038,0.75010645,0.7444612,0.7679771,0.77095413,0.7683432,0.7602341,0.7847249,0.76419276,0.7740489,0.75444174,0.7270088,0.7202046,0.73338515,0.72445095,0.7463008,0.71033126,0.7326627
TC-JOURNEY-003,0.74874663,0.7638143,0.773616,0.75029695,0.75791115,0.7315435,0.74431026,0.76476073,0.75516033,0.77071655,0.75057137,0.7512546,0.7694034,0.77309906,0.76787275,0.7418813,0.72267234,0.73007154,0.7302816,0.71519274,0.71994066,0.73490965,0.7288781,0.7351149,0.7221706,0.76977074,0.7505384,0.7653183,0.77595466,0.75187135,0.75961715,0.7285194,0.7270554,0.7272625,0.7239958,0.7244341,0.7266721,0.72906184,0.7248995,0.7269592,0.7288518,0.71543485,0.7413678,0.7410389,0.7377009,0.72789,0.72326756,0.7240617,0.7126773,0.7010848,0.72071713,0.7117096,0.7266252,0.6968084,0.7225649,0.7295534,0.7630502,0.75290847,0.7703469,0.7475078,0.74814737,0.7670897,0.77170116,0.7659053,0.7423289,0.7190004,0.7288343,0.7281724,0.71393096,0.7181612,0.7345859,0.72991157,0.7375054,0.7218624,0.7686409,0.7498913,0.76272064,0.77507,0.7498883,0.7577326,0.72498417,0.72479,0.72496057,0.72254467,0.722644,0.72448397,0.7263816,0.7231293,0.7251162,0.7263608,0.71319366,0.7397236,0.73800105,0.7341139,0.7252171,0.72018445,0.7176122,0.71353626,0.70071274,0.717861,0.7072519,0.7257744,0.69354606,0.720593,0.7465262,0.7310239,0.76435757,0.7555922,0.7714438,0.7490036,0.75074583,0.7691517,0.7727293,0.768494,0.74171793,0.72239506,0.7310339,0.73061645,0.7158856,0.7198447,0.734332,0.72832155,0.7355431,0.72170806,0.76929384,0.7504433,0.76577175,0.7751763,0.7523542,0.75836515,0.72833306,0.7267036,0.7273495,0.7238591,0.72424537,0.7264129,0.7286813,0.7248327,0.7267453,0.7281666,0.71492267,0.7426269,0.7430489,0.73761106,0.7278042,0.72244453,0.72345364,0.71185035,0.7015406,0.72038674,0.71155924,0.72658753,0.696272,0.72159165,0.74384135,0.7654569,0.7555689,0.77166915,0.7501774,0.75113887,0.7700584,0.7744386,0.7685679,0.7106981,0.69918513,0.7190461,0.70982987,0.72571623,0.69563574,0.72062445,0.76617724,0.7568083,0.7723969,0.75286955,0.75282806,0.7717291,0.7749281,0.7703679,0.75143284,0.7665784,0.77626896,0.75116396,0.75803906,0.7136686,0.70260584,0.719382,0.7122188,0.72762394,0.697663,0.7223546
TC-STATISTICS-001,0.76560473,0.77419245,0.7491671,0.7569626,0.7365199,0.7566415,0.7895156,0.76940453,0.7715906,0.76292956,0.76204324,0.7619225,0.764585,0.7674403,0.7735101,0.74006724,0.72456765,0.73228556,0.7262684,0.70779234,0.7104645,0.7365092,0.72187585,0.749511,0.7272142,0.7717969,0.7671545,0.7752069,0.75147086,0.7572626,0.7376296,0.7530216,0.7449468,0.74475074,0.7432245,0.7429402,0.7452691,0.74960613,0.7433116,0.74894905,0.74643093,0.74736106,0.76189625,0.74687374,0.73902583,0.74692845,0.7322711,0.76049113,0.80996203,0.79944813,0.8186717,0.8080983,0.81563425,0.80226886,0.83561873,0.7489275,0.7674382,0.7680771,0.7621676,0.7606168,0.75930667,0.7625474,0.76593816,0.77189064,0.73836696,0.71853185,0.72770584,0.72090125,0.7032871,0.705428,0.7325226,0.72012395,0.74676716,0.7213093,0.7671789,0.7641611,0.77125376,0.7484881,0.7531711,0.73323286,0.74860126,0.738779,0.7385677,0.73758364,0.73695207,0.7389041,0.7426063,0.7375849,0.74235463,0.740057,0.741236,0.75857455,0.7427829,0.73322296,0.7412752,0.72682726,0.7520725,0.8039507,0.78951955,0.8098694,0.79826516,0.80909836,0.7945789,0.82627237,0.78386533,0.75533867,0.76919806,0.7718551,0.7646997,0.7617685,0.7626149,0.76536256,0.76770675,0.7753492,0.73994136,0.7248576,0.73382556,0.7270727,0.7088754,0.71084017,0.7362532,0.72131866,0.74949753,0.72671145,0.7714368,0.7670792,0.7760659,0.7505382,0.75813395,0.736146,0.75430036,0.7454049,0.74578524,0.7439147,0.74353075,0.7458354,0.7500433,0.7441491,0.74955887,0.74672794,0.7474544,0.76347554,0.7492281,0.73939085,0.74751776,0.7318009,0.76038283,0.81048274,0.80110687,0.81951237,0.80846447,0.8165418,0.8026618,0.8357873,0.7887777,0.7687764,0.7714814,0.7632207,0.76129603,0.7619904,0.7646663,0.768083,0.77415586,0.81334585,0.8032812,0.82184285,0.81151724,0.8197305,0.805679,0.8377069,0.7698303,0.7724226,0.76450396,0.7634671,0.76290554,0.76688087,0.76945466,0.7756085,0.7682133,0.77616286,0.75187886,0.7574899,0.7362489,0.810813,0.8005029,0.81794775,0.8085505,0.8169577,0.80311215,0.8359202
TC-STATISTICS-002,0.7577728,0.76781,0.758134,0.754026,0.74750966,0.7447555,0.7718131,0.7547468,0.75760496,0.75109583,0.7481754,0.75256264,0.75085026,0.7537483,0.7606809,0.7387971,0.72756225,0.7396207,0.7339072,0.7079399,0.71063995,0.74255776,0.7278569,0.72904974,0.7193796,0.7585616,0.75911033,0.7687934,0.7601474,0.75414395,0.748301,0.74486357,0.7379862,0.73748386,0.7359412,0.7354869,0.7376691,0.74129194,0.7360866,0.7403447,0.73950875,0.7335278,0.7489619,0.7430055,0.73145574,0.73948014,0.7324991,0.7444797,0.8026314,0.7958319,0.8161431,0.802522,0.8098823,0.7959033,0.83068544,0.7363971,0.75300807,0.75406337,0.7504134,0.74642515,0.7494541,0.7486813,0.7520522,0.75905424,0.73693025,0.72151273,0.7349681,0.7285316,0.70354795,0.70578784,0.7382565,0.7256223,0.72619015,0.7136053,0.75359774,0.7555984,0.7642971,0.7560386,0.7493747,0.74376225,0.73994225,0.73083127,0.73041093,0.7294311,0.72871035,0.7305302,0.73360825,0.72954345,0.7331709,0.7322085,0.7272186,0.7454926,0.7386024,0.72529095,0.7336555,0.7267265,0.7362058,0.7957667,0.7852117,0.8068943,0.792364,0.80245113,0.7875749,0.8207104,0.766073,0.74354696,0.7545643,0.7577874,0.7527353,0.7478252,0.75323063,0.7514061,0.7538771,0.76210374,0.73876095,0.72789425,0.74098444,0.734599,0.7089235,0.71093595,0.74224365,0.7273109,0.7287774,0.71862745,0.75787127,0.7589463,0.76940906,0.7592628,0.7549197,0.7469627,0.74604815,0.73827475,0.73837024,0.73655844,0.7360548,0.73823434,0.74170566,0.7368604,0.74092126,0.7397412,0.7336102,0.7503387,0.74528396,0.73187107,0.7400373,0.7321884,0.74442405,0.80311024,0.7972317,0.81701624,0.80281454,0.81072915,0.7962699,0.8310127,0.7710322,0.7543523,0.75760573,0.7515575,0.74750394,0.7528757,0.7511258,0.75451493,0.76146126,0.8064454,0.8002125,0.81970906,0.80647933,0.8144351,0.7997337,0.83322024,0.75523865,0.7584157,0.7526604,0.74945605,0.75336397,0.75303096,0.75555956,0.76272994,0.7599932,0.76931375,0.7603158,0.7540438,0.7469047,0.8033476,0.79651225,0.8148304,0.8025925,0.810778,0.7964428,0.83057845
TC-PROFILE-001,0.8634435,0.90037817,0.81728804,0.88674766,0.8043909,0.7645049,0.7923668,0.7777525,0.7802063,0.78622985,0.77798116,0.7931037,0.77361846,0.78112674,0.79339075,0.7941481,0.77462864,0.78501403,0.77271485,0.7677496,0.7624396,0.7854051,0.7782879,0.7687406,0.74333537,0.7699299,0.8626143,0.8986441,0.81671476,0.8854052,0.8035441,0.8024753,0.80304456,0.80136466,0.8005789,0.800873,0.8020248,0.8037971,0.80060554,0.80457246,0.8037484,0.7420205,0.7553614,0.7293552,0.75119203,0.7465861,0.73187387,0.7507106,0.7584375,0.74600667,0.7663046,0.76232934,0.7894975,0.75108737,0.7803979,0.7619146,0.7765952,0.77842396,0.7858108,0.77652824,0.7906313,0.772684,0.78023237,0.79249763,0.7938675,0.77094424,0.78188884,0.7687451,0.76485735,0.7593312,0.7828265,0.77794343,0.76978654,0.74230075,0.7704631,0.85929465,0.8945174,0.8152247,0.88034,0.7999484,0.79965925,0.7989907,0.7974963,0.7970617,0.79705036,0.7979281,0.79959977,0.7970653,0.8004652,0.79968977,0.7391332,0.7553459,0.72792745,0.74761,0.74297863,0.7291509,0.7454214,0.7589738,0.74411476,0.76544774,0.7591292,0.7883872,0.75042945,0.7787355,0.79232246,0.7634256,0.7770499,0.7799334,0.78653884,0.7763137,0.792434,0.7728988,0.78046507,0.79357517,0.7942668,0.7742611,0.7857404,0.77292883,0.7681025,0.76225066,0.7846327,0.7779251,0.7684396,0.7425041,0.76940864,0.8625288,0.89930344,0.81596637,0.88630223,0.80242497,0.80259824,0.8029978,0.8018039,0.8006102,0.80084693,0.8018851,0.8037662,0.80073404,0.8043957,0.803588,0.74128944,0.7568656,0.7320281,0.7510308,0.7466565,0.7308592,0.7503464,0.75803375,0.74736917,0.76670074,0.76238245,0.7900238,0.75081813,0.7802721,0.7915565,0.7767477,0.77965915,0.7858931,0.7766263,0.7924212,0.77293974,0.78081036,0.7935351,0.7563619,0.7437586,0.7648598,0.76051915,0.7880936,0.74982154,0.77824616,0.77754086,0.77972716,0.7868183,0.7785026,0.7930708,0.7746422,0.78175557,0.79439306,0.8625126,0.89742553,0.81667733,0.8834613,0.8003188,0.7591628,0.7474607,0.76356566,0.76161534,0.7902604,0.7510475,0.7801436
TC-PROFILE-002,0.8327327,0.82413435,0.9084513,0.81303006,0.8960546,0.73974395,0.75187474,0.7593032,0.75965583,0.76344514,0.7499675,0.7698742,0.7627423,0.76346534,0.7519815,0.812028,0.7934214,0.79844713,0.79038733,0.77025163,0.7688358,0.80414855,0.79524183,0.74670446,0.7318895,0.7571289,0.8318168,0.8227583,0.9072982,0.8124876,0.8946364,0.7683385,0.766299,0.7636163,0.76324534,0.76357967,0.76526386,0.7666478,0.76380277,0.76628625,0.76611906,0.71374524,0.7341568,0.72623694,0.73286754,0.7217698,0.7201224,0.7148168,0.7237771,0.74258685,0.7332278,0.7226295,0.7179442,0.7072196,0.72922885,0.73661447,0.75881094,0.7581866,0.7628931,0.74806714,0.7671594,0.76180685,0.762331,0.7525293,0.8100982,0.78904015,0.7947329,0.7860223,0.7666321,0.7652321,0.80110216,0.7940885,0.7471495,0.7299434,0.7550948,0.8267683,0.81811255,0.9016852,0.80737686,0.8910588,0.76408046,0.7614041,0.7591656,0.75900686,0.75913656,0.760478,0.7617209,0.75953984,0.76175165,0.76155066,0.7097695,0.7322182,0.7232357,0.72829056,0.7179089,0.71610385,0.709061,0.72333044,0.7388613,0.7317475,0.7194066,0.7177821,0.70576185,0.72683656,0.7517119,0.738557,0.7590835,0.75976014,0.7642489,0.74899,0.7699098,0.7625334,0.7631757,0.75280774,0.8124225,0.79299796,0.79899746,0.790398,0.77052844,0.7685492,0.803299,0.794698,0.74653614,0.730883,0.7561782,0.8321166,0.8232612,0.9077709,0.8130935,0.8942206,0.7681685,0.7659614,0.7638195,0.7630552,0.76336765,0.7649248,0.7663797,0.7636925,0.7660366,0.76574016,0.71283203,0.73503166,0.7284008,0.732638,0.7217173,0.7190188,0.71430045,0.7232817,0.74350774,0.73349214,0.7224804,0.7183612,0.7067372,0.72865146,0.75018895,0.759059,0.7595602,0.7634193,0.7492311,0.7700763,0.76283896,0.76365817,0.7525484,0.72206795,0.74046403,0.7317732,0.72107995,0.7177509,0.70624524,0.72742146,0.75892764,0.7592114,0.7640326,0.750454,0.76962906,0.763585,0.76419187,0.75309193,0.8313674,0.82113546,0.90723324,0.8096708,0.89214706,0.7244539,0.74308217,0.7298062,0.72094107,0.7187292,0.7061129,0.72870886
TC-PROFILE-003,0.8207434,0.8401386,0.7938308,0.83032584,0.7839427,0.74314964,0.7713445,0.7617634,0.7577485,0.767158,0.75468767,0.7656869,0.7629599,0.7661446,0.7673949,0.7603582,0.739699,0.7528517,0.74509835,0.7263016,0.72611237,0.75604767,0.7441998,0.7387067,0.7187396,0.7692935,0.82070994,0.8395672,0.79443365,0.8298955,0.78395855,0.7726596,0.7726798,0.77245283,0.7709134,0.7712894,0.7726017,0.77554137,0.77226514,0.77457,0.7740568,0.72483724,0.7465651,0.7208122,0.73588306,0.7300759,0.717355,0.7332025,0.7295508,0.7258645,0.75075984,0.7345467,0.7471696,0.72834146,0.75004435,0.7372858,0.75899166,0.75462884,0.7659926,0.75262576,0.7621312,0.76047665,0.76411796,0.7653359,0.7582162,0.73280144,0.7469515,0.7383258,0.7205007,0.72001517,0.75068176,0.74182034,0.73794806,0.7143749,0.76607543,0.815552,0.8337052,0.7906343,0.8230823,0.7791154,0.76839256,0.76622385,0.7659688,0.76490366,0.76491725,0.7660842,0.76858795,0.76595014,0.76810646,0.76748264,0.7198341,0.7438356,0.71644735,0.7306208,0.7246727,0.7126204,0.7251508,0.72884333,0.72138953,0.7470135,0.7289938,0.74430424,0.72547805,0.74591994,0.76776737,0.7421121,0.7611052,0.7574271,0.7676728,0.7534149,0.7650754,0.76257527,0.76553124,0.76818323,0.760338,0.73912656,0.75345975,0.7451306,0.7265945,0.72574663,0.7552313,0.7435534,0.73807395,0.71756756,0.7682202,0.81994957,0.8396039,0.79298973,0.8304137,0.78233826,0.7727282,0.7725704,0.7728173,0.7708799,0.77120316,0.7724968,0.7754306,0.77234316,0.7745489,0.7737324,0.7240644,0.74755216,0.7227514,0.73547304,0.7297737,0.7161658,0.7323942,0.72844917,0.7264204,0.7504687,0.7341875,0.74722165,0.72773004,0.749172,0.7707469,0.7610632,0.7575016,0.7672521,0.75395894,0.76557285,0.7630194,0.76663744,0.76801,0.72722524,0.72365224,0.7489564,0.7327894,0.74589986,0.72713447,0.74782485,0.7627032,0.7586714,0.76842713,0.75661105,0.76681423,0.7652096,0.7676798,0.7696444,0.82160044,0.84028226,0.79486,0.82927686,0.78161824,0.73062015,0.7278693,0.7491916,0.7352834,0.7489017,0.72955453,0.7505778
TC-LOGIN-001,0.84470975,0.83504987,0.85008466,0.8255342,0.8390677,0.7953765,0.7962328,0.78,0.7792753,0.78741634,0.7805566,0.79761696,0.7862854,0.78951085,0.779296,0.8795408,0.85437435,0.83755934,0.8443633,0.828319,0.8399683,0.84885347,0.84884,0.7925923,0.75331146,0.7815372,0.8464591,0.83604157,0.85188085,0.82598525,0.84002924,0.8274823,0.8234199,0.8215039,0.81991404,0.82141525,0.8232705,0.8230204,0.8200042,0.8245226,0.8226409,0.7618563,0.77342933,0.74066925,0.74495775,0.7545764,0.73573583,0.7583133,0.77558935,0.76231015,0.7784488,0.77981853,0.7685575,0.7587582,0.7755563,0.78773177,0.7770122,0.7762134,0.7860879,0.77833277,0.7933675,0.7843959,0.78699857,0.7783642,0.8763813,0.8481302,0.83047456,0.83690125,0.8217559,0.8333322,0.8442287,0.8461043,0.7887927,0.7487408,0.7782026,0.8417283,0.83169806,0.84899753,0.81895113,0.8369367,0.82283187,0.81630623,0.814695,0.8134792,0.8145046,0.8159683,0.8159101,0.81360805,0.8174679,0.81586945,0.75595695,0.77069163,0.73664856,0.73978925,0.74983186,0.73095465,0.7504589,0.7729869,0.7567858,0.776281,0.7742283,0.7659726,0.7564044,0.77190924,0.79232836,0.7941107,0.778568,0.7786003,0.788086,0.7793819,0.7971984,0.7859206,0.78842634,0.78001225,0.87947303,0.8543377,0.83807796,0.84421635,0.8287599,0.8396828,0.8480537,0.84825534,0.79162216,0.7518273,0.7803366,0.84631974,0.83624434,0.85148084,0.82614183,0.83837736,0.82779866,0.82340497,0.8220501,0.8202023,0.82154894,0.8233251,0.8231801,0.8203658,0.8245698,0.8227216,0.7608778,0.77377725,0.7423977,0.74432427,0.75429535,0.7342869,0.7575706,0.77483094,0.7630864,0.77884483,0.7800078,0.7689431,0.758399,0.77500886,0.79398084,0.7781756,0.7780534,0.7867105,0.7792641,0.7971941,0.78565276,0.7889588,0.77929395,0.7724633,0.7588782,0.7763527,0.7772327,0.7671684,0.7569531,0.772725,0.7788638,0.77786547,0.78761476,0.78052276,0.796912,0.7870971,0.7897325,0.7799531,0.84605336,0.8353324,0.8515333,0.82361,0.8374783,0.7759063,0.7625317,0.77554953,0.7784052,0.76893854,0.7580932,0.7749282
TC-LOGIN-002,0.8138126,0.8054937,0.8231615,0.79454494,0.8110317,0.76608694,0.7816676,0.76661515,0.7633606,0.7715919,0.76143795,0.7796296,0.7715131,0.7740412,0.758799,0.8703414,0.8968029,0.83912617,0.8425609,0.8678423,0.8740855,0.8504134,0.8455018,0.7706949,0.75925577,0.76291394,0.8156417,0.80714166,0.8251318,0.795426,0.81228775,0.7864065,0.7879064,0.7855105,0.7830296,0.7854384,0.78702843,0.78630465,0.78425306,0.7874951,0.7864857,0.7398276,0.747893,0.72430134,0.7285367,0.73258907,0.7175382,0.72698057,0.75058895,0.746029,0.75549316,0.75693595,0.7432223,0.74137425,0.7516221,0.7590963,0.7636111,0.7600138,0.77015114,0.7591693,0.7754973,0.7693671,0.77174616,0.75813407,0.86686325,0.89024425,0.8311548,0.83415896,0.8596635,0.86590075,0.8448546,0.84173715,0.76656413,0.75462365,0.7592615,0.8111889,0.80261827,0.8217825,0.7884969,0.80933464,0.78273934,0.7811432,0.77921045,0.77725625,0.77908164,0.78039014,0.77983356,0.7782762,0.78120637,0.7802856,0.73426455,0.7459334,0.72041327,0.7240135,0.72790575,0.7132237,0.7200049,0.7484497,0.7401931,0.75345665,0.7517586,0.7408284,0.7397911,0.7484063,0.7779467,0.7650554,0.76574546,0.7629206,0.7724871,0.76054454,0.7793803,0.7710678,0.773249,0.7593699,0.8705933,0.89676976,0.83940417,0.8423762,0.8673915,0.8734593,0.84943163,0.844888,0.76980114,0.75761086,0.76156354,0.81560314,0.80696046,0.8245938,0.79556,0.81053436,0.7867733,0.7878022,0.78607666,0.7833962,0.7855793,0.78709465,0.78655016,0.7846003,0.7875809,0.78666,0.73914665,0.7480482,0.7258622,0.72822607,0.7323596,0.7163523,0.7263174,0.7500057,0.7464128,0.7557466,0.75697935,0.74350595,0.74093366,0.7511201,0.78005505,0.7651427,0.7625314,0.7713234,0.76053554,0.7796967,0.7712822,0.77373564,0.7590481,0.7480588,0.7428707,0.75374436,0.7547805,0.7421999,0.7398543,0.74916345,0.7663018,0.7626614,0.77233183,0.76190233,0.77935135,0.77278364,0.77475,0.7599999,0.81565887,0.80691093,0.82495284,0.79328877,0.80984616,0.75128627,0.7464949,0.7528491,0.7558513,0.7439054,0.7409333,0.75121105
TC-EMISSIONS-001,0.7695819,0.76397824,0.75444794,0.75297004,0.7405953,0.7671158,0.7735077,0.74958396,0.78817636,0.7570366,0.7755183,0.7448171,0.75613046,0.75522506,0.7766902,0.74463075,0.7286757,0.73047256,0.7260775,0.7224341,0.7256224,0.7332339,0.7282171,0.76178646,0.73445064,0.7645289,0.77121043,0.7652235,0.75680363,0.75456756,0.7419891,0.7577642,0.75325483,0.7537623,0.75144285,0.7506393,0.7545285,0.7526957,0.74932605,0.75457895,0.7529536,0.7521795,0.77468646,0.75871706,0.75725293,0.77077216,0.7559664,0.79333186,0.7444774,0.7368293,0.74824834,0.74835074,0.74785745,0.7314902,0.7508126,0.7710569,0.7528918,0.7901298,0.75991726,0.77667224,0.7475976,0.7597963,0.7582377,0.77887726,0.7465053,0.7310909,0.73467094,0.7294093,0.7252862,0.72800696,0.7375381,0.7310195,0.7672346,0.738904,0.76755,0.7724376,0.7666276,0.75902665,0.7559782,0.74388343,0.7589357,0.75502384,0.7555249,0.75390565,0.7530594,0.75627005,0.7549204,0.75218344,0.7567183,0.755081,0.7525471,0.774891,0.7585124,0.7573137,0.7710346,0.756123,0.7916283,0.7480242,0.73951507,0.7511948,0.75048786,0.7518395,0.7334734,0.7537979,0.78222615,0.76673985,0.749519,0.78905034,0.7582891,0.7753108,0.7455181,0.75753486,0.75551164,0.7783637,0.7444292,0.7298901,0.7321516,0.72698045,0.72409797,0.72645473,0.733582,0.72785795,0.7619177,0.7337309,0.76397496,0.7712274,0.76530445,0.75606346,0.7551423,0.74088526,0.75807506,0.75289315,0.753744,0.75126237,0.7504241,0.7542404,0.7524364,0.7493346,0.7543133,0.7521803,0.7520797,0.7757895,0.76057035,0.7571164,0.77128166,0.75528705,0.7935747,0.74449086,0.7381823,0.7485542,0.748455,0.7479862,0.7308476,0.7498128,0.77217764,0.7490479,0.7885325,0.7570988,0.77582943,0.74509215,0.7566826,0.75552326,0.7775872,0.74265015,0.73505896,0.7471391,0.74663246,0.7468729,0.7298687,0.74877167,0.74899197,0.788992,0.7579098,0.7760484,0.74482167,0.75738764,0.7562802,0.77760327,0.7710242,0.76416314,0.7567628,0.7518806,0.73944956,0.7448149,0.737651,0.7459191,0.7473018,0.74814934,0.73059136,0.75038517
TC-EMISSIONS-002,0.7227154,0.71403724,0.7080277,0.7042953,0.6933855,0.7271615,0.72891057,0.7148275,0.7403058,0.7218727,0.7220433,0.7017103,0.721477,0.7219757,0.7237567,0.7193382,0.7493246,0.7078271,0.7014712,0.75927615,0.75515825,0.70513,0.7047945,0.7181153,0.7006636,0.7192505,0.72404563,0.71552306,0.71015656,0.70563155,0.6948137,0.70489705,0.7084811,0.70819896,0.7054421,0.70554996,0.709981,0.7074532,0.70541096,0.7081779,0.7071142,0.7102294,0.72756934,0.72586626,0.7191979,0.7274301,0.7197727,0.73586214,0.70058626,0.69821215,0.7079152,0.7113571,0.7037327,0.70410734,0.7093431,0.7296632,0.71732134,0.7418576,0.72422117,0.7229553,0.70379615,0.7237107,0.724334,0.72571087,0.7200502,0.7518599,0.7103244,0.70305955,0.7595473,0.7549876,0.70848835,0.706234,0.7231156,0.7057725,0.7219792,0.7255204,0.7166861,0.7119728,0.70599025,0.69659925,0.7060098,0.7097847,0.709731,0.707712,0.7077611,0.7114699,0.70944756,0.7077825,0.710276,0.70911324,0.710378,0.7286085,0.7250507,0.71974826,0.7276648,0.71986073,0.734468,0.7039429,0.7002424,0.7102951,0.7130838,0.7071516,0.70574117,0.71238744,0.7370568,0.72707075,0.7152503,0.7414557,0.72373295,0.7218727,0.7026297,0.72254074,0.7227261,0.7253124,0.71989244,0.751211,0.7095212,0.7027532,0.7604705,0.75614905,0.7054782,0.70481664,0.7184327,0.6997046,0.7187129,0.7244998,0.7154327,0.709775,0.7067367,0.6942304,0.70538205,0.70841855,0.7085572,0.70577896,0.70582545,0.7101153,0.7076722,0.7058385,0.7084098,0.70692444,0.710689,0.7282492,0.7272864,0.7196857,0.72823834,0.7196029,0.73633003,0.7007721,0.69919133,0.7083576,0.7116515,0.7037149,0.7033321,0.70828843,0.72809136,0.71450496,0.7409365,0.72243345,0.7226113,0.7023291,0.72243226,0.72264326,0.7247228,0.698733,0.6957009,0.7065922,0.70931226,0.7019917,0.7020844,0.7071512,0.7157167,0.74252206,0.72383755,0.72376776,0.7029876,0.7238935,0.72409606,0.72588253,0.72557944,0.7166935,0.7112515,0.7047601,0.69331527,0.702456,0.700027,0.70706195,0.711983,0.7049823,0.7048644,0.7101306
TC-EMISSIONS-003,0.7374543,0.7317403,0.7402829,0.7212283,0.72364414,0.7472226,0.7582643,0.7259681,0.7579264,0.73577917,0.7423942,0.72367954,0.735252,0.7373339,0.7469524,0.7297404,0.7238401,0.742283,0.7361767,0.7144831,0.7173656,0.74074566,0.7319432,0.72954404,0.72861636,0.7426395,0.7395003,0.7335515,0.7432299,0.72312915,0.7252897,0.7368404,0.7304062,0.73283833,0.72955006,0.7283756,0.7323495,0.7306544,0.72769135,0.7315294,0.73169935,0.7280253,0.75615907,0.7549293,0.74536985,0.7567736,0.74904644,0.7667482,0.72015,0.7155259,0.73008233,0.7253821,0.7262127,0.706521,0.72720873,0.747249,0.72741884,0.7580234,0.73729575,0.7424557,0.72418666,0.736837,0.73892444,0.7483364,0.72992885,0.72404253,0.74307156,0.73629326,0.71481764,0.7172874,0.7423414,0.73264897,0.7325756,0.7304073,0.74312496,0.7391657,0.7331114,0.7428304,0.7215473,0.725129,0.73583174,0.72917414,0.731129,0.72873473,0.72762394,0.7308917,0.72955716,0.7271583,0.7305585,0.7303531,0.72627676,0.75579983,0.7528511,0.74390644,0.75528693,0.74724305,0.76303005,0.72158265,0.7156481,0.7299435,0.72391057,0.72743315,0.7059905,0.7270143,0.76361024,0.7468641,0.7258159,0.75854194,0.7374084,0.74192744,0.7243087,0.7366749,0.7378732,0.74865806,0.7294616,0.72469926,0.74344844,0.7367615,0.7156986,0.7178285,0.74098706,0.73136663,0.72908604,0.7275971,0.7415612,0.73900586,0.7330918,0.7418788,0.7232237,0.72381485,0.73735464,0.7299676,0.7326032,0.72932243,0.7281387,0.7320498,0.7303566,0.7276424,0.73121715,0.73086995,0.7279368,0.7572938,0.7566538,0.7453549,0.757282,0.7485728,0.766862,0.7198752,0.7163691,0.73011637,0.72528243,0.7261194,0.7056446,0.7261399,0.7568833,0.7254558,0.75810236,0.73607326,0.74273694,0.7242142,0.7361536,0.73796076,0.7480229,0.7182026,0.71350366,0.72886086,0.72384083,0.72535014,0.70510614,0.72536945,0.72634965,0.75923157,0.73738796,0.743747,0.7247918,0.73754567,0.73915493,0.74904203,0.74056405,0.7339228,0.7438822,0.7216749,0.72372365,0.7211796,0.7167831,0.7287055,0.725199,0.7271371,0.7067849,0.7273485
TC-EMISSIONS-004,0.71990484,0.71254814,0.7132832,0.69980204,0.6956284,0.7166419,0.73682404,0.70995843,0.73628944,0.7161902,0.7206021,0.6939513,0.71836954,0.7177613,0.72357106,0.7118902,0.72278565,0.7114696,0.7065816,0.7224059,0.7230608,0.7126148,0.7081715,0.7127966,0.7061964,0.7137743,0.7212937,0.713929,0.7154168,0.7015085,0.6969096,0.70131373,0.6998664,0.7010881,0.70204645,0.69833446,0.7031741,0.70119256,0.69762677,0.7029299,0.7003814,0.7110178,0.7277061,0.7247633,0.72103226,0.73090476,0.7226812,0.7457123,0.7011022,0.70750785,0.70580536,0.7170681,0.70654744,0.692847,0.70873916,0.7188916,0.712404,0.73785055,0.71877056,0.7216643,0.6959234,0.7207413,0.7202501,0.72578084,0.71272635,0.7249465,0.7145699,0.70849085,0.72428733,0.7244799,0.7159971,0.7096553,0.71721685,0.70996183,0.71540505,0.7216088,0.7148995,0.7164739,0.7008984,0.6984499,0.70239234,0.7008796,0.702017,0.70298505,0.69987386,0.70391315,0.7022997,0.6994103,0.70397246,0.70162046,0.710835,0.7283927,0.7240073,0.7209465,0.73095113,0.7224669,0.7436471,0.7041815,0.70939004,0.70840514,0.7178305,0.7099546,0.69502544,0.7109858,0.74362063,0.71687114,0.71074176,0.73789126,0.71828616,0.7209595,0.6953466,0.72033226,0.718869,0.7258212,0.7123687,0.72470516,0.71366763,0.7081561,0.7242002,0.7244129,0.7135912,0.70836675,0.71351373,0.7060022,0.7135442,0.7221121,0.7144966,0.7153203,0.7026005,0.6965126,0.7024052,0.70035136,0.7018477,0.702515,0.6989814,0.7037158,0.7017448,0.6984379,0.7035081,0.70042896,0.7118232,0.72920704,0.7267542,0.72154605,0.732209,0.7228755,0.74669033,0.7016394,0.70900077,0.70661414,0.7175602,0.7070861,0.69260585,0.70817477,0.73645604,0.70960414,0.73684967,0.7165255,0.72130513,0.69450617,0.7192471,0.71834815,0.72462106,0.6998328,0.706048,0.7049752,0.715648,0.70556307,0.6916435,0.70702875,0.7108377,0.738433,0.7181678,0.72244513,0.69547063,0.72097766,0.72019446,0.7258346,0.72277963,0.71488756,0.7164805,0.7006589,0.69599676,0.70254266,0.709491,0.7055541,0.7179119,0.7079086,0.6938399,0.70963985
TC-EMISSIONS-005,0.75391245,0.74682105,0.7465242,0.73020494,0.72802746,0.74525756,0.7492364,0.7356469,0.76254535,0.75069773,0.7463435,0.7301016,0.744601,0.7447689,0.7512215,0.74446404,0.75194204,0.7404712,0.73448503,0.752416,0.7496302,0.7408685,0.74044794,0.73008466,0.72036445,0.72739935,0.75450754,0.74713767,0.7477926,0.73086315,0.7287478,0.7250331,0.72695184,0.72779536,0.72663486,0.7294351,0.73023635,0.7279325,0.72683144,0.72987115,0.72677845,0.7316139,0.7466128,0.74438536,0.7442366,0.75263405,0.73851824,0.75407255,0.7376039,0.73433447,0.73288316,0.7473395,0.74373126,0.7243713,0.7442731,0.74728364,0.73793364,0.7636887,0.7526709,0.7472487,0.73191565,0.74693036,0.74680847,0.7535795,0.7453717,0.7547958,0.7439418,0.7373328,0.7547527,0.7520566,0.74447846,0.741954,0.73434234,0.7243315,0.72999465,0.75515616,0.7482158,0.7493117,0.7315614,0.73044825,0.7263621,0.7287705,0.72948843,0.72870886,0.7309218,0.73165274,0.72972304,0.72883373,0.73153055,0.72893417,0.73161423,0.748429,0.74477035,0.74417084,0.75257754,0.7386434,0.75315404,0.7397969,0.7361687,0.7360545,0.7489691,0.7465546,0.7263156,0.7464839,0.75700074,0.7454665,0.7367058,0.76416063,0.7527506,0.7468027,0.73145866,0.74642485,0.746056,0.7532791,0.74498653,0.7535521,0.74231994,0.7358985,0.75402844,0.75078946,0.7415441,0.7406928,0.73066497,0.71983826,0.7271717,0.75561756,0.74812466,0.7479025,0.7321706,0.72826546,0.72570574,0.72753066,0.72851723,0.72719014,0.7297653,0.7307498,0.7284229,0.72743624,0.73037803,0.72696364,0.7321487,0.7484216,0.7465561,0.74480605,0.7535185,0.7384899,0.7548634,0.7382367,0.73597634,0.73377246,0.7482565,0.74418116,0.72407657,0.7440007,0.7488166,0.73603684,0.7636386,0.7516084,0.7474275,0.7312622,0.74612725,0.74582535,0.7528362,0.7358962,0.73227465,0.7315476,0.7454237,0.7420819,0.7222641,0.74209493,0.7366056,0.7647138,0.75259376,0.74803716,0.7314625,0.74704564,0.7467767,0.753332,0.75577044,0.7476665,0.7487426,0.72981006,0.7271789,0.7394382,0.7362716,0.7321593,0.7476296,0.74494994,0.7249655,0.745057
TC-EMISSIONS-006,0.75111353,0.74816227,0.74070656,0.7412776,0.7299888,0.7435924,0.7362288,0.72944593,0.7704558,0.73813146,0.757054,0.72917277,0.740091,0.7358339,0.7601941,0.7170972,0.6992269,0.7070281,0.699323,0.69487387,0.69707274,0.707723,0.70645535,0.7249299,0.70461416,0.7358731,0.75213844,0.7490678,0.74266493,0.7429859,0.73122996,0.7368001,0.7298236,0.7304074,0.72853017,0.7285396,0.7341048,0.7290461,0.7267825,0.73097575,0.72986114,0.7215992,0.743235,0.7323203,0.73075795,0.74201626,0.7293672,0.7648624,0.72966814,0.7266221,0.7352772,0.732034,0.7365551,0.7171175,0.73531145,0.75028074,0.7341523,0.77381134,0.7416497,0.7593541,0.7334945,0.7450543,0.7399886,0.7631865,0.7200175,0.7042701,0.7136823,0.7051953,0.69978005,0.70151365,0.7140263,0.71038365,0.73329633,0.71168894,0.7403197,0.75459373,0.7512802,0.7458191,0.7458947,0.7339596,0.7397984,0.7335287,0.7340957,0.732821,0.73264486,0.7372808,0.73322594,0.7313096,0.7351097,0.7338537,0.7235563,0.74463356,0.7334416,0.73242706,0.74389017,0.730857,0.7648289,0.7348868,0.73137057,0.7402797,0.73663837,0.7420568,0.72060424,0.739885,0.7486849,0.7437649,0.7299167,0.7718748,0.7393935,0.75717366,0.7302824,0.7421018,0.73666656,0.76188815,0.7174896,0.7013453,0.70904446,0.7006654,0.6971368,0.6984633,0.70845294,0.7062233,0.7257278,0.7045257,0.7355387,0.75276387,0.7493715,0.74243164,0.74406683,0.73075527,0.7370084,0.7294649,0.7302841,0.7282455,0.72817564,0.733547,0.7287318,0.7266585,0.7306853,0.7289984,0.7216428,0.74496984,0.73454463,0.73084545,0.7426625,0.72866124,0.7654507,0.7302571,0.72811645,0.7357873,0.7322527,0.7366901,0.7161516,0.73437124,0.735345,0.72934294,0.7712594,0.7382811,0.75786424,0.7295886,0.7410705,0.73633504,0.7613059,0.7282324,0.72526115,0.7341687,0.730366,0.73543096,0.7156016,0.73343796,0.72943133,0.77191424,0.7392399,0.7581971,0.7298187,0.7418173,0.73721576,0.761506,0.752327,0.7484866,0.74315715,0.74012184,0.7290062,0.73034966,0.72796893,0.7329883,0.73132193,0.7370237,0.7164966,0.7352307
TC-EMISSIONS-007,0.76812637,0.7649458,0.74376523,0.7443521,0.72375876,0.75650334,0.7606205,0.7428399,0.772393,0.756696,0.7576959,0.7382591,0.75256604,0.7520779,0.76363,0.74138373,0.7384733,0.7542515,0.74419075,0.73354936,0.73239267,0.753296,0.7454921,0.74245137,0.7367178,0.7460676,0.7695671,0.76591384,0.745816,0.74536157,0.72509325,0.74337983,0.7423624,0.74252266,0.74125487,0.7408355,0.7441648,0.7453262,0.74053735,0.7434075,0.7422668,0.7586446,0.77979946,0.77169514,0.7702984,0.77827346,0.76906455,0.7888336,0.7506349,0.7455025,0.7459079,0.76546335,0.75918376,0.7432666,0.7673679,0.756506,0.7444694,0.77272415,0.7581303,0.75776577,0.73913914,0.75424254,0.75346774,0.76538247,0.7419343,0.73902965,0.7559998,0.7451947,0.73467064,0.7333514,0.75524384,0.74615175,0.7452218,0.7389435,0.74749154,0.769166,0.76581323,0.7466344,0.74499136,0.7257951,0.74333596,0.7423432,0.74261916,0.7418226,0.7412994,0.7440794,0.74508244,0.74120444,0.7438351,0.7426974,0.7570591,0.7801467,0.7709704,0.7690078,0.77735436,0.767891,0.7862027,0.7520571,0.7465776,0.74744827,0.7657908,0.76147246,0.7440437,0.7678317,0.76741314,0.7560345,0.7429298,0.773087,0.75836813,0.7574985,0.7389381,0.75389385,0.75244254,0.7653666,0.7411752,0.73950666,0.75570494,0.7450986,0.7348217,0.7331132,0.75344646,0.7453047,0.7419249,0.73552835,0.74528605,0.7697965,0.7661875,0.745154,0.74608004,0.7237774,0.74359274,0.7420635,0.7426369,0.7411825,0.74072504,0.7441068,0.7449683,0.7405789,0.7432791,0.74174756,0.7586565,0.7808114,0.7735654,0.7703335,0.7786933,0.76872605,0.78879285,0.75078595,0.74686897,0.7465222,0.7657686,0.7594956,0.7427476,0.7665422,0.7597997,0.7423978,0.77278394,0.7571077,0.7581061,0.7387617,0.7535502,0.7527678,0.7647324,0.7487818,0.7434988,0.74455255,0.7634549,0.7579414,0.7412896,0.76525676,0.74224716,0.7730761,0.7578307,0.75827813,0.73835844,0.75398993,0.753193,0.7647922,0.7697565,0.76507914,0.7457454,0.7435662,0.7225138,0.7515348,0.7466643,0.74428135,0.7646643,0.75986695,0.74297297,0.7673201
TC-EMISSIONS-008,0.7775162,0.77900404,0.76680225,0.7672789,0.752376,0.76802385,0.78944826,0.75749564,0.78962684,0.7669684,0.77329147,0.75223315,0.7632592,0.7649372,0.7790574,0.7562445,0.75025785,0.7481711,0.74099946,0.7414403,0.74206716,0.7500348,0.7447993,0.7644656,0.7431453,0.77270776,0.7791447,0.78050685,0.7691394,0.7690634,0.75394094,0.7736339,0.7715839,0.77155674,0.76864237,0.76899654,0.77223635,0.77073044,0.771018,0.7720295,0.7697709,0.7564727,0.78254247,0.76816374,0.76360905,0.77452946,0.7613341,0.78984475,0.75363684,0.7472359,0.7559417,0.75232,0.757506,0.7368324,0.7550428,0.77084124,0.76025736,0.7910905,0.7693195,0.7742507,0.7547991,0.7662474,0.76750106,0.780961,0.7578966,0.75172365,0.75120896,0.7431834,0.7433489,0.74357605,0.75313604,0.74668854,0.7697512,0.74694896,0.77478576,0.78055906,0.78146887,0.77090645,0.76973,0.754916,0.7744285,0.7723504,0.772293,0.7702552,0.77034074,0.7730142,0.77190244,0.7720262,0.7731889,0.7711775,0.75649345,0.78271776,0.7674209,0.7635043,0.7739366,0.7609347,0.78786826,0.7572286,0.74938786,0.757825,0.75421417,0.7608886,0.73863524,0.7578062,0.79630166,0.7671864,0.75731474,0.7903013,0.76815486,0.7726557,0.7525922,0.7642473,0.7650507,0.7803095,0.75591546,0.7507786,0.74942034,0.74154276,0.74235517,0.74234164,0.7499998,0.74391204,0.76411545,0.741844,0.7719538,0.77891827,0.7803242,0.76810896,0.76933813,0.7523871,0.7737453,0.77097094,0.77127457,0.76836085,0.768619,0.77176106,0.7702902,0.7706093,0.7715535,0.76906466,0.7559806,0.78303915,0.769573,0.76331186,0.7744881,0.7603603,0.7896745,0.7533895,0.7479551,0.75576335,0.7520098,0.7573335,0.73573846,0.75369835,0.7879901,0.75722927,0.7901857,0.76742065,0.77391326,0.7530703,0.7640674,0.7656839,0.78019243,0.7515342,0.74482137,0.7545063,0.75033534,0.75605476,0.7348949,0.75279236,0.75687605,0.79019713,0.76784265,0.7737187,0.7520548,0.7643111,0.76585966,0.78005254,0.77907056,0.7795425,0.76906484,0.7663903,0.7512222,0.7540207,0.7478834,0.75350547,0.7510566,0.75767505,0.73583347,0.75446165
TC-EMISSIONS-009,0.69779575,0.6882881,0.71077156,0.6771281,0.6925155,0.695575,0.7110837,0.6805272,0.7090481,0.6886748,0.68660116,0.6634457,0.68869895,0.6881574,0.69258386,0.6915411,0.69773847,0.69973564,0.69182557,0.6958834,0.69559646,0.7003545,0.694425,0.6819039,0.6804073,0.68830234,0.6986667,0.6892207,0.7121186,0.67815894,0.69311595,0.6848948,0.68419623,0.6856923,0.6845064,0.68238515,0.68681395,0.68292016,0.6808052,0.68783355,0.6838521,0.7052047,0.718789,0.7260911,0.72134435,0.738863,0.735168,0.74254364,0.68453884,0.6905336,0.690115,0.70269096,0.69259953,0.6738553,0.69021267,0.6986599,0.6842787,0.71109456,0.6918076,0.6879937,0.66585225,0.69112015,0.6911217,0.6958212,0.69270027,0.70052624,0.7038702,0.6952578,0.6991687,0.6986063,0.7045471,0.6961093,0.6878371,0.68579257,0.68959457,0.69926304,0.6906365,0.7122124,0.67835534,0.6947855,0.6863347,0.6854162,0.68673134,0.68602043,0.6842147,0.68793774,0.68473303,0.6830807,0.6888961,0.6854368,0.70465004,0.7194799,0.7250324,0.72098786,0.73820215,0.7343328,0.74112546,0.6874388,0.6928174,0.6926946,0.70406675,0.6957051,0.675789,0.6927133,0.7178942,0.69570756,0.6814058,0.7105832,0.69068146,0.6867002,0.6647173,0.6902154,0.6892736,0.6944362,0.6916312,0.69948465,0.7017206,0.6932863,0.69742334,0.69669074,0.70119464,0.69412386,0.68182456,0.6796391,0.6874828,0.69901,0.6895243,0.7118486,0.6791598,0.692688,0.68562543,0.68440306,0.6860604,0.6848354,0.6827761,0.6871456,0.6832949,0.68140656,0.6880983,0.68368113,0.70573866,0.71967566,0.727541,0.7218452,0.7397641,0.7352237,0.7435638,0.6846796,0.69148755,0.6905429,0.70305157,0.6929635,0.67349845,0.689819,0.71015143,0.68050504,0.70974267,0.6889978,0.6872658,0.66430235,0.68957484,0.6888519,0.69365925,0.68397284,0.6900392,0.6899936,0.7019076,0.6922485,0.673397,0.6890964,0.68061316,0.71014094,0.6901318,0.68742365,0.66378,0.6901945,0.689667,0.69386125,0.6994102,0.68880886,0.71279347,0.67627037,0.69197726,0.6851917,0.6915112,0.68853736,0.7020875,0.69294226,0.67350733,0.6901544
TC-EMISSIONS-010,0.7282616,0.72588325,0.7097404,0.71044207,0.6949084,0.7317275,0.7401211,0.7136038,0.74728715,0.7282852,0.72759545,0.70393723,0.72026926,0.7235471,0.7343066,0.7181034,0.7281465,0.7156148,0.7074732,0.7356627,0.7321938,0.71443594,0.7152486,0.7224484,0.7073246,0.71619326,0.729453,0.7267426,0.71160984,0.711982,0.69599915,0.70551765,0.70354295,0.70282716,0.7022902,0.7019142,0.70529777,0.7035647,0.70131534,0.7041321,0.7034532,0.7103059,0.7226935,0.7230356,0.72707033,0.73414385,0.73092633,0.73527855,0.71199054,0.7058013,0.7080117,0.7246838,0.71883017,0.70665824,0.7190353,0.7368878,0.7173242,0.7497492,0.73182046,0.72880524,0.7069468,0.7232372,0.7271738,0.7366243,0.7198,0.73187727,0.72046137,0.71140856,0.73946416,0.73565453,0.71876717,0.71766543,0.7299809,0.7137336,0.7202898,0.7326238,0.7303056,0.7150752,0.71462256,0.6994195,0.70733875,0.7064326,0.70589745,0.70567393,0.7052339,0.7080499,0.70662373,0.7047796,0.7074687,0.70645124,0.71252716,0.7247252,0.7244321,0.72938067,0.73643225,0.7329592,0.73514754,0.7166905,0.7104059,0.71282977,0.7290753,0.7245298,0.70991963,0.7242453,0.7492963,0.73176724,0.7142593,0.7488165,0.7301445,0.727673,0.70516,0.7220784,0.724672,0.7359988,0.71883947,0.73028636,0.71801114,0.7094445,0.73804903,0.73419285,0.71527064,0.71550274,0.72343326,0.7071256,0.716291,0.7306746,0.7279079,0.7119199,0.71349716,0.6959559,0.70645344,0.70388526,0.7034782,0.7026555,0.7022472,0.7056427,0.7038655,0.7017931,0.7045281,0.7032859,0.7108359,0.7240883,0.7252728,0.72794014,0.7353227,0.73129773,0.73608196,0.7128668,0.70783705,0.7088835,0.7253773,0.71954745,0.70654726,0.71847045,0.7400063,0.7134714,0.74789983,0.7289131,0.72798,0.70440435,0.7210794,0.72440135,0.735091,0.7108687,0.70463014,0.7076252,0.72332644,0.7177165,0.7055485,0.71735036,0.71418685,0.7492322,0.73013425,0.7289963,0.70496964,0.72242457,0.72572947,0.73612183,0.7310131,0.7280792,0.71314967,0.7110742,0.6951726,0.71371305,0.7083937,0.70780796,0.72573686,0.7207315,0.70784706,0.72047967
TC-EMISSIONS-011,0.7608347,0.7560102,0.7361082,0.74261945,0.7233152,0.7479125,0.76335144,0.73609483,0.7752255,0.74283063,0.7622235,0.7293179,0.7437203,0.74151206,0.763965,0.7237705,0.7056235,0.71118116,0.70622605,0.69951546,0.7029834,0.71418214,0.71045804,0.74522907,0.71878725,0.7492082,0.76222754,0.75698113,0.73825175,0.74396,0.72465724,0.74232286,0.7360152,0.73618186,0.73423254,0.73316354,0.7373122,0.73569906,0.7321402,0.7375965,0.7359231,0.73528224,0.7605966,0.74742734,0.74420094,0.7572211,0.7451268,0.7791575,0.72909975,0.7221601,0.73070955,0.7389978,0.73611647,0.7215166,0.7389177,0.75285673,0.739895,0.7777977,0.74614954,0.763902,0.73269534,0.74799955,0.744927,0.766974,0.72639096,0.70928574,0.71670485,0.7110013,0.7040247,0.7070414,0.7193248,0.7136381,0.7513848,0.723611,0.7527821,0.76398647,0.758953,0.7407624,0.74620324,0.72682345,0.7442315,0.7389112,0.7391249,0.7378207,0.73675454,0.7401859,0.73901564,0.7361337,0.74081624,0.739202,0.7362535,0.7614614,0.74814594,0.7450949,0.7582194,0.7459917,0.77883,0.73323214,0.725957,0.73456913,0.74233925,0.741156,0.7247209,0.7426521,0.7726695,0.74757254,0.73628956,0.7761847,0.74427485,0.7622644,0.73016524,0.7452694,0.74211454,0.7658083,0.7236808,0.70679057,0.7129471,0.7072064,0.70120364,0.7039131,0.71448183,0.71015406,0.74531245,0.71798253,0.7487073,0.76256007,0.7572912,0.73769766,0.7446456,0.7235496,0.74250484,0.7355059,0.73604697,0.73392755,0.7328721,0.7369619,0.7352992,0.7320261,0.7371769,0.73505235,0.73510385,0.76154697,0.74925965,0.74413395,0.75773466,0.7445561,0.7795082,0.7293183,0.7237271,0.73114,0.73921156,0.73646003,0.721073,0.7380466,0.76237214,0.7356828,0.7757894,0.7430335,0.76282585,0.72974193,0.74437606,0.7420702,0.7649203,0.7279499,0.7211938,0.7302271,0.7378393,0.73581403,0.7204653,0.73741,0.7354839,0.776149,0.7438264,0.76311255,0.7296034,0.7450519,0.7427764,0.76497304,0.76240444,0.7559687,0.73831666,0.7416085,0.7222899,0.72947216,0.7229803,0.7289572,0.738096,0.7366283,0.7209328,0.7387407
TC-EMISSIONS-012,0.7641123,0.76389253,0.74371266,0.74973243,0.7307564,0.75036985,0.7683135,0.7466146,0.78457105,0.7532952,0.7707679,0.74336123,0.75402254,0.75151795,0.7729845,0.729293,0.7134741,0.7308778,0.72460496,0.7011148,0.70436394,0.73293686,0.72586,0.7448696,0.7366601,0.75644606,0.76560885,0.7650546,0.7459434,0.751125,0.7322578,0.73636985,0.7337305,0.7338636,0.7312759,0.73096883,0.7345524,0.7327424,0.73000365,0.7352095,0.7330251,0.7481443,0.76977086,0.7505399,0.74675333,0.76252925,0.7489917,0.7808136,0.7442247,0.73363143,0.7460232,0.747687,0.74856126,0.72975975,0.75221515,0.7537414,0.74976563,0.78596556,0.7556389,0.7716851,0.7458776,0.757245,0.7545181,0.77521443,0.7309932,0.7154778,0.7342067,0.72742593,0.7039615,0.7068795,0.73657656,0.72752506,0.749586,0.7398964,0.7585098,0.76630837,0.7659862,0.7475828,0.7521211,0.73330134,0.73766994,0.73473567,0.7349496,0.73312664,0.73266447,0.7356345,0.73428,0.73199254,0.73654175,0.7345271,0.74816525,0.7703086,0.7503314,0.74704015,0.7625015,0.7491201,0.77982956,0.7475908,0.7366112,0.7486054,0.74981916,0.75247085,0.7321964,0.7549881,0.7761031,0.7498936,0.7465073,0.78518665,0.7545073,0.7704989,0.7439518,0.75544536,0.7517717,0.77447283,0.7291323,0.7146426,0.73260725,0.7256527,0.7027108,0.705289,0.73329836,0.7254924,0.7449552,0.7360275,0.7561251,0.76589286,0.7653267,0.745254,0.75172204,0.7310174,0.7366843,0.73329157,0.733922,0.7311527,0.7307962,0.7343431,0.73254967,0.7300364,0.73498,0.73237735,0.7482876,0.77082753,0.7522638,0.7466696,0.7629292,0.7484887,0.7811879,0.7446257,0.7351491,0.74644196,0.74792945,0.74901843,0.7292096,0.75162786,0.76690215,0.74619097,0.78493565,0.7534394,0.7710982,0.7437573,0.75462747,0.75207525,0.7736902,0.7428384,0.7322887,0.74528193,0.7463578,0.7479933,0.72849774,0.7505057,0.7457469,0.78470176,0.75404775,0.77099097,0.7431102,0.75503564,0.7523781,0.77356255,0.76466626,0.76307577,0.7451782,0.74788576,0.7293765,0.7440475,0.73377043,0.7429353,0.74568015,0.7483722,0.7282567,0.75123227
